Indicator,Unit,Transformation,Frequency,Area,Topic,Rows,Countries,Min_Year,Max_Year,Definition,Source,Updated,series_id
Bank Lending Rate,"rate, avg. of period",,Annual,06_Financial Markets,01_Interest Rates,651,26,1990,2025,The lending rate is the average interest rate charged by banks on credit extended to customers.,Banco Central de la República Argentina,2026-07-16,667dea49a5d0c883
Bank Lending Rate,"rate, end of period",,Annual,06_Financial Markets,01_Interest Rates,663,26,1990,2025,The lending rate is the average interest rate charged by banks on credit extended to customers.,Banco Central de la República Argentina,2026-07-16,13ec4ac3f35950c8
Bank Lending Rate,"real terms, avg. of period",,Annual,06_Financial Markets,01_Interest Rates,602,26,1991,2025,The lending rate is the average interest rate charged by banks on credit extended to customers.,Banco Central de la República Argentina,2026-07-16,e9cefcad02742745
Bank Lending Rate,"real terms, end of period",,Annual,06_Financial Markets,01_Interest Rates,604,26,1991,2025,The lending rate is the average interest rate charged by banks on credit extended to customers.,Banco Central de la República Argentina,2026-07-16,fc2e9cd8694bc201
Bank Reserves,"% of GDP, avg. of period",,Annual,05_Money and Banking,01_Money Aggregates,536,20,1990,2025,"Bank reserves are the deposits that commercial banks and other depository institutions hold at the central bank, together with vault cash in some definitions. They are used to meet reserve requirements and facilitate interbank payments, and they form part of the monetary base.",Banco Central de la República Argentina,2026-07-16,89d0b11d03c1ba05
Bank Reserves,"% of GDP, end of period",,Annual,05_Money and Banking,01_Money Aggregates,531,20,1990,2025,"Bank reserves are the deposits that commercial banks and other depository institutions hold at the central bank, together with vault cash in some definitions. They are used to meet reserve requirements and facilitate interbank payments, and they form part of the monetary base.",Banco Central de la República Argentina,2026-07-16,90588a4c97200006
Bank Reserves,"% of M2, avg. of period",,Annual,05_Money and Banking,01_Money Aggregates,550,19,1990,2025,"Bank reserves are the deposits that commercial banks and other depository institutions hold at the central bank, together with vault cash in some definitions. They are used to meet reserve requirements and facilitate interbank payments, and they form part of the monetary base.",Banco Central de la República Argentina,2026-07-16,9b828531fb358036
Bank Reserves,"% of M2, end of period",,Annual,05_Money and Banking,01_Money Aggregates,546,19,1990,2025,"Bank reserves are the deposits that commercial banks and other depository institutions hold at the central bank, together with vault cash in some definitions. They are used to meet reserve requirements and facilitate interbank payments, and they form part of the monetary base.",Banco Central de la República Argentina,2026-07-16,8b1e99c58d0377fa
Bank Reserves,"constant prices – CPI-deflated, avg. of period",,Annual,05_Money and Banking,01_Money Aggregates,545,20,1990,2025,"Bank reserves are the deposits that commercial banks and other depository institutions hold at the central bank, together with vault cash in some definitions. They are used to meet reserve requirements and facilitate interbank payments, and they form part of the monetary base.",Banco Central de la República Argentina,2026-07-16,ef731bcea5211177
Bank Reserves,"constant prices – CPI-deflated, end of period",,Annual,05_Money and Banking,01_Money Aggregates,523,20,1990,2025,"Bank reserves are the deposits that commercial banks and other depository institutions hold at the central bank, together with vault cash in some definitions. They are used to meet reserve requirements and facilitate interbank payments, and they form part of the monetary base.",Banco Central de la República Argentina,2026-07-16,64cce44fa0d211f3
Bank Reserves,"millions of USD, avg. of period",YoY %,Annual,05_Money and Banking,01_Money Aggregates,557,20,1991,2025,"Bank reserves are the deposits that commercial banks and other depository institutions hold at the central bank, together with vault cash in some definitions. They are used to meet reserve requirements and facilitate interbank payments, and they form part of the monetary base.",Banco Central de la República Argentina,2026-07-16,e5c8ff4ce79961b0
Bank Reserves,"millions of USD, avg. of period",,Annual,05_Money and Banking,01_Money Aggregates,580,20,1990,2025,"Bank reserves are the deposits that commercial banks and other depository institutions hold at the central bank, together with vault cash in some definitions. They are used to meet reserve requirements and facilitate interbank payments, and they form part of the monetary base.",Banco Central de la República Argentina,2026-07-16,74a5416ec314e08c
Bank Reserves,"millions of USD, end of period",YoY %,Annual,05_Money and Banking,01_Money Aggregates,560,20,1991,2025,"Bank reserves are the deposits that commercial banks and other depository institutions hold at the central bank, together with vault cash in some definitions. They are used to meet reserve requirements and facilitate interbank payments, and they form part of the monetary base.",Banco Central de la República Argentina,2026-07-16,b77e670d5289c8f1
Bank Reserves,"millions of USD, end of period",,Annual,05_Money and Banking,01_Money Aggregates,577,20,1990,2025,"Bank reserves are the deposits that commercial banks and other depository institutions hold at the central bank, together with vault cash in some definitions. They are used to meet reserve requirements and facilitate interbank payments, and they form part of the monetary base.",Banco Central de la República Argentina,2026-07-16,2698ec4528dd7526
Bank Reserves,"millions of domestic currency, avg. of period",YoY %,Annual,05_Money and Banking,01_Money Aggregates,560,20,1991,2025,"Bank reserves are the deposits that commercial banks and other depository institutions hold at the central bank, together with vault cash in some definitions. They are used to meet reserve requirements and facilitate interbank payments, and they form part of the monetary base.",Banco Central de la República Argentina,2026-07-16,ab83ee2a336d4fdc
Bank Reserves,"millions of domestic currency, avg. of period",,Annual,05_Money and Banking,01_Money Aggregates,583,20,1990,2025,"Bank reserves are the deposits that commercial banks and other depository institutions hold at the central bank, together with vault cash in some definitions. They are used to meet reserve requirements and facilitate interbank payments, and they form part of the monetary base.",Banco Central de la República Argentina,2026-07-16,daf0eda8ac065f68
Bank Reserves,"millions of domestic currency, end of period",YoY %,Annual,05_Money and Banking,01_Money Aggregates,562,20,1991,2025,"Bank reserves are the deposits that commercial banks and other depository institutions hold at the central bank, together with vault cash in some definitions. They are used to meet reserve requirements and facilitate interbank payments, and they form part of the monetary base.",Banco Central de la República Argentina,2026-07-16,4467b314b3100e9d
Bank Reserves,"millions of domestic currency, end of period",,Annual,05_Money and Banking,01_Money Aggregates,579,20,1990,2025,"Bank reserves are the deposits that commercial banks and other depository institutions hold at the central bank, together with vault cash in some definitions. They are used to meet reserve requirements and facilitate interbank payments, and they form part of the monetary base.",Banco Central de la República Argentina,2026-07-16,d30c4000061044a8
Bank Savings Rate,"rate, avg. of period",,Annual,06_Financial Markets,01_Interest Rates,711,26,1990,2025,The deposit rate is the average interest rate paid by banks on deposits placed by customers.,Banco Central de la República Argentina,2026-07-16,fe1fa2eff750523c
Bank Savings Rate,"rate, end of period",,Annual,06_Financial Markets,01_Interest Rates,733,26,1990,2025,The deposit rate is the average interest rate paid by banks on deposits placed by customers.,Banco Central de la República Argentina,2026-07-16,71d0576150a9c4ef
Bank Savings Rate,"real terms, avg. of period",,Annual,06_Financial Markets,01_Interest Rates,655,26,1991,2025,The deposit rate is the average interest rate paid by banks on deposits placed by customers.,Banco Central de la República Argentina,2026-07-16,61f93db644895c2f
Bank Savings Rate,"real terms, end of period",,Annual,06_Financial Markets,01_Interest Rates,660,26,1991,2025,The deposit rate is the average interest rate paid by banks on deposits placed by customers.,Banco Central de la República Argentina,2026-07-16,5f01f6afa65e2117
Broad Money (M3),"% of GDP, avg. of period",,Annual,05_Money and Banking,01_Money Aggregates,602,22,1990,2025,"Broad money (M3) is the widest measure of the money supply. It includes M2 plus other liquid assets such as large time deposits, money market instruments and other financial instruments close to money. M3 captures the overall liquidity available in the economy.",Banco Central de la República Argentina,2026-07-16,8b3411c52a45a1a6
Broad Money (M3),"% of GDP, end of period",,Annual,05_Money and Banking,01_Money Aggregates,605,22,1990,2025,"Broad money (M3) is the widest measure of the money supply. It includes M2 plus other liquid assets such as large time deposits, money market instruments and other financial instruments close to money. M3 captures the overall liquidity available in the economy.",Banco Central de la República Argentina,2026-07-16,5d9378f02f7b5980
Broad Money (M3),"% of M2, avg. of period",,Annual,05_Money and Banking,01_Money Aggregates,637,21,1990,2025,"Broad money (M3) is the widest measure of the money supply. It includes M2 plus other liquid assets such as large time deposits, money market instruments and other financial instruments close to money. M3 captures the overall liquidity available in the economy.",Banco Central de la República Argentina,2026-07-16,ea1790be3f2c83dc
Broad Money (M3),"% of M2, end of period",,Annual,05_Money and Banking,01_Money Aggregates,641,21,1990,2025,"Broad money (M3) is the widest measure of the money supply. It includes M2 plus other liquid assets such as large time deposits, money market instruments and other financial instruments close to money. M3 captures the overall liquidity available in the economy.",Banco Central de la República Argentina,2026-07-16,2c32fece8f5bc896
Broad Money (M3),"constant prices – CPI-deflated, avg. of period",,Annual,05_Money and Banking,01_Money Aggregates,640,23,1990,2025,"Broad money (M3) is the widest measure of the money supply. It includes M2 plus other liquid assets such as large time deposits, money market instruments and other financial instruments close to money. M3 captures the overall liquidity available in the economy.",Banco Central de la República Argentina,2026-07-16,f7c9cca871df78ff
Broad Money (M3),"constant prices – CPI-deflated, end of period",,Annual,05_Money and Banking,01_Money Aggregates,653,23,1990,2025,"Broad money (M3) is the widest measure of the money supply. It includes M2 plus other liquid assets such as large time deposits, money market instruments and other financial instruments close to money. M3 captures the overall liquidity available in the economy.",Banco Central de la República Argentina,2026-07-16,3f74dd9dad9f4737
Broad Money (M3),"millions of USD, avg. of period",YoY %,Annual,05_Money and Banking,01_Money Aggregates,627,22,1991,2025,"Broad money (M3) is the widest measure of the money supply. It includes M2 plus other liquid assets such as large time deposits, money market instruments and other financial instruments close to money. M3 captures the overall liquidity available in the economy.",Banco Central de la República Argentina,2026-07-16,030c75e9d3893ddd
Broad Money (M3),"millions of USD, avg. of period",,Annual,05_Money and Banking,01_Money Aggregates,649,22,1990,2025,"Broad money (M3) is the widest measure of the money supply. It includes M2 plus other liquid assets such as large time deposits, money market instruments and other financial instruments close to money. M3 captures the overall liquidity available in the economy.",Banco Central de la República Argentina,2026-07-16,169c0cbf4e98d803
Broad Money (M3),"millions of USD, end of period",YoY %,Annual,05_Money and Banking,01_Money Aggregates,631,22,1991,2025,"Broad money (M3) is the widest measure of the money supply. It includes M2 plus other liquid assets such as large time deposits, money market instruments and other financial instruments close to money. M3 captures the overall liquidity available in the economy.",Banco Central de la República Argentina,2026-07-16,b6319345e29cdd76
Broad Money (M3),"millions of USD, end of period",,Annual,05_Money and Banking,01_Money Aggregates,653,22,1990,2025,"Broad money (M3) is the widest measure of the money supply. It includes M2 plus other liquid assets such as large time deposits, money market instruments and other financial instruments close to money. M3 captures the overall liquidity available in the economy.",Banco Central de la República Argentina,2026-07-16,797c347b72099f5e
Broad Money (M3),"millions of domestic currency, avg. of period",YoY %,Annual,05_Money and Banking,01_Money Aggregates,657,23,1991,2025,"Broad money (M3) is the widest measure of the money supply. It includes M2 plus other liquid assets such as large time deposits, money market instruments and other financial instruments close to money. M3 captures the overall liquidity available in the economy.",Banco Central de la República Argentina,2026-07-16,13afab5625f1cb37
Broad Money (M3),"millions of domestic currency, avg. of period",,Annual,05_Money and Banking,01_Money Aggregates,680,23,1990,2025,"Broad money (M3) is the widest measure of the money supply. It includes M2 plus other liquid assets such as large time deposits, money market instruments and other financial instruments close to money. M3 captures the overall liquidity available in the economy.",Banco Central de la República Argentina,2026-07-16,cd84bdc56d1516b4
Broad Money (M3),"millions of domestic currency, end of period",YoY %,Annual,05_Money and Banking,01_Money Aggregates,662,23,1991,2025,"Broad money (M3) is the widest measure of the money supply. It includes M2 plus other liquid assets such as large time deposits, money market instruments and other financial instruments close to money. M3 captures the overall liquidity available in the economy.",Banco Central de la República Argentina,2026-07-16,1552b325ab3c2103
Broad Money (M3),"millions of domestic currency, end of period",,Annual,05_Money and Banking,01_Money Aggregates,685,23,1990,2025,"Broad money (M3) is the widest measure of the money supply. It includes M2 plus other liquid assets such as large time deposits, money market instruments and other financial instruments close to money. M3 captures the overall liquidity available in the economy.",Banco Central de la República Argentina,2026-07-16,4516e4e7fa00061c
Capital Account Balance,% of GDP,,Annual,04_External Accounts,01_Balance of Payments,410,21,1990,2025,"Capital Account Balance is the component of the balance of payments that records net capital transfers and the acquisition or disposal of non-produced, non-financial assets, such as natural resource rights, contracts, leases and licenses. A surplus indicates net capital inflows while a deficit reflects net outflows.",INDEC - Argentina,2026-07-16,f4c6e424860d9491
Capital Account Balance,millions of USD,,Annual,04_External Accounts,01_Balance of Payments,459,22,1990,2025,"Capital Account Balance is the component of the balance of payments that records net capital transfers and the acquisition or disposal of non-produced, non-financial assets, such as natural resource rights, contracts, leases and licenses. A surplus indicates net capital inflows while a deficit reflects net outflows.",INDEC - Argentina,2026-07-16,50ca4816ce647d79
Capital Fiscal Expenditures,% of GDP,,Annual,03_Fiscal Accounts and Public Debt,01_Central Government,120,7,1990,2024,"Capital Fiscal Expenditures (Central Government) are the expenses of the central government on investment and capital formation. They include spending on infrastructure, construction, equipment, and other assets that increase the productive capacity of the economy.",Barbados Statistical Service,2026-07-16,7f78857ae6bb59e6
Capital Fiscal Expenditures,% of GDP,,Annual,03_Fiscal Accounts and Public Debt,02_General Government,34,2,2008,2025,"Capital Fiscal Expenditures (General Government) are the expenses of the general government on investment and capital formation. They include spending on infrastructure, construction, equipment, and other assets that increase the productive capacity of the economy.",Tesouro Nacional do Brasil,2026-07-16,ce6a7bf8f4def588
Capital Fiscal Expenditures,% of GDP,,Annual,03_Fiscal Accounts and Public Debt,03_Non Financial Public Sector,167,7,1993,2025,"Capital Fiscal Expenditures (Non-Financial Public Sector) are the expenses of the non-financial public sector on investment and capital formation. They include spending on infrastructure, construction, equipment, and other assets that increase the productive capacity of the economy.",Ministerio de Economía de Argentina,2026-07-16,9990ee990c98cf07
Capital Fiscal Expenditures,constant prices – CPI-deflated,,Annual,03_Fiscal Accounts and Public Debt,01_Central Government,129,7,1991,2025,"Capital Fiscal Expenditures (Central Government) are the expenses of the central government on investment and capital formation. They include spending on infrastructure, construction, equipment, and other assets that increase the productive capacity of the economy.",Barbados Statistical Service,2026-07-16,9242a22a0f9cddcd
Capital Fiscal Expenditures,constant prices – CPI-deflated,,Annual,03_Fiscal Accounts and Public Debt,02_General Government,34,2,2008,2025,"Capital Fiscal Expenditures (General Government) are the expenses of the general government on investment and capital formation. They include spending on infrastructure, construction, equipment, and other assets that increase the productive capacity of the economy.",Tesouro Nacional do Brasil,2026-07-16,65e65c573000d999
Capital Fiscal Expenditures,constant prices – CPI-deflated,,Annual,03_Fiscal Accounts and Public Debt,03_Non Financial Public Sector,170,7,1990,2025,"Capital Fiscal Expenditures (Non-Financial Public Sector) are the expenses of the non-financial public sector on investment and capital formation. They include spending on infrastructure, construction, equipment, and other assets that increase the productive capacity of the economy.",Ministerio de Economía de Argentina,2026-07-16,f5203f208ec7cc5d
Capital Fiscal Expenditures,fiscal year (Q4–Q3 aggregation),,Annual,03_Fiscal Accounts and Public Debt,01_Central Government,125,6,1991,2025,"Capital Fiscal Expenditures (Central Government) are the expenses of the central government on investment and capital formation. They include spending on infrastructure, construction, equipment, and other assets that increase the productive capacity of the economy.",Barbados Statistical Service,2026-07-16,90f6d7c537430593
Capital Fiscal Expenditures,fiscal year (Q4–Q3 aggregation),,Annual,03_Fiscal Accounts and Public Debt,02_General Government,45,2,1996,2025,"Capital Fiscal Expenditures (General Government) are the expenses of the general government on investment and capital formation. They include spending on infrastructure, construction, equipment, and other assets that increase the productive capacity of the economy.",Tesouro Nacional do Brasil,2026-07-16,1d88bf9ae56962e3
Capital Fiscal Expenditures,fiscal year (Q4–Q3 aggregation),,Annual,03_Fiscal Accounts and Public Debt,03_Non Financial Public Sector,133,6,1991,2025,"Capital Fiscal Expenditures (Non-Financial Public Sector) are the expenses of the non-financial public sector on investment and capital formation. They include spending on infrastructure, construction, equipment, and other assets that increase the productive capacity of the economy.",Ministerio de Economía de Argentina,2026-07-16,08987ac1392c331b
Capital Fiscal Expenditures,millions of USD,YoY %,Annual,03_Fiscal Accounts and Public Debt,01_Central Government,136,7,1991,2025,"Capital Fiscal Expenditures (Central Government) are the expenses of the central government on investment and capital formation. They include spending on infrastructure, construction, equipment, and other assets that increase the productive capacity of the economy.",Barbados Statistical Service,2026-07-16,2769d854cd75ab51
Capital Fiscal Expenditures,millions of USD,YoY %,Annual,03_Fiscal Accounts and Public Debt,02_General Government,32,2,2009,2025,"Capital Fiscal Expenditures (General Government) are the expenses of the general government on investment and capital formation. They include spending on infrastructure, construction, equipment, and other assets that increase the productive capacity of the economy.",Tesouro Nacional do Brasil,2026-07-16,3abd4fd47a62e076
Capital Fiscal Expenditures,millions of USD,YoY %,Annual,03_Fiscal Accounts and Public Debt,03_Non Financial Public Sector,163,7,1991,2025,"Capital Fiscal Expenditures (Non-Financial Public Sector) are the expenses of the non-financial public sector on investment and capital formation. They include spending on infrastructure, construction, equipment, and other assets that increase the productive capacity of the economy.",Ministerio de Economía de Argentina,2026-07-16,12487469736b8fea
Capital Fiscal Expenditures,millions of USD,,Annual,03_Fiscal Accounts and Public Debt,01_Central Government,140,7,1990,2025,"Capital Fiscal Expenditures (Central Government) are the expenses of the central government on investment and capital formation. They include spending on infrastructure, construction, equipment, and other assets that increase the productive capacity of the economy.",Barbados Statistical Service,2026-07-16,21a2ced0dc0cc996
Capital Fiscal Expenditures,millions of USD,,Annual,03_Fiscal Accounts and Public Debt,02_General Government,34,2,2008,2025,"Capital Fiscal Expenditures (General Government) are the expenses of the general government on investment and capital formation. They include spending on infrastructure, construction, equipment, and other assets that increase the productive capacity of the economy.",Tesouro Nacional do Brasil,2026-07-16,9f71ccdbba93839b
Capital Fiscal Expenditures,millions of USD,,Annual,03_Fiscal Accounts and Public Debt,03_Non Financial Public Sector,170,7,1990,2025,"Capital Fiscal Expenditures (Non-Financial Public Sector) are the expenses of the non-financial public sector on investment and capital formation. They include spending on infrastructure, construction, equipment, and other assets that increase the productive capacity of the economy.",Ministerio de Economía de Argentina,2026-07-16,00d36357c32bec8f
Capital Fiscal Expenditures,millions of domestic currency,YoY %,Annual,03_Fiscal Accounts and Public Debt,01_Central Government,137,7,1991,2025,"Capital Fiscal Expenditures (Central Government) are the expenses of the central government on investment and capital formation. They include spending on infrastructure, construction, equipment, and other assets that increase the productive capacity of the economy.",Barbados Statistical Service,2026-07-16,419fde91b3814a5b
Capital Fiscal Expenditures,millions of domestic currency,YoY %,Annual,03_Fiscal Accounts and Public Debt,02_General Government,32,2,2009,2025,"Capital Fiscal Expenditures (General Government) are the expenses of the general government on investment and capital formation. They include spending on infrastructure, construction, equipment, and other assets that increase the productive capacity of the economy.",Tesouro Nacional do Brasil,2026-07-16,49975e00764dafb4
Capital Fiscal Expenditures,millions of domestic currency,YoY %,Annual,03_Fiscal Accounts and Public Debt,03_Non Financial Public Sector,163,7,1991,2025,"Capital Fiscal Expenditures (Non-Financial Public Sector) are the expenses of the non-financial public sector on investment and capital formation. They include spending on infrastructure, construction, equipment, and other assets that increase the productive capacity of the economy.",Ministerio de Economía de Argentina,2026-07-16,5a95c925853885c9
Capital Fiscal Expenditures,millions of domestic currency,,Annual,03_Fiscal Accounts and Public Debt,01_Central Government,141,7,1990,2025,"Capital Fiscal Expenditures (Central Government) are the expenses of the central government on investment and capital formation. They include spending on infrastructure, construction, equipment, and other assets that increase the productive capacity of the economy.",Barbados Statistical Service,2026-07-16,c57062d127ea5200
Capital Fiscal Expenditures,millions of domestic currency,,Annual,03_Fiscal Accounts and Public Debt,02_General Government,34,2,2008,2025,"Capital Fiscal Expenditures (General Government) are the expenses of the general government on investment and capital formation. They include spending on infrastructure, construction, equipment, and other assets that increase the productive capacity of the economy.",Tesouro Nacional do Brasil,2026-07-16,c791419a8bf23191
Capital Fiscal Expenditures,millions of domestic currency,,Annual,03_Fiscal Accounts and Public Debt,03_Non Financial Public Sector,170,7,1990,2025,"Capital Fiscal Expenditures (Non-Financial Public Sector) are the expenses of the non-financial public sector on investment and capital formation. They include spending on infrastructure, construction, equipment, and other assets that increase the productive capacity of the economy.",Ministerio de Economía de Argentina,2026-07-16,6117d9aa4c2f129c
Capital and Financial Account Balance,% of GDP,,Annual,04_External Accounts,01_Balance of Payments,442,22,1994,2025,"Capital and Financial Account Balance is a component of the balance of payments that records net flows of capital and financial assets between a country and the rest of the world. It includes foreign direct investment, portfolio investment, loans and reserve assets. A surplus indicates net capital inflows while a deficit reflects net outflows.",INDEC - Argentina,2026-07-16,acdea10cc1ebd542
Capital and Financial Account Balance,millions of USD,,Annual,04_External Accounts,01_Balance of Payments,495,23,1991,2025,"Capital and Financial Account Balance is a component of the balance of payments that records net flows of capital and financial assets between a country and the rest of the world. It includes foreign direct investment, portfolio investment, loans and reserve assets. A surplus indicates net capital inflows while a deficit reflects net outflows.",INDEC - Argentina,2026-07-16,eb7c913b93954314
Change in the Value of Inventories,% of GDP,,Annual,01_Economic Activity and Employment,01_National Accounts,548,19,1990,2025,"Change in the value of inventories is the difference between additions to and withdrawals from inventories of goods held by producers during a given period, measured at current prices.",INDEC - Argentina,2026-07-16,93f68a7ef15d8b9a
Change in the Value of Inventories,constant prices – national accounts deflator,,Annual,01_Economic Activity and Employment,01_National Accounts,303,11,1990,2025,"Change in the value of inventories is the difference between additions to and withdrawals from inventories of goods held by producers during a given period, measured at current prices.",INDEC - Argentina,2026-07-16,960e571e4fcd8021
Change in the Value of Inventories,millions of USD,,Annual,01_Economic Activity and Employment,01_National Accounts,543,19,1990,2025,"Change in the value of inventories is the difference between additions to and withdrawals from inventories of goods held by producers during a given period, measured at current prices.",INDEC - Argentina,2026-07-16,baea32051b899084
Change in the Value of Inventories,millions of domestic currency,,Annual,01_Economic Activity and Employment,01_National Accounts,548,19,1990,2025,"Change in the value of inventories is the difference between additions to and withdrawals from inventories of goods held by producers during a given period, measured at current prices.",INDEC - Argentina,2026-07-16,e0c086fb483105a2
Commodity Price Index,"index (2023 = 100), avg. of period",YoY %,Annual,02_Prices and Wages,04_Trade Prices,90,3,1991,2025,"The commodity price index is a statistical measure that tracks changes in the prices of a selected basket of primary commodities over time, usually expressed with a fixed base year. Its composition varies across countries and institutions.",Banco Central de la República Argentina,2026-07-16,bb81a84b134f3e7c
Commodity Price Index,"index (2023 = 100), avg. of period",,Annual,02_Prices and Wages,04_Trade Prices,93,3,1990,2025,"The commodity price index is a statistical measure that tracks changes in the prices of a selected basket of primary commodities over time, usually expressed with a fixed base year. Its composition varies across countries and institutions.",Banco Central de la República Argentina,2026-07-16,2d8ddd167f45ede8
Commodity Price Index,"index (2023 = 100), end of period",YoY %,Annual,02_Prices and Wages,04_Trade Prices,90,3,1991,2025,"The commodity price index is a statistical measure that tracks changes in the prices of a selected basket of primary commodities over time, usually expressed with a fixed base year. Its composition varies across countries and institutions.",Banco Central de la República Argentina,2026-07-16,0c5d17effae49c11
Commodity Price Index,"index (2023 = 100), end of period",,Annual,02_Prices and Wages,04_Trade Prices,93,3,1990,2025,"The commodity price index is a statistical measure that tracks changes in the prices of a selected basket of primary commodities over time, usually expressed with a fixed base year. Its composition varies across countries and institutions.",Banco Central de la República Argentina,2026-07-16,7873e6f009a3c47c
Commodity Price Index,"index, avg. of period",YoY %,Annual,02_Prices and Wages,04_Trade Prices,90,3,1991,2025,"The commodity price index is a statistical measure that tracks changes in the prices of a selected basket of primary commodities over time, usually expressed with a fixed base year. Its composition varies across countries and institutions.",Banco Central de la República Argentina,2026-07-16,c4876d57097161a8
Commodity Price Index,"index, avg. of period",,Annual,02_Prices and Wages,04_Trade Prices,93,3,1990,2025,"The commodity price index is a statistical measure that tracks changes in the prices of a selected basket of primary commodities over time, usually expressed with a fixed base year. Its composition varies across countries and institutions.",Banco Central de la República Argentina,2026-07-16,aa4c73d28d8ad332
Commodity Price Index,"index, end of period",YoY %,Annual,02_Prices and Wages,04_Trade Prices,90,3,1991,2025,"The commodity price index is a statistical measure that tracks changes in the prices of a selected basket of primary commodities over time, usually expressed with a fixed base year. Its composition varies across countries and institutions.",Banco Central de la República Argentina,2026-07-16,b0e9935197491c52
Commodity Price Index,"index, end of period",,Annual,02_Prices and Wages,04_Trade Prices,93,3,1990,2025,"The commodity price index is a statistical measure that tracks changes in the prices of a selected basket of primary commodities over time, usually expressed with a fixed base year. Its composition varies across countries and institutions.",Banco Central de la República Argentina,2026-07-16,9c9b9b964e4df346
Construction Activity Index,"index (2023 = 100), avg. of period",YoY %,Annual,01_Economic Activity and Employment,02_Other Indicators of Economic Activity,35,1,1991,2025,"The Construction Activity Index is a statistical measure of the level of construction activity within an economy, usually based on indicators such as construction output, inputs used or permits issued. It is expressed as an index, often with a fixed base year, and its methodology varies across countries.",Instituto Nacional de Estadística e Informática de Perú,2026-07-16,5de8bdf6c64a04e1
Construction Activity Index,"index (2023 = 100), avg. of period",,Annual,01_Economic Activity and Employment,02_Other Indicators of Economic Activity,36,1,1990,2025,"The Construction Activity Index is a statistical measure of the level of construction activity within an economy, usually based on indicators such as construction output, inputs used or permits issued. It is expressed as an index, often with a fixed base year, and its methodology varies across countries.",Instituto Nacional de Estadística e Informática de Perú,2026-07-16,3d905cfa4f1352d6
Construction Activity Index,"index (2023 = 100), end of period",YoY %,Annual,01_Economic Activity and Employment,02_Other Indicators of Economic Activity,35,1,1991,2025,"The Construction Activity Index is a statistical measure of the level of construction activity within an economy, usually based on indicators such as construction output, inputs used or permits issued. It is expressed as an index, often with a fixed base year, and its methodology varies across countries.",Instituto Nacional de Estadística e Informática de Perú,2026-07-16,7eb77eef24988d4f
Construction Activity Index,"index (2023 = 100), end of period",,Annual,01_Economic Activity and Employment,02_Other Indicators of Economic Activity,36,1,1990,2025,"The Construction Activity Index is a statistical measure of the level of construction activity within an economy, usually based on indicators such as construction output, inputs used or permits issued. It is expressed as an index, often with a fixed base year, and its methodology varies across countries.",Instituto Nacional de Estadística e Informática de Perú,2026-07-16,1109d4503e2eae89
Construction Activity Index,"index, avg. of period",YoY %,Annual,01_Economic Activity and Employment,02_Other Indicators of Economic Activity,35,1,1991,2025,"The Construction Activity Index is a statistical measure of the level of construction activity within an economy, usually based on indicators such as construction output, inputs used or permits issued. It is expressed as an index, often with a fixed base year, and its methodology varies across countries.",Instituto Nacional de Estadística e Informática de Perú,2026-07-16,4263ae54fa412c13
Construction Activity Index,"index, avg. of period",,Annual,01_Economic Activity and Employment,02_Other Indicators of Economic Activity,36,1,1990,2025,"The Construction Activity Index is a statistical measure of the level of construction activity within an economy, usually based on indicators such as construction output, inputs used or permits issued. It is expressed as an index, often with a fixed base year, and its methodology varies across countries.",Instituto Nacional de Estadística e Informática de Perú,2026-07-16,5090dec75a1f1139
Construction Activity Index,"index, end of period",YoY %,Annual,01_Economic Activity and Employment,02_Other Indicators of Economic Activity,35,1,1991,2025,"The Construction Activity Index is a statistical measure of the level of construction activity within an economy, usually based on indicators such as construction output, inputs used or permits issued. It is expressed as an index, often with a fixed base year, and its methodology varies across countries.",Instituto Nacional de Estadística e Informática de Perú,2026-07-16,cfe0b293d79acffb
Construction Activity Index,"index, end of period",,Annual,01_Economic Activity and Employment,02_Other Indicators of Economic Activity,36,1,1990,2025,"The Construction Activity Index is a statistical measure of the level of construction activity within an economy, usually based on indicators such as construction output, inputs used or permits issued. It is expressed as an index, often with a fixed base year, and its methodology varies across countries.",Instituto Nacional de Estadística e Informática de Perú,2026-07-16,41334c653db91e7a
Construction Cost Index (CCI),"index (2023 = 100), avg. of period",YoY %,Annual,02_Prices and Wages,01_Prices,110,5,1991,2025,"The Construction Cost Index (CCI) measures the change in the cost of inputs used in the construction sector, such as materials, labor and equipment. Its composition and methodology vary across countries.",INDEC - Argentina,2026-08-03,057fd392a0813671
Construction Cost Index (CCI),"index (2023 = 100), avg. of period",,Annual,02_Prices and Wages,01_Prices,115,5,1990,2025,"The Construction Cost Index (CCI) measures the change in the cost of inputs used in the construction sector, such as materials, labor and equipment. Its composition and methodology vary across countries.",INDEC - Argentina,2026-08-03,b5596baa4f60683a
Construction Cost Index (CCI),"index (2023 = 100), end of period",YoY %,Annual,02_Prices and Wages,01_Prices,112,5,1991,2025,"The Construction Cost Index (CCI) measures the change in the cost of inputs used in the construction sector, such as materials, labor and equipment. Its composition and methodology vary across countries.",INDEC - Argentina,2026-08-03,61900be0039b60c0
Construction Cost Index (CCI),"index (2023 = 100), end of period",,Annual,02_Prices and Wages,01_Prices,117,5,1990,2025,"The Construction Cost Index (CCI) measures the change in the cost of inputs used in the construction sector, such as materials, labor and equipment. Its composition and methodology vary across countries.",INDEC - Argentina,2026-08-03,accd0292f3603481
Construction Cost Index (CCI),"index, avg. of period",YoY %,Annual,02_Prices and Wages,01_Prices,110,5,1991,2025,"The Construction Cost Index (CCI) measures the change in the cost of inputs used in the construction sector, such as materials, labor and equipment. Its composition and methodology vary across countries.",INDEC - Argentina,2026-08-03,b87283a22338a287
Construction Cost Index (CCI),"index, avg. of period",,Annual,02_Prices and Wages,01_Prices,115,5,1990,2025,"The Construction Cost Index (CCI) measures the change in the cost of inputs used in the construction sector, such as materials, labor and equipment. Its composition and methodology vary across countries.",INDEC - Argentina,2026-08-03,8aeb515e6376df31
Construction Cost Index (CCI),"index, end of period",YoY %,Annual,02_Prices and Wages,01_Prices,112,5,1991,2025,"The Construction Cost Index (CCI) measures the change in the cost of inputs used in the construction sector, such as materials, labor and equipment. Its composition and methodology vary across countries.",INDEC - Argentina,2026-08-03,c8da2d27b8051d01
Construction Cost Index (CCI),"index, end of period",,Annual,02_Prices and Wages,01_Prices,117,5,1990,2025,"The Construction Cost Index (CCI) measures the change in the cost of inputs used in the construction sector, such as materials, labor and equipment. Its composition and methodology vary across countries.",INDEC - Argentina,2026-08-03,6e08948200bb84e1
Consumer Price Index (CPI),"index (2023 = 100), avg. of period",YoY %,Annual,02_Prices and Wages,01_Prices,771,25,1991,2026,"The Consumer Price Index (CPI) measures changes in the overall price level of a fixed basket of goods and services typically purchased by households, such as food, housing, transportation and healthcare. It is widely used as an indicator of inflation and cost of living. The exact composition of the basket and methodology may vary across countries.",INDEC - Argentina,2026-07-16,81eccf886ca02492
Consumer Price Index (CPI),"index (2023 = 100), avg. of period",,Annual,02_Prices and Wages,01_Prices,796,25,1990,2026,"The Consumer Price Index (CPI) measures changes in the overall price level of a fixed basket of goods and services typically purchased by households, such as food, housing, transportation and healthcare. It is widely used as an indicator of inflation and cost of living. The exact composition of the basket and methodology may vary across countries.",INDEC - Argentina,2026-07-16,1437ee0d71d20c8b
Consumer Price Index (CPI),"index (2023 = 100), end of period",YoY %,Annual,02_Prices and Wages,01_Prices,763,25,1991,2026,"The Consumer Price Index (CPI) measures changes in the overall price level of a fixed basket of goods and services typically purchased by households, such as food, housing, transportation and healthcare. It is widely used as an indicator of inflation and cost of living. The exact composition of the basket and methodology may vary across countries.",INDEC - Argentina,2026-07-16,5f8e73900a1df0b0
Consumer Price Index (CPI),"index (2023 = 100), end of period",,Annual,02_Prices and Wages,01_Prices,787,25,1990,2025,"The Consumer Price Index (CPI) measures changes in the overall price level of a fixed basket of goods and services typically purchased by households, such as food, housing, transportation and healthcare. It is widely used as an indicator of inflation and cost of living. The exact composition of the basket and methodology may vary across countries.",INDEC - Argentina,2026-07-16,aea7da37d4ac192c
Consumer Price Index (CPI),"index, avg. of period",YoY %,Annual,02_Prices and Wages,01_Prices,800,26,1991,2026,"The Consumer Price Index (CPI) measures changes in the overall price level of a fixed basket of goods and services typically purchased by households, such as food, housing, transportation and healthcare. It is widely used as an indicator of inflation and cost of living. The exact composition of the basket and methodology may vary across countries.",INDEC - Argentina,2026-07-16,e7dffe29577f11dd
Consumer Price Index (CPI),"index, avg. of period",,Annual,02_Prices and Wages,01_Prices,826,26,1990,2026,"The Consumer Price Index (CPI) measures changes in the overall price level of a fixed basket of goods and services typically purchased by households, such as food, housing, transportation and healthcare. It is widely used as an indicator of inflation and cost of living. The exact composition of the basket and methodology may vary across countries.",INDEC - Argentina,2026-07-16,edb4ada161d3481c
Consumer Price Index (CPI),"index, end of period",YoY %,Annual,02_Prices and Wages,01_Prices,792,26,1991,2026,"The Consumer Price Index (CPI) measures changes in the overall price level of a fixed basket of goods and services typically purchased by households, such as food, housing, transportation and healthcare. It is widely used as an indicator of inflation and cost of living. The exact composition of the basket and methodology may vary across countries.",INDEC - Argentina,2026-07-16,b3ce6237c4b2c517
Consumer Price Index (CPI),"index, end of period",,Annual,02_Prices and Wages,01_Prices,817,26,1990,2025,"The Consumer Price Index (CPI) measures changes in the overall price level of a fixed basket of goods and services typically purchased by households, such as food, housing, transportation and healthcare. It is widely used as an indicator of inflation and cost of living. The exact composition of the basket and methodology may vary across countries.",INDEC - Argentina,2026-07-16,45481d4e2f344f9b
Consumption,% of GDP,,Annual,01_Economic Activity and Employment,01_National Accounts,647,23,1990,2025,"Consumption refers to the total final consumption expenditure within an economy, comprising both private consumption by households and public consumption by government. It excludes the acquisition of dwellings and investment goods.",INDEC - Argentina,2026-07-16,3a674dc1c4c72b9d
Consumption,PPP adjusted,YoY %,Annual,01_Economic Activity and Employment,01_National Accounts,622,23,1991,2024,"Consumption refers to the total final consumption expenditure within an economy, comprising both private consumption by households and public consumption by government. It excludes the acquisition of dwellings and investment goods.",INDEC - Argentina,2026-07-16,7ee423a01364449a
Consumption,PPP adjusted,,Annual,01_Economic Activity and Employment,01_National Accounts,631,23,1990,2024,"Consumption refers to the total final consumption expenditure within an economy, comprising both private consumption by households and public consumption by government. It excludes the acquisition of dwellings and investment goods.",INDEC - Argentina,2026-07-16,16c9e6bec02dae3d
Consumption,constant prices – national accounts deflator,YoY %,Annual,01_Economic Activity and Employment,01_National Accounts,549,20,1991,2025,"Consumption refers to the total final consumption expenditure within an economy, comprising both private consumption by households and public consumption by government. It excludes the acquisition of dwellings and investment goods.",INDEC - Argentina,2026-07-16,1349a594c069fbd3
Consumption,constant prices – national accounts deflator,,Annual,01_Economic Activity and Employment,01_National Accounts,569,20,1990,2025,"Consumption refers to the total final consumption expenditure within an economy, comprising both private consumption by households and public consumption by government. It excludes the acquisition of dwellings and investment goods.",INDEC - Argentina,2026-07-16,07e1bbdafb7e0ac3
Consumption,millions of USD,YoY %,Annual,01_Economic Activity and Employment,01_National Accounts,633,23,1991,2025,"Consumption refers to the total final consumption expenditure within an economy, comprising both private consumption by households and public consumption by government. It excludes the acquisition of dwellings and investment goods.",INDEC - Argentina,2026-07-16,520a64875dba8cef
Consumption,millions of USD,,Annual,01_Economic Activity and Employment,01_National Accounts,642,23,1990,2025,"Consumption refers to the total final consumption expenditure within an economy, comprising both private consumption by households and public consumption by government. It excludes the acquisition of dwellings and investment goods.",INDEC - Argentina,2026-07-16,bc39ef8c7a0984e6
Consumption,millions of domestic currency,YoY %,Annual,01_Economic Activity and Employment,01_National Accounts,638,23,1991,2025,"Consumption refers to the total final consumption expenditure within an economy, comprising both private consumption by households and public consumption by government. It excludes the acquisition of dwellings and investment goods.",INDEC - Argentina,2026-07-16,64952c8e381cf7ce
Consumption,millions of domestic currency,,Annual,01_Economic Activity and Employment,01_National Accounts,647,23,1990,2025,"Consumption refers to the total final consumption expenditure within an economy, comprising both private consumption by households and public consumption by government. It excludes the acquisition of dwellings and investment goods.",INDEC - Argentina,2026-07-16,4673885ae2ca5b21
Core CPI,"index (2023 = 100), avg. of period",YoY %,Annual,02_Prices and Wages,01_Prices,297,13,1991,2025,"Core CPI is the consumer price index that excludes regulated and seasonal items, such as administered prices, energy and certain food products, to capture underlying price dynamics. The precise coverage of core CPI varies across countries.",INDEC - Argentina,2026-07-16,b432b756c798f38c
Core CPI,"index (2023 = 100), avg. of period",,Annual,02_Prices and Wages,01_Prices,310,13,1990,2025,"Core CPI is the consumer price index that excludes regulated and seasonal items, such as administered prices, energy and certain food products, to capture underlying price dynamics. The precise coverage of core CPI varies across countries.",INDEC - Argentina,2026-07-16,df3248a9558732df
Core CPI,"index (2023 = 100), end of period",YoY %,Annual,02_Prices and Wages,01_Prices,298,13,1991,2025,"Core CPI is the consumer price index that excludes regulated and seasonal items, such as administered prices, energy and certain food products, to capture underlying price dynamics. The precise coverage of core CPI varies across countries.",INDEC - Argentina,2026-07-16,419b9d46a059290a
Core CPI,"index (2023 = 100), end of period",,Annual,02_Prices and Wages,01_Prices,311,13,1990,2025,"Core CPI is the consumer price index that excludes regulated and seasonal items, such as administered prices, energy and certain food products, to capture underlying price dynamics. The precise coverage of core CPI varies across countries.",INDEC - Argentina,2026-07-16,4e2daf3f4569f59c
Core CPI,"index, avg. of period",YoY %,Annual,02_Prices and Wages,01_Prices,297,13,1991,2025,"Core CPI is the consumer price index that excludes regulated and seasonal items, such as administered prices, energy and certain food products, to capture underlying price dynamics. The precise coverage of core CPI varies across countries.",INDEC - Argentina,2026-07-16,2315a5dcadc5df11
Core CPI,"index, avg. of period",,Annual,02_Prices and Wages,01_Prices,310,13,1990,2025,"Core CPI is the consumer price index that excludes regulated and seasonal items, such as administered prices, energy and certain food products, to capture underlying price dynamics. The precise coverage of core CPI varies across countries.",INDEC - Argentina,2026-07-16,3aafc89643ed5dc1
Core CPI,"index, end of period",YoY %,Annual,02_Prices and Wages,01_Prices,298,13,1991,2025,"Core CPI is the consumer price index that excludes regulated and seasonal items, such as administered prices, energy and certain food products, to capture underlying price dynamics. The precise coverage of core CPI varies across countries.",INDEC - Argentina,2026-07-16,e264b1b22ece0edc
Core CPI,"index, end of period",,Annual,02_Prices and Wages,01_Prices,311,13,1990,2025,"Core CPI is the consumer price index that excludes regulated and seasonal items, such as administered prices, energy and certain food products, to capture underlying price dynamics. The precise coverage of core CPI varies across countries.",INDEC - Argentina,2026-07-16,85dc616a9b82d7cb
Core Inflation,"rate, end of period",,Annual,02_Prices and Wages,01_Prices,273,12,1991,2025,"Core inflation is the percentage change in a consumer price index that excludes components subject to high short-term volatility (typically food and energy prices) relative to the immediately preceding period of equal length. It measures the underlying or persistent trend in consumer price dynamics, filtering out transitory price movements. The specific exclusions, weighting methodology, and construction approach vary across countries and are defined by the national statistical office or central bank. End-of-period values correspond to the rate observed in the last month of the reference period; average values correspond to the mean of the monthly rates within the reference period.",INDEC - Argentina,2026-07-16,23e3642741b45449
Credit to the Private Sector,"% of GDP, avg. of period",,Annual,05_Money and Banking,03_Bank Credit,539,21,1990,2025,"Credit to the private sector is the stock of credit provided by depository institutions to households and private firms, denominated in local or foreign currency.",Banco Central de la República Argentina,2026-07-16,33b8881425099fe8
Credit to the Private Sector,"% of GDP, end of period",,Annual,05_Money and Banking,03_Bank Credit,560,21,1990,2025,"Credit to the private sector is the stock of credit provided by depository institutions to households and private firms, denominated in local or foreign currency.",Banco Central de la República Argentina,2026-07-16,9e5a0f707feb2670
Credit to the Private Sector,"% of M2, avg. of period",,Annual,05_Money and Banking,03_Bank Credit,554,20,1990,2025,"Credit to the private sector is the stock of credit provided by depository institutions to households and private firms, denominated in local or foreign currency.",Banco Central de la República Argentina,2026-07-16,8a4c5276c14d7572
Credit to the Private Sector,"% of M2, end of period",,Annual,05_Money and Banking,03_Bank Credit,557,20,1990,2025,"Credit to the private sector is the stock of credit provided by depository institutions to households and private firms, denominated in local or foreign currency.",Banco Central de la República Argentina,2026-07-16,601f1fde0ede6f5e
Credit to the Private Sector,"% of total credit, avg. of period",,Annual,05_Money and Banking,03_Bank Credit,567,21,1990,2026,"Credit to the private sector is the stock of credit provided by depository institutions to households and private firms, denominated in local or foreign currency.",Banco Central de la República Argentina,2026-07-16,970c92851409ccd1
Credit to the Private Sector,"% of total credit, end of period",,Annual,05_Money and Banking,03_Bank Credit,587,21,1990,2025,"Credit to the private sector is the stock of credit provided by depository institutions to households and private firms, denominated in local or foreign currency.",Banco Central de la República Argentina,2026-07-16,5fe05e07bffa0ddf
Credit to the Private Sector,"constant prices – CPI-deflated, avg. of period",,Annual,05_Money and Banking,03_Bank Credit,546,21,1990,2025,"Credit to the private sector is the stock of credit provided by depository institutions to households and private firms, denominated in local or foreign currency.",Banco Central de la República Argentina,2026-07-16,7a6caf081fdbbf0d
Credit to the Private Sector,"constant prices – CPI-deflated, end of period",,Annual,05_Money and Banking,03_Bank Credit,575,21,1990,2025,"Credit to the private sector is the stock of credit provided by depository institutions to households and private firms, denominated in local or foreign currency.",Banco Central de la República Argentina,2026-07-16,e48d5282368c9ef0
Credit to the Private Sector,"millions of USD, avg. of period",YoY %,Annual,05_Money and Banking,03_Bank Credit,555,21,1991,2025,"Credit to the private sector is the stock of credit provided by depository institutions to households and private firms, denominated in local or foreign currency.",Banco Central de la República Argentina,2026-07-16,c3cf3a1cfd2087fc
Credit to the Private Sector,"millions of USD, avg. of period",,Annual,05_Money and Banking,03_Bank Credit,576,21,1990,2025,"Credit to the private sector is the stock of credit provided by depository institutions to households and private firms, denominated in local or foreign currency.",Banco Central de la República Argentina,2026-07-16,918221f313465a05
Credit to the Private Sector,"millions of USD, end of period",YoY %,Annual,05_Money and Banking,03_Bank Credit,576,21,1991,2025,"Credit to the private sector is the stock of credit provided by depository institutions to households and private firms, denominated in local or foreign currency.",Banco Central de la República Argentina,2026-07-16,16c3b0ddc4897886
Credit to the Private Sector,"millions of USD, end of period",,Annual,05_Money and Banking,03_Bank Credit,597,21,1990,2025,"Credit to the private sector is the stock of credit provided by depository institutions to households and private firms, denominated in local or foreign currency.",Banco Central de la República Argentina,2026-07-16,d00650067deff0c0
Credit to the Private Sector,"millions of domestic currency, avg. of period",YoY %,Annual,05_Money and Banking,03_Bank Credit,556,21,1991,2026,"Credit to the private sector is the stock of credit provided by depository institutions to households and private firms, denominated in local or foreign currency.",Banco Central de la República Argentina,2026-07-16,3f69f7e0bb7d4d4e
Credit to the Private Sector,"millions of domestic currency, avg. of period",,Annual,05_Money and Banking,03_Bank Credit,577,21,1990,2026,"Credit to the private sector is the stock of credit provided by depository institutions to households and private firms, denominated in local or foreign currency.",Banco Central de la República Argentina,2026-07-16,f2d497eb5d75d898
Credit to the Private Sector,"millions of domestic currency, end of period",YoY %,Annual,05_Money and Banking,03_Bank Credit,576,21,1991,2025,"Credit to the private sector is the stock of credit provided by depository institutions to households and private firms, denominated in local or foreign currency.",Banco Central de la República Argentina,2026-07-16,af0a7f28e59e5c52
Credit to the Private Sector,"millions of domestic currency, end of period",,Annual,05_Money and Banking,03_Bank Credit,597,21,1990,2025,"Credit to the private sector is the stock of credit provided by depository institutions to households and private firms, denominated in local or foreign currency.",Banco Central de la República Argentina,2026-07-16,60b26f23152df373
Credit to the Public Sector,"% of GDP, avg. of period",,Annual,05_Money and Banking,03_Bank Credit,554,21,1990,2025,"Credit to the public sector is the stock of credit provided by depository institutions to the central government, local governments and public enterprises, denominated in local or foreign currency.",Banco Central de la República Argentina,2026-07-16,ff27556e1b1504be
Credit to the Public Sector,"% of GDP, end of period",,Annual,05_Money and Banking,03_Bank Credit,574,21,1990,2025,"Credit to the public sector is the stock of credit provided by depository institutions to the central government, local governments and public enterprises, denominated in local or foreign currency.",Banco Central de la República Argentina,2026-07-16,28bab259286196b7
Credit to the Public Sector,"% of M2, avg. of period",,Annual,05_Money and Banking,03_Bank Credit,567,20,1990,2025,"Credit to the public sector is the stock of credit provided by depository institutions to the central government, local governments and public enterprises, denominated in local or foreign currency.",Banco Central de la República Argentina,2026-07-16,9c50c7919c0a2f91
Credit to the Public Sector,"% of M2, end of period",,Annual,05_Money and Banking,03_Bank Credit,570,20,1990,2025,"Credit to the public sector is the stock of credit provided by depository institutions to the central government, local governments and public enterprises, denominated in local or foreign currency.",Banco Central de la República Argentina,2026-07-16,6e757870b433c00e
Credit to the Public Sector,"% of total credit, avg. of period",,Annual,05_Money and Banking,03_Bank Credit,545,20,1990,2026,"Credit to the public sector is the stock of credit provided by depository institutions to the central government, local governments and public enterprises, denominated in local or foreign currency.",Banco Central de la República Argentina,2026-07-16,7b25a0ac26f2ca3c
Credit to the Public Sector,"% of total credit, end of period",,Annual,05_Money and Banking,03_Bank Credit,564,20,1990,2025,"Credit to the public sector is the stock of credit provided by depository institutions to the central government, local governments and public enterprises, denominated in local or foreign currency.",Banco Central de la República Argentina,2026-07-16,9328429d84583783
Credit to the Public Sector,"constant prices – CPI-deflated, avg. of period",,Annual,05_Money and Banking,03_Bank Credit,553,21,1990,2025,"Credit to the public sector is the stock of credit provided by depository institutions to the central government, local governments and public enterprises, denominated in local or foreign currency.",Banco Central de la República Argentina,2026-07-16,68edf496b1f648a5
Credit to the Public Sector,"constant prices – CPI-deflated, end of period",,Annual,05_Money and Banking,03_Bank Credit,561,21,1990,2025,"Credit to the public sector is the stock of credit provided by depository institutions to the central government, local governments and public enterprises, denominated in local or foreign currency.",Banco Central de la República Argentina,2026-07-16,637b88fd592a5ed3
Credit to the Public Sector,"millions of USD, avg. of period",YoY %,Annual,05_Money and Banking,03_Bank Credit,567,21,1991,2025,"Credit to the public sector is the stock of credit provided by depository institutions to the central government, local governments and public enterprises, denominated in local or foreign currency.",Banco Central de la República Argentina,2026-07-16,0691c86ded0e1221
Credit to the Public Sector,"millions of USD, avg. of period",,Annual,05_Money and Banking,03_Bank Credit,588,21,1990,2025,"Credit to the public sector is the stock of credit provided by depository institutions to the central government, local governments and public enterprises, denominated in local or foreign currency.",Banco Central de la República Argentina,2026-07-16,54117d771d9b3d0a
Credit to the Public Sector,"millions of USD, end of period",YoY %,Annual,05_Money and Banking,03_Bank Credit,590,21,1991,2025,"Credit to the public sector is the stock of credit provided by depository institutions to the central government, local governments and public enterprises, denominated in local or foreign currency.",Banco Central de la República Argentina,2026-07-16,40f87b8135b2d37c
Credit to the Public Sector,"millions of USD, end of period",,Annual,05_Money and Banking,03_Bank Credit,610,21,1990,2025,"Credit to the public sector is the stock of credit provided by depository institutions to the central government, local governments and public enterprises, denominated in local or foreign currency.",Banco Central de la República Argentina,2026-07-16,df610f4f74120b78
Credit to the Public Sector,"millions of domestic currency, avg. of period",YoY %,Annual,05_Money and Banking,03_Bank Credit,569,21,1991,2026,"Credit to the public sector is the stock of credit provided by depository institutions to the central government, local governments and public enterprises, denominated in local or foreign currency.",Banco Central de la República Argentina,2026-07-16,3a718bf2a15d57ec
Credit to the Public Sector,"millions of domestic currency, avg. of period",,Annual,05_Money and Banking,03_Bank Credit,590,21,1990,2026,"Credit to the public sector is the stock of credit provided by depository institutions to the central government, local governments and public enterprises, denominated in local or foreign currency.",Banco Central de la República Argentina,2026-07-16,8dfd4cb79dfacf90
Credit to the Public Sector,"millions of domestic currency, end of period",YoY %,Annual,05_Money and Banking,03_Bank Credit,590,21,1991,2025,"Credit to the public sector is the stock of credit provided by depository institutions to the central government, local governments and public enterprises, denominated in local or foreign currency.",Banco Central de la República Argentina,2026-07-16,b30b27ed0dfc25b3
Credit to the Public Sector,"millions of domestic currency, end of period",,Annual,05_Money and Banking,03_Bank Credit,610,21,1990,2025,"Credit to the public sector is the stock of credit provided by depository institutions to the central government, local governments and public enterprises, denominated in local or foreign currency.",Banco Central de la República Argentina,2026-07-16,25ae807928026747
Currency in Circulation,"% of GDP, avg. of period",,Annual,05_Money and Banking,01_Money Aggregates,542,20,1990,2025,Currency in circulation is the portion of the monetary base consisting of banknotes and coins issued by the central bank that are held by the public outside the banking system.,Banco Central de la República Argentina,2026-07-16,34d3bf02d84026d4
Currency in Circulation,"% of GDP, end of period",,Annual,05_Money and Banking,01_Money Aggregates,544,20,1990,2025,Currency in circulation is the portion of the monetary base consisting of banknotes and coins issued by the central bank that are held by the public outside the banking system.,Banco Central de la República Argentina,2026-07-16,2112941db660f143
Currency in Circulation,"% of M2, avg. of period",,Annual,05_Money and Banking,01_Money Aggregates,556,19,1990,2025,Currency in circulation is the portion of the monetary base consisting of banknotes and coins issued by the central bank that are held by the public outside the banking system.,Banco Central de la República Argentina,2026-07-16,ed7e568c16c8a236
Currency in Circulation,"% of M2, end of period",,Annual,05_Money and Banking,01_Money Aggregates,559,19,1990,2025,Currency in circulation is the portion of the monetary base consisting of banknotes and coins issued by the central bank that are held by the public outside the banking system.,Banco Central de la República Argentina,2026-07-16,7f567efc51f1b114
Currency in Circulation,"constant prices – CPI-deflated, avg. of period",,Annual,05_Money and Banking,01_Money Aggregates,551,20,1990,2025,Currency in circulation is the portion of the monetary base consisting of banknotes and coins issued by the central bank that are held by the public outside the banking system.,Banco Central de la República Argentina,2026-07-16,9425e109713952c4
Currency in Circulation,"constant prices – CPI-deflated, end of period",,Annual,05_Money and Banking,01_Money Aggregates,536,20,1990,2025,Currency in circulation is the portion of the monetary base consisting of banknotes and coins issued by the central bank that are held by the public outside the banking system.,Banco Central de la República Argentina,2026-07-16,929c59a86dc44d86
Currency in Circulation,"millions of USD, avg. of period",YoY %,Annual,05_Money and Banking,01_Money Aggregates,566,20,1991,2025,Currency in circulation is the portion of the monetary base consisting of banknotes and coins issued by the central bank that are held by the public outside the banking system.,Banco Central de la República Argentina,2026-07-16,0f26cf0e1f20e7e6
Currency in Circulation,"millions of USD, avg. of period",,Annual,05_Money and Banking,01_Money Aggregates,586,20,1990,2025,Currency in circulation is the portion of the monetary base consisting of banknotes and coins issued by the central bank that are held by the public outside the banking system.,Banco Central de la República Argentina,2026-07-16,72ccc5de455f15c1
Currency in Circulation,"millions of USD, end of period",YoY %,Annual,05_Money and Banking,01_Money Aggregates,570,20,1991,2025,Currency in circulation is the portion of the monetary base consisting of banknotes and coins issued by the central bank that are held by the public outside the banking system.,Banco Central de la República Argentina,2026-07-16,379ffa212d557379
Currency in Circulation,"millions of USD, end of period",,Annual,05_Money and Banking,01_Money Aggregates,590,20,1990,2025,Currency in circulation is the portion of the monetary base consisting of banknotes and coins issued by the central bank that are held by the public outside the banking system.,Banco Central de la República Argentina,2026-07-16,f4b2d28be3c44d28
Currency in Circulation,"millions of domestic currency, avg. of period",YoY %,Annual,05_Money and Banking,01_Money Aggregates,569,20,1991,2025,Currency in circulation is the portion of the monetary base consisting of banknotes and coins issued by the central bank that are held by the public outside the banking system.,Banco Central de la República Argentina,2026-07-16,496b202e73cab02b
Currency in Circulation,"millions of domestic currency, avg. of period",,Annual,05_Money and Banking,01_Money Aggregates,589,20,1990,2025,Currency in circulation is the portion of the monetary base consisting of banknotes and coins issued by the central bank that are held by the public outside the banking system.,Banco Central de la República Argentina,2026-07-16,59b228528dba94da
Currency in Circulation,"millions of domestic currency, end of period",YoY %,Annual,05_Money and Banking,01_Money Aggregates,572,20,1991,2025,Currency in circulation is the portion of the monetary base consisting of banknotes and coins issued by the central bank that are held by the public outside the banking system.,Banco Central de la República Argentina,2026-07-16,315ff9c3d97583b3
Currency in Circulation,"millions of domestic currency, end of period",,Annual,05_Money and Banking,01_Money Aggregates,592,20,1990,2025,Currency in circulation is the portion of the monetary base consisting of banknotes and coins issued by the central bank that are held by the public outside the banking system.,Banco Central de la República Argentina,2026-07-16,ce1a810fd7216dba
Current Account Balance,% of GDP,,Annual,04_External Accounts,01_Balance of Payments,504,24,1990,2025,"Current Account Balance is the difference between a country’s total exports and imports of goods, services, primary income and secondary income. It indicates whether a country is a net lender or a net borrower to the rest of the world.",INDEC - Argentina,2026-07-16,ec8968c2f809f8da
Current Account Balance,fiscal year (Q4–Q3 aggregation),,Annual,04_External Accounts,01_Balance of Payments,474,24,1995,2025,"Current Account Balance is the difference between a country’s total exports and imports of goods, services, primary income and secondary income. It indicates whether a country is a net lender or a net borrower to the rest of the world.",INDEC - Argentina,2026-07-16,99f72de801d49dea
Current Account Balance,millions of USD,,Annual,04_External Accounts,01_Balance of Payments,557,25,1990,2025,"Current Account Balance is the difference between a country’s total exports and imports of goods, services, primary income and secondary income. It indicates whether a country is a net lender or a net borrower to the rest of the world.",INDEC - Argentina,2026-07-16,7b05b1836d09c1a9
Current Fiscal Expenditures,% of GDP,,Annual,03_Fiscal Accounts and Public Debt,01_Central Government,120,7,1990,2024,"Current Fiscal Expenditures (Central Government) are the expenses of the central government on the day-to-day functioning of government, excluding capital investment. They include wages and salaries, pensions, subsidies, transfers, and purchases of goods and services. These expenditures reflect the ongoing cost of providing public services and maintaining government operations.",Barbados Statistical Service,2026-07-16,cf85ae9047b59595
Current Fiscal Expenditures,% of GDP,,Annual,03_Fiscal Accounts and Public Debt,02_General Government,34,2,2008,2025,"Current Fiscal Expenditures (General Government) are the expenses of the general government on the day-to-day functioning of government, excluding capital investment. They include wages and salaries, pensions, subsidies, transfers, and purchases of goods and services. These expenditures reflect the ongoing cost of providing public services and maintaining government operations.",Tesouro Nacional do Brasil,2026-07-16,9a8f26673d837cf0
Current Fiscal Expenditures,% of GDP,,Annual,03_Fiscal Accounts and Public Debt,03_Non Financial Public Sector,167,7,1993,2025,"Current Fiscal Expenditures (Non-Financial Public Sector) are the expenses of the non-financial public sector on the day-to-day functioning of government, excluding capital investment. They include wages and salaries, pensions, subsidies, transfers, and purchases of goods and services. These expenditures reflect the ongoing cost of providing public services and maintaining government operations.",Ministerio de Economía de Argentina,2026-07-16,48fb5e6c5bd16bc6
Current Fiscal Expenditures,constant prices – CPI-deflated,,Annual,03_Fiscal Accounts and Public Debt,01_Central Government,129,7,1991,2025,"Current Fiscal Expenditures (Central Government) are the expenses of the central government on the day-to-day functioning of government, excluding capital investment. They include wages and salaries, pensions, subsidies, transfers, and purchases of goods and services. These expenditures reflect the ongoing cost of providing public services and maintaining government operations.",Barbados Statistical Service,2026-07-16,becc9cad5aa4b146
Current Fiscal Expenditures,constant prices – CPI-deflated,,Annual,03_Fiscal Accounts and Public Debt,02_General Government,34,2,2008,2025,"Current Fiscal Expenditures (General Government) are the expenses of the general government on the day-to-day functioning of government, excluding capital investment. They include wages and salaries, pensions, subsidies, transfers, and purchases of goods and services. These expenditures reflect the ongoing cost of providing public services and maintaining government operations.",Tesouro Nacional do Brasil,2026-07-16,db87fe5cc811c27d
Current Fiscal Expenditures,constant prices – CPI-deflated,,Annual,03_Fiscal Accounts and Public Debt,03_Non Financial Public Sector,170,7,1990,2025,"Current Fiscal Expenditures (Non-Financial Public Sector) are the expenses of the non-financial public sector on the day-to-day functioning of government, excluding capital investment. They include wages and salaries, pensions, subsidies, transfers, and purchases of goods and services. These expenditures reflect the ongoing cost of providing public services and maintaining government operations.",Ministerio de Economía de Argentina,2026-07-16,243c4bb44e402570
Current Fiscal Expenditures,fiscal year (Q4–Q3 aggregation),,Annual,03_Fiscal Accounts and Public Debt,01_Central Government,125,6,1991,2025,"Current Fiscal Expenditures (Central Government) are the expenses of the central government on the day-to-day functioning of government, excluding capital investment. They include wages and salaries, pensions, subsidies, transfers, and purchases of goods and services. These expenditures reflect the ongoing cost of providing public services and maintaining government operations.",Barbados Statistical Service,2026-07-16,904ad9e6301431a9
Current Fiscal Expenditures,fiscal year (Q4–Q3 aggregation),,Annual,03_Fiscal Accounts and Public Debt,02_General Government,45,2,1996,2025,"Current Fiscal Expenditures (General Government) are the expenses of the general government on the day-to-day functioning of government, excluding capital investment. They include wages and salaries, pensions, subsidies, transfers, and purchases of goods and services. These expenditures reflect the ongoing cost of providing public services and maintaining government operations.",Tesouro Nacional do Brasil,2026-07-16,95d6f2b361790b3b
Current Fiscal Expenditures,fiscal year (Q4–Q3 aggregation),,Annual,03_Fiscal Accounts and Public Debt,03_Non Financial Public Sector,133,6,1991,2025,"Current Fiscal Expenditures (Non-Financial Public Sector) are the expenses of the non-financial public sector on the day-to-day functioning of government, excluding capital investment. They include wages and salaries, pensions, subsidies, transfers, and purchases of goods and services. These expenditures reflect the ongoing cost of providing public services and maintaining government operations.",Ministerio de Economía de Argentina,2026-07-16,2ea0b448f551a155
Current Fiscal Expenditures,millions of USD,YoY %,Annual,03_Fiscal Accounts and Public Debt,01_Central Government,136,7,1991,2025,"Current Fiscal Expenditures (Central Government) are the expenses of the central government on the day-to-day functioning of government, excluding capital investment. They include wages and salaries, pensions, subsidies, transfers, and purchases of goods and services. These expenditures reflect the ongoing cost of providing public services and maintaining government operations.",Barbados Statistical Service,2026-07-16,4da0153d3f063790
Current Fiscal Expenditures,millions of USD,YoY %,Annual,03_Fiscal Accounts and Public Debt,02_General Government,32,2,2009,2025,"Current Fiscal Expenditures (General Government) are the expenses of the general government on the day-to-day functioning of government, excluding capital investment. They include wages and salaries, pensions, subsidies, transfers, and purchases of goods and services. These expenditures reflect the ongoing cost of providing public services and maintaining government operations.",Tesouro Nacional do Brasil,2026-07-16,8909938743ef2efb
Current Fiscal Expenditures,millions of USD,YoY %,Annual,03_Fiscal Accounts and Public Debt,03_Non Financial Public Sector,163,7,1991,2025,"Current Fiscal Expenditures (Non-Financial Public Sector) are the expenses of the non-financial public sector on the day-to-day functioning of government, excluding capital investment. They include wages and salaries, pensions, subsidies, transfers, and purchases of goods and services. These expenditures reflect the ongoing cost of providing public services and maintaining government operations.",Ministerio de Economía de Argentina,2026-07-16,4bb79fd8c938f350
Current Fiscal Expenditures,millions of USD,,Annual,03_Fiscal Accounts and Public Debt,01_Central Government,140,7,1990,2025,"Current Fiscal Expenditures (Central Government) are the expenses of the central government on the day-to-day functioning of government, excluding capital investment. They include wages and salaries, pensions, subsidies, transfers, and purchases of goods and services. These expenditures reflect the ongoing cost of providing public services and maintaining government operations.",Barbados Statistical Service,2026-07-16,f6ec3eabcf482423
Current Fiscal Expenditures,millions of USD,,Annual,03_Fiscal Accounts and Public Debt,02_General Government,34,2,2008,2025,"Current Fiscal Expenditures (General Government) are the expenses of the general government on the day-to-day functioning of government, excluding capital investment. They include wages and salaries, pensions, subsidies, transfers, and purchases of goods and services. These expenditures reflect the ongoing cost of providing public services and maintaining government operations.",Tesouro Nacional do Brasil,2026-07-16,1954849c92054ade
Current Fiscal Expenditures,millions of USD,,Annual,03_Fiscal Accounts and Public Debt,03_Non Financial Public Sector,170,7,1990,2025,"Current Fiscal Expenditures (Non-Financial Public Sector) are the expenses of the non-financial public sector on the day-to-day functioning of government, excluding capital investment. They include wages and salaries, pensions, subsidies, transfers, and purchases of goods and services. These expenditures reflect the ongoing cost of providing public services and maintaining government operations.",Ministerio de Economía de Argentina,2026-07-16,ee4cdd37dda4c1c8
Current Fiscal Expenditures,millions of domestic currency,YoY %,Annual,03_Fiscal Accounts and Public Debt,01_Central Government,137,7,1991,2025,"Current Fiscal Expenditures (Central Government) are the expenses of the central government on the day-to-day functioning of government, excluding capital investment. They include wages and salaries, pensions, subsidies, transfers, and purchases of goods and services. These expenditures reflect the ongoing cost of providing public services and maintaining government operations.",Barbados Statistical Service,2026-07-16,7650b405c7e7bae5
Current Fiscal Expenditures,millions of domestic currency,YoY %,Annual,03_Fiscal Accounts and Public Debt,02_General Government,32,2,2009,2025,"Current Fiscal Expenditures (General Government) are the expenses of the general government on the day-to-day functioning of government, excluding capital investment. They include wages and salaries, pensions, subsidies, transfers, and purchases of goods and services. These expenditures reflect the ongoing cost of providing public services and maintaining government operations.",Tesouro Nacional do Brasil,2026-07-16,18eed20882280022
Current Fiscal Expenditures,millions of domestic currency,YoY %,Annual,03_Fiscal Accounts and Public Debt,03_Non Financial Public Sector,163,7,1991,2025,"Current Fiscal Expenditures (Non-Financial Public Sector) are the expenses of the non-financial public sector on the day-to-day functioning of government, excluding capital investment. They include wages and salaries, pensions, subsidies, transfers, and purchases of goods and services. These expenditures reflect the ongoing cost of providing public services and maintaining government operations.",Ministerio de Economía de Argentina,2026-07-16,7625bb0b59f5de6a
Current Fiscal Expenditures,millions of domestic currency,,Annual,03_Fiscal Accounts and Public Debt,01_Central Government,141,7,1990,2025,"Current Fiscal Expenditures (Central Government) are the expenses of the central government on the day-to-day functioning of government, excluding capital investment. They include wages and salaries, pensions, subsidies, transfers, and purchases of goods and services. These expenditures reflect the ongoing cost of providing public services and maintaining government operations.",Barbados Statistical Service,2026-07-16,3209bda1df04c581
Current Fiscal Expenditures,millions of domestic currency,,Annual,03_Fiscal Accounts and Public Debt,02_General Government,34,2,2008,2025,"Current Fiscal Expenditures (General Government) are the expenses of the general government on the day-to-day functioning of government, excluding capital investment. They include wages and salaries, pensions, subsidies, transfers, and purchases of goods and services. These expenditures reflect the ongoing cost of providing public services and maintaining government operations.",Tesouro Nacional do Brasil,2026-07-16,1c4fbf4516fc82da
Current Fiscal Expenditures,millions of domestic currency,,Annual,03_Fiscal Accounts and Public Debt,03_Non Financial Public Sector,170,7,1990,2025,"Current Fiscal Expenditures (Non-Financial Public Sector) are the expenses of the non-financial public sector on the day-to-day functioning of government, excluding capital investment. They include wages and salaries, pensions, subsidies, transfers, and purchases of goods and services. These expenditures reflect the ongoing cost of providing public services and maintaining government operations.",Ministerio de Economía de Argentina,2026-07-16,2506b56a62887ce0
Demand Deposits,"% of GDP, avg. of period",,Annual,05_Money and Banking,02_Bank Deposits,663,25,1990,2025,Demand deposits are deposits held in depository institutions that can be withdrawn at any time without prior notice and are directly usable for payments.,Banco Central de la República Argentina,2026-07-16,36c1cda23990d36a
Demand Deposits,"% of GDP, end of period",,Annual,05_Money and Banking,02_Bank Deposits,685,25,1990,2025,Demand deposits are deposits held in depository institutions that can be withdrawn at any time without prior notice and are directly usable for payments.,Banco Central de la República Argentina,2026-07-16,75e2c6666eba8f0d
Demand Deposits,"% of M2, avg. of period",,Annual,05_Money and Banking,02_Bank Deposits,685,24,1990,2025,Demand deposits are deposits held in depository institutions that can be withdrawn at any time without prior notice and are directly usable for payments.,Banco Central de la República Argentina,2026-07-16,07fce66950570304
Demand Deposits,"% of M2, end of period",,Annual,05_Money and Banking,02_Bank Deposits,690,24,1990,2025,Demand deposits are deposits held in depository institutions that can be withdrawn at any time without prior notice and are directly usable for payments.,Banco Central de la República Argentina,2026-07-16,2c19920a9c1c8596
Demand Deposits,"% of total deposits, avg. of period",,Annual,05_Money and Banking,02_Bank Deposits,688,24,1990,2025,Demand deposits are deposits held in depository institutions that can be withdrawn at any time without prior notice and are directly usable for payments.,Banco Central de la República Argentina,2026-07-16,036b94fa17ffb625
Demand Deposits,"% of total deposits, end of period",,Annual,05_Money and Banking,02_Bank Deposits,704,24,1990,2025,Demand deposits are deposits held in depository institutions that can be withdrawn at any time without prior notice and are directly usable for payments.,Banco Central de la República Argentina,2026-07-16,23654e0eab0cdca2
Demand Deposits,"constant prices – CPI-deflated, avg. of period",,Annual,05_Money and Banking,02_Bank Deposits,703,26,1990,2025,Demand deposits are deposits held in depository institutions that can be withdrawn at any time without prior notice and are directly usable for payments.,Banco Central de la República Argentina,2026-07-16,6c15518e1daa90ad
Demand Deposits,"constant prices – CPI-deflated, end of period",,Annual,05_Money and Banking,02_Bank Deposits,713,26,1990,2025,Demand deposits are deposits held in depository institutions that can be withdrawn at any time without prior notice and are directly usable for payments.,Banco Central de la República Argentina,2026-07-16,6d263221b7ab9b79
Demand Deposits,"millions of USD, avg. of period",YoY %,Annual,05_Money and Banking,02_Bank Deposits,691,25,1991,2025,Demand deposits are deposits held in depository institutions that can be withdrawn at any time without prior notice and are directly usable for payments.,Banco Central de la República Argentina,2026-07-16,c69b8311b880f9f4
Demand Deposits,"millions of USD, avg. of period",,Annual,05_Money and Banking,02_Bank Deposits,716,25,1990,2025,Demand deposits are deposits held in depository institutions that can be withdrawn at any time without prior notice and are directly usable for payments.,Banco Central de la República Argentina,2026-07-16,70f96598152642bf
Demand Deposits,"millions of USD, end of period",YoY %,Annual,05_Money and Banking,02_Bank Deposits,714,25,1991,2025,Demand deposits are deposits held in depository institutions that can be withdrawn at any time without prior notice and are directly usable for payments.,Banco Central de la República Argentina,2026-07-16,edd1626fb5d2e5c5
Demand Deposits,"millions of USD, end of period",,Annual,05_Money and Banking,02_Bank Deposits,738,25,1990,2025,Demand deposits are deposits held in depository institutions that can be withdrawn at any time without prior notice and are directly usable for payments.,Banco Central de la República Argentina,2026-07-16,a17ddfcf8c40f53c
Demand Deposits,"millions of domestic currency, avg. of period",YoY %,Annual,05_Money and Banking,02_Bank Deposits,726,26,1991,2025,Demand deposits are deposits held in depository institutions that can be withdrawn at any time without prior notice and are directly usable for payments.,Banco Central de la República Argentina,2026-07-16,f6b373df6349ef21
Demand Deposits,"millions of domestic currency, avg. of period",,Annual,05_Money and Banking,02_Bank Deposits,752,26,1990,2025,Demand deposits are deposits held in depository institutions that can be withdrawn at any time without prior notice and are directly usable for payments.,Banco Central de la República Argentina,2026-07-16,0147a7a429deca41
Demand Deposits,"millions of domestic currency, end of period",YoY %,Annual,05_Money and Banking,02_Bank Deposits,750,26,1991,2025,Demand deposits are deposits held in depository institutions that can be withdrawn at any time without prior notice and are directly usable for payments.,Banco Central de la República Argentina,2026-07-16,c395fcb8d8d65b75
Demand Deposits,"millions of domestic currency, end of period",,Annual,05_Money and Banking,02_Bank Deposits,775,26,1990,2025,Demand deposits are deposits held in depository institutions that can be withdrawn at any time without prior notice and are directly usable for payments.,Banco Central de la República Argentina,2026-07-16,7440ab34edac0d98
Direct Investment Assets,"% of GDP, avg. of period",,Annual,04_External Accounts,05_International Investment Position,266,15,2000,2025,"Direct investment assets are the stock of cross-border investments in which residents of a country hold a lasting interest and significant degree of influence in enterprises abroad, usually defined as ownership of 10 percent or more of voting power. They form part of the country’s external assets. The definition may vary by country.",INDEC - Argentina,2026-07-16,ae113b534684544e
Direct Investment Assets,"% of GDP, end of period",,Annual,04_External Accounts,05_International Investment Position,270,15,1999,2025,"Direct investment assets are the stock of cross-border investments in which residents of a country hold a lasting interest and significant degree of influence in enterprises abroad, usually defined as ownership of 10 percent or more of voting power. They form part of the country’s external assets. The definition may vary by country.",INDEC - Argentina,2026-07-16,111c29e55ef4bef6
Direct Investment Assets,"millions of USD, avg. of period",YoY %,Annual,04_External Accounts,05_International Investment Position,254,15,2001,2025,"Direct investment assets are the stock of cross-border investments in which residents of a country hold a lasting interest and significant degree of influence in enterprises abroad, usually defined as ownership of 10 percent or more of voting power. They form part of the country’s external assets. The definition may vary by country.",INDEC - Argentina,2026-07-16,6bc17e59d1e982ba
Direct Investment Assets,"millions of USD, avg. of period",,Annual,04_External Accounts,05_International Investment Position,269,15,2000,2025,"Direct investment assets are the stock of cross-border investments in which residents of a country hold a lasting interest and significant degree of influence in enterprises abroad, usually defined as ownership of 10 percent or more of voting power. They form part of the country’s external assets. The definition may vary by country.",INDEC - Argentina,2026-07-16,f15c0c30ea43f448
Direct Investment Assets,"millions of USD, end of period",YoY %,Annual,04_External Accounts,05_International Investment Position,258,15,2000,2025,"Direct investment assets are the stock of cross-border investments in which residents of a country hold a lasting interest and significant degree of influence in enterprises abroad, usually defined as ownership of 10 percent or more of voting power. They form part of the country’s external assets. The definition may vary by country.",INDEC - Argentina,2026-07-16,ce5014504db2c28d
Direct Investment Assets,"millions of USD, end of period",,Annual,04_External Accounts,05_International Investment Position,273,15,1999,2025,"Direct investment assets are the stock of cross-border investments in which residents of a country hold a lasting interest and significant degree of influence in enterprises abroad, usually defined as ownership of 10 percent or more of voting power. They form part of the country’s external assets. The definition may vary by country.",INDEC - Argentina,2026-07-16,c65e4b449c218d9a
Direct Investment Liabilities,"% of GDP, avg. of period",,Annual,04_External Accounts,05_International Investment Position,276,16,2000,2025,"Direct investment liabilities are the stock of cross-border investments in which nonresidents hold a lasting interest and significant degree of influence in domestic enterprises, usually defined as ownership of 10 percent or more of voting power. They form part of the country’s external liabilities. The definition may vary by country.",INDEC - Argentina,2026-07-16,44f611cd70e5fd4a
Direct Investment Liabilities,"% of GDP, end of period",,Annual,04_External Accounts,05_International Investment Position,280,16,1999,2025,"Direct investment liabilities are the stock of cross-border investments in which nonresidents hold a lasting interest and significant degree of influence in domestic enterprises, usually defined as ownership of 10 percent or more of voting power. They form part of the country’s external liabilities. The definition may vary by country.",INDEC - Argentina,2026-07-16,5a1da63a195c1eeb
Direct Investment Liabilities,"millions of USD, avg. of period",YoY %,Annual,04_External Accounts,05_International Investment Position,263,16,2001,2025,"Direct investment liabilities are the stock of cross-border investments in which nonresidents hold a lasting interest and significant degree of influence in domestic enterprises, usually defined as ownership of 10 percent or more of voting power. They form part of the country’s external liabilities. The definition may vary by country.",INDEC - Argentina,2026-07-16,54e22f33ea9907f8
Direct Investment Liabilities,"millions of USD, avg. of period",,Annual,04_External Accounts,05_International Investment Position,279,16,2000,2025,"Direct investment liabilities are the stock of cross-border investments in which nonresidents hold a lasting interest and significant degree of influence in domestic enterprises, usually defined as ownership of 10 percent or more of voting power. They form part of the country’s external liabilities. The definition may vary by country.",INDEC - Argentina,2026-07-16,6f1241d76c187299
Direct Investment Liabilities,"millions of USD, end of period",YoY %,Annual,04_External Accounts,05_International Investment Position,267,16,2000,2025,"Direct investment liabilities are the stock of cross-border investments in which nonresidents hold a lasting interest and significant degree of influence in domestic enterprises, usually defined as ownership of 10 percent or more of voting power. They form part of the country’s external liabilities. The definition may vary by country.",INDEC - Argentina,2026-07-16,8c2e90d7b8eb3a9e
Direct Investment Liabilities,"millions of USD, end of period",,Annual,04_External Accounts,05_International Investment Position,283,16,1999,2025,"Direct investment liabilities are the stock of cross-border investments in which nonresidents hold a lasting interest and significant degree of influence in domestic enterprises, usually defined as ownership of 10 percent or more of voting power. They form part of the country’s external liabilities. The definition may vary by country.",INDEC - Argentina,2026-07-16,89f23f314562609b
Discount Rate,"rate, avg. of period",,Annual,06_Financial Markets,01_Interest Rates,121,4,1990,2025,The rediscount rate is the interest rate charged by the central bank when providing liquidity to financial institutions through rediscount operations.,Banco Central de Costa Rica,2026-07-16,f41541f83b7cd8d6
Discount Rate,"rate, end of period",,Annual,06_Financial Markets,01_Interest Rates,122,4,1990,2025,The rediscount rate is the interest rate charged by the central bank when providing liquidity to financial institutions through rediscount operations.,Banco Central de Costa Rica,2026-07-16,b1a9ebd8f627e0b0
Discount Rate,"real terms, avg. of period",,Annual,06_Financial Markets,01_Interest Rates,82,4,1994,2025,The rediscount rate is the interest rate charged by the central bank when providing liquidity to financial institutions through rediscount operations.,Banco Central de Costa Rica,2026-07-16,032396fd976a57f9
Discount Rate,"real terms, end of period",,Annual,06_Financial Markets,01_Interest Rates,90,4,1994,2025,The rediscount rate is the interest rate charged by the central bank when providing liquidity to financial institutions through rediscount operations.,Banco Central de Costa Rica,2026-07-16,8664d2df2441c9ff
Domestic Absorption,% of GDP,,Annual,01_Economic Activity and Employment,01_National Accounts,611,22,1990,2025,"Domestic absorption refers to the total expenditure on goods and services within an economy, comprising private consumption, government spending, and investment, while excluding net exports. It reflects overall domestic demand for both domestically produced and imported goods.",Internal calculations based on INDEC - Argentina,2026-07-16,b52eea032a9781c1
Domestic Absorption,PPP adjusted,YoY %,Annual,01_Economic Activity and Employment,01_National Accounts,588,22,1991,2024,"Domestic absorption refers to the total expenditure on goods and services within an economy, comprising private consumption, government spending, and investment, while excluding net exports. It reflects overall domestic demand for both domestically produced and imported goods.",Internal calculations based on INDEC - Argentina,2026-07-16,92cb48362a07553b
Domestic Absorption,PPP adjusted,,Annual,01_Economic Activity and Employment,01_National Accounts,596,22,1990,2024,"Domestic absorption refers to the total expenditure on goods and services within an economy, comprising private consumption, government spending, and investment, while excluding net exports. It reflects overall domestic demand for both domestically produced and imported goods.",Internal calculations based on INDEC - Argentina,2026-07-16,1336369bb3105ca6
Domestic Absorption,constant prices – national accounts deflator,YoY %,Annual,01_Economic Activity and Employment,01_National Accounts,386,13,1991,2025,"Domestic absorption refers to the total expenditure on goods and services within an economy, comprising private consumption, government spending, and investment, while excluding net exports. It reflects overall domestic demand for both domestically produced and imported goods.",Internal calculations based on INDEC - Argentina,2026-07-16,059d2d04aeef92ed
Domestic Absorption,constant prices – national accounts deflator,,Annual,01_Economic Activity and Employment,01_National Accounts,399,13,1990,2025,"Domestic absorption refers to the total expenditure on goods and services within an economy, comprising private consumption, government spending, and investment, while excluding net exports. It reflects overall domestic demand for both domestically produced and imported goods.",Internal calculations based on INDEC - Argentina,2026-07-16,b895c16c3b804ef7
Domestic Absorption,millions of USD,YoY %,Annual,01_Economic Activity and Employment,01_National Accounts,598,22,1991,2025,"Domestic absorption refers to the total expenditure on goods and services within an economy, comprising private consumption, government spending, and investment, while excluding net exports. It reflects overall domestic demand for both domestically produced and imported goods.",Internal calculations based on INDEC - Argentina,2026-07-16,f28df3caa147e714
Domestic Absorption,millions of USD,,Annual,01_Economic Activity and Employment,01_National Accounts,606,22,1990,2025,"Domestic absorption refers to the total expenditure on goods and services within an economy, comprising private consumption, government spending, and investment, while excluding net exports. It reflects overall domestic demand for both domestically produced and imported goods.",Internal calculations based on INDEC - Argentina,2026-07-16,13c0df7c47bff4ae
Domestic Absorption,millions of domestic currency,YoY %,Annual,01_Economic Activity and Employment,01_National Accounts,603,22,1991,2025,"Domestic absorption refers to the total expenditure on goods and services within an economy, comprising private consumption, government spending, and investment, while excluding net exports. It reflects overall domestic demand for both domestically produced and imported goods.",Internal calculations based on INDEC - Argentina,2026-07-16,bb883a024564bb59
Domestic Absorption,millions of domestic currency,,Annual,01_Economic Activity and Employment,01_National Accounts,611,22,1990,2025,"Domestic absorption refers to the total expenditure on goods and services within an economy, comprising private consumption, government spending, and investment, while excluding net exports. It reflects overall domestic demand for both domestically produced and imported goods.",Internal calculations based on INDEC - Argentina,2026-07-16,c419c8c6b56b1d7f
Domestic Public Debt,% of GDP,,Annual,03_Fiscal Accounts and Public Debt,01_Central Government,18,1,2008,2025,"Domestic Public Debt (Central Government) refers to the outstanding stock of public debt contracted by the central government with resident creditors. It includes loans, bonds, and other financial obligations held by domestic financial institutions, companies, or individuals. This indicator reflects the government’s reliance on domestic financing and the capacity of local markets to absorb public debt.",Secretaria de Finanzas de Honduras,2026-07-16,ade838e9173f809b
Domestic Public Debt,% of GDP,,Annual,03_Fiscal Accounts and Public Debt,03_Non Financial Public Sector,22,1,2004,2025,"Domestic Public Debt (Non-Financial Public Sector) refers to the outstanding stock of public debt contracted by the non-financial public sector with resident creditors. It includes loans, bonds, and other financial obligations held by domestic financial institutions, companies, or individuals. This indicator reflects the government’s reliance on domestic financing and the capacity of local markets to absorb public debt.",Ministerio de Economía y Finanzas de Paraguay,2026-07-16,2595efed782a0482
Domestic Public Debt,"% of GDP, avg. of period",,Annual,03_Fiscal Accounts and Public Debt,01_Central Government,145,10,1995,2025,"Domestic Public Debt (Central Government) refers to the outstanding stock of public debt contracted by the central government with resident creditors. It includes loans, bonds, and other financial obligations held by domestic financial institutions, companies, or individuals. This indicator reflects the government’s reliance on domestic financing and the capacity of local markets to absorb public debt.",Ministerio de Economía de Argentina,2026-07-16,a9e884c780b16c01
Domestic Public Debt,"% of GDP, avg. of period",,Annual,03_Fiscal Accounts and Public Debt,02_General Government,52,3,2002,2025,"Domestic Public Debt (General Government) refers to the outstanding stock of public debt contracted by the general government with resident creditors. It includes loans, bonds, and other financial obligations held by domestic financial institutions, companies, or individuals. This indicator reflects the government’s reliance on domestic financing and the capacity of local markets to absorb public debt.",Tesouro Nacional do Brasil,2026-07-16,e6fa48489b3fb155
Domestic Public Debt,"% of GDP, avg. of period",,Annual,03_Fiscal Accounts and Public Debt,03_Non Financial Public Sector,192,8,1993,2025,"Domestic Public Debt (Non-Financial Public Sector) refers to the outstanding stock of public debt contracted by the non-financial public sector with resident creditors. It includes loans, bonds, and other financial obligations held by domestic financial institutions, companies, or individuals. This indicator reflects the government’s reliance on domestic financing and the capacity of local markets to absorb public debt.",Ministerio de Hacienda y Crédito Público de Colombia,2026-07-16,4b0e588540e4ef05
Domestic Public Debt,"% of GDP, end of period",,Annual,03_Fiscal Accounts and Public Debt,01_Central Government,157,11,1995,2025,"Domestic Public Debt (Central Government) refers to the outstanding stock of public debt contracted by the central government with resident creditors. It includes loans, bonds, and other financial obligations held by domestic financial institutions, companies, or individuals. This indicator reflects the government’s reliance on domestic financing and the capacity of local markets to absorb public debt.",Ministerio de Economía de Argentina,2026-07-16,1b1eace92279678b
Domestic Public Debt,"% of GDP, end of period",,Annual,03_Fiscal Accounts and Public Debt,02_General Government,56,3,2002,2025,"Domestic Public Debt (General Government) refers to the outstanding stock of public debt contracted by the general government with resident creditors. It includes loans, bonds, and other financial obligations held by domestic financial institutions, companies, or individuals. This indicator reflects the government’s reliance on domestic financing and the capacity of local markets to absorb public debt.",Tesouro Nacional do Brasil,2026-07-16,a6ac0f3da72862a0
Domestic Public Debt,"% of GDP, end of period",,Annual,03_Fiscal Accounts and Public Debt,03_Non Financial Public Sector,194,8,1993,2025,"Domestic Public Debt (Non-Financial Public Sector) refers to the outstanding stock of public debt contracted by the non-financial public sector with resident creditors. It includes loans, bonds, and other financial obligations held by domestic financial institutions, companies, or individuals. This indicator reflects the government’s reliance on domestic financing and the capacity of local markets to absorb public debt.",Ministerio de Hacienda y Crédito Público de Colombia,2026-07-16,faa82341b0ac37c0
Domestic Public Debt,constant prices – CPI-deflated,,Annual,03_Fiscal Accounts and Public Debt,01_Central Government,18,1,2008,2025,"Domestic Public Debt (Central Government) refers to the outstanding stock of public debt contracted by the central government with resident creditors. It includes loans, bonds, and other financial obligations held by domestic financial institutions, companies, or individuals. This indicator reflects the government’s reliance on domestic financing and the capacity of local markets to absorb public debt.",Secretaria de Finanzas de Honduras,2026-07-16,4598affc46182313
Domestic Public Debt,constant prices – CPI-deflated,,Annual,03_Fiscal Accounts and Public Debt,03_Non Financial Public Sector,22,1,2004,2025,"Domestic Public Debt (Non-Financial Public Sector) refers to the outstanding stock of public debt contracted by the non-financial public sector with resident creditors. It includes loans, bonds, and other financial obligations held by domestic financial institutions, companies, or individuals. This indicator reflects the government’s reliance on domestic financing and the capacity of local markets to absorb public debt.",Ministerio de Economía y Finanzas de Paraguay,2026-07-16,c810952c2018e7cb
Domestic Public Debt,"constant prices – CPI-deflated, avg. of period",,Annual,03_Fiscal Accounts and Public Debt,01_Central Government,146,10,1995,2025,"Domestic Public Debt (Central Government) refers to the outstanding stock of public debt contracted by the central government with resident creditors. It includes loans, bonds, and other financial obligations held by domestic financial institutions, companies, or individuals. This indicator reflects the government’s reliance on domestic financing and the capacity of local markets to absorb public debt.",Ministerio de Economía de Argentina,2026-07-16,b66c29d44b672c14
Domestic Public Debt,"constant prices – CPI-deflated, avg. of period",,Annual,03_Fiscal Accounts and Public Debt,02_General Government,52,3,2002,2025,"Domestic Public Debt (General Government) refers to the outstanding stock of public debt contracted by the general government with resident creditors. It includes loans, bonds, and other financial obligations held by domestic financial institutions, companies, or individuals. This indicator reflects the government’s reliance on domestic financing and the capacity of local markets to absorb public debt.",Tesouro Nacional do Brasil,2026-07-16,2cfac76a8a679a4f
Domestic Public Debt,"constant prices – CPI-deflated, avg. of period",,Annual,03_Fiscal Accounts and Public Debt,03_Non Financial Public Sector,197,8,1990,2025,"Domestic Public Debt (Non-Financial Public Sector) refers to the outstanding stock of public debt contracted by the non-financial public sector with resident creditors. It includes loans, bonds, and other financial obligations held by domestic financial institutions, companies, or individuals. This indicator reflects the government’s reliance on domestic financing and the capacity of local markets to absorb public debt.",Ministerio de Hacienda y Crédito Público de Colombia,2026-07-16,424d56125c6fa55f
Domestic Public Debt,"constant prices – CPI-deflated, end of period",,Annual,03_Fiscal Accounts and Public Debt,01_Central Government,162,11,1995,2025,"Domestic Public Debt (Central Government) refers to the outstanding stock of public debt contracted by the central government with resident creditors. It includes loans, bonds, and other financial obligations held by domestic financial institutions, companies, or individuals. This indicator reflects the government’s reliance on domestic financing and the capacity of local markets to absorb public debt.",Ministerio de Economía de Argentina,2026-07-16,fbc02b5b1aaa7458
Domestic Public Debt,"constant prices – CPI-deflated, end of period",,Annual,03_Fiscal Accounts and Public Debt,02_General Government,56,3,2002,2025,"Domestic Public Debt (General Government) refers to the outstanding stock of public debt contracted by the general government with resident creditors. It includes loans, bonds, and other financial obligations held by domestic financial institutions, companies, or individuals. This indicator reflects the government’s reliance on domestic financing and the capacity of local markets to absorb public debt.",Tesouro Nacional do Brasil,2026-07-16,ad3cd2d7192333c3
Domestic Public Debt,"constant prices – CPI-deflated, end of period",,Annual,03_Fiscal Accounts and Public Debt,03_Non Financial Public Sector,209,8,1990,2025,"Domestic Public Debt (Non-Financial Public Sector) refers to the outstanding stock of public debt contracted by the non-financial public sector with resident creditors. It includes loans, bonds, and other financial obligations held by domestic financial institutions, companies, or individuals. This indicator reflects the government’s reliance on domestic financing and the capacity of local markets to absorb public debt.",Ministerio de Hacienda y Crédito Público de Colombia,2026-07-16,5a925dd86a79fafd
Domestic Public Debt,fiscal year (Q4–Q3 aggregation),,Annual,03_Fiscal Accounts and Public Debt,01_Central Government,55,3,1999,2025,"Domestic Public Debt (Central Government) refers to the outstanding stock of public debt contracted by the central government with resident creditors. It includes loans, bonds, and other financial obligations held by domestic financial institutions, companies, or individuals. This indicator reflects the government’s reliance on domestic financing and the capacity of local markets to absorb public debt.",Ministerio de Economía de Argentina,2026-07-16,9aae74733a73d6b5
Domestic Public Debt,fiscal year (Q4–Q3 aggregation),,Annual,03_Fiscal Accounts and Public Debt,02_General Government,23,1,2003,2025,"Domestic Public Debt (General Government) refers to the outstanding stock of public debt contracted by the general government with resident creditors. It includes loans, bonds, and other financial obligations held by domestic financial institutions, companies, or individuals. This indicator reflects the government’s reliance on domestic financing and the capacity of local markets to absorb public debt.",Tesouro Nacional do Brasil,2026-07-16,6e4ed664f37e14e3
Domestic Public Debt,fiscal year (Q4–Q3 aggregation),,Annual,03_Fiscal Accounts and Public Debt,03_Non Financial Public Sector,94,4,2000,2025,"Domestic Public Debt (Non-Financial Public Sector) refers to the outstanding stock of public debt contracted by the non-financial public sector with resident creditors. It includes loans, bonds, and other financial obligations held by domestic financial institutions, companies, or individuals. This indicator reflects the government’s reliance on domestic financing and the capacity of local markets to absorb public debt.",Ministerio de Hacienda y Crédito Público de Colombia,2026-07-16,e88b81ff32be2733
Domestic Public Debt,"fiscal year (Q4–Q3 aggregation), avg. of period",,Annual,03_Fiscal Accounts and Public Debt,01_Central Government,158,9,1991,2025,"Domestic Public Debt (Central Government) refers to the outstanding stock of public debt contracted by the central government with resident creditors. It includes loans, bonds, and other financial obligations held by domestic financial institutions, companies, or individuals. This indicator reflects the government’s reliance on domestic financing and the capacity of local markets to absorb public debt.",Tesouro Nacional do Brasil,2026-07-16,311c4dbb247946aa
Domestic Public Debt,"fiscal year (Q4–Q3 aggregation), avg. of period",,Annual,03_Fiscal Accounts and Public Debt,02_General Government,26,2,2009,2025,"Domestic Public Debt (General Government) refers to the outstanding stock of public debt contracted by the general government with resident creditors. It includes loans, bonds, and other financial obligations held by domestic financial institutions, companies, or individuals. This indicator reflects the government’s reliance on domestic financing and the capacity of local markets to absorb public debt.",Ministerio de Hacienda de Costa Rica,2026-08-03,49b00248903c3911
Domestic Public Debt,"fiscal year (Q4–Q3 aggregation), avg. of period",,Annual,03_Fiscal Accounts and Public Debt,03_Non Financial Public Sector,69,3,1999,2025,"Domestic Public Debt (Non-Financial Public Sector) refers to the outstanding stock of public debt contracted by the non-financial public sector with resident creditors. It includes loans, bonds, and other financial obligations held by domestic financial institutions, companies, or individuals. This indicator reflects the government’s reliance on domestic financing and the capacity of local markets to absorb public debt.",Ministerio de Economía y Finanzas de Ecuador,2026-07-16,b7f80259e970e0b4
Domestic Public Debt,"fiscal year (Q4–Q3 aggregation), end of period",,Annual,03_Fiscal Accounts and Public Debt,01_Central Government,143,8,1996,2025,"Domestic Public Debt (Central Government) refers to the outstanding stock of public debt contracted by the central government with resident creditors. It includes loans, bonds, and other financial obligations held by domestic financial institutions, companies, or individuals. This indicator reflects the government’s reliance on domestic financing and the capacity of local markets to absorb public debt.",Tesouro Nacional do Brasil,2026-07-16,51b4998e9ecb90c3
Domestic Public Debt,"fiscal year (Q4–Q3 aggregation), end of period",,Annual,03_Fiscal Accounts and Public Debt,02_General Government,27,2,2009,2025,"Domestic Public Debt (General Government) refers to the outstanding stock of public debt contracted by the general government with resident creditors. It includes loans, bonds, and other financial obligations held by domestic financial institutions, companies, or individuals. This indicator reflects the government’s reliance on domestic financing and the capacity of local markets to absorb public debt.",Ministerio de Hacienda de Costa Rica,2026-08-03,c37034069feb250c
Domestic Public Debt,"fiscal year (Q4–Q3 aggregation), end of period",,Annual,03_Fiscal Accounts and Public Debt,03_Non Financial Public Sector,81,4,1999,2025,"Domestic Public Debt (Non-Financial Public Sector) refers to the outstanding stock of public debt contracted by the non-financial public sector with resident creditors. It includes loans, bonds, and other financial obligations held by domestic financial institutions, companies, or individuals. This indicator reflects the government’s reliance on domestic financing and the capacity of local markets to absorb public debt.",Ministerio de Economía y Hacienda de Rep. Dominicana,2026-07-16,461dc3854f3079fc
Domestic Public Debt,millions of USD,YoY %,Annual,03_Fiscal Accounts and Public Debt,01_Central Government,17,1,2009,2025,"Domestic Public Debt (Central Government) refers to the outstanding stock of public debt contracted by the central government with resident creditors. It includes loans, bonds, and other financial obligations held by domestic financial institutions, companies, or individuals. This indicator reflects the government’s reliance on domestic financing and the capacity of local markets to absorb public debt.",Secretaria de Finanzas de Honduras,2026-07-16,921d52c1b44b40ba
Domestic Public Debt,millions of USD,YoY %,Annual,03_Fiscal Accounts and Public Debt,03_Non Financial Public Sector,21,1,2005,2025,"Domestic Public Debt (Non-Financial Public Sector) refers to the outstanding stock of public debt contracted by the non-financial public sector with resident creditors. It includes loans, bonds, and other financial obligations held by domestic financial institutions, companies, or individuals. This indicator reflects the government’s reliance on domestic financing and the capacity of local markets to absorb public debt.",Ministerio de Economía y Finanzas de Paraguay,2026-07-16,9ab9b47f7a73c607
Domestic Public Debt,millions of USD,,Annual,03_Fiscal Accounts and Public Debt,01_Central Government,18,1,2008,2025,"Domestic Public Debt (Central Government) refers to the outstanding stock of public debt contracted by the central government with resident creditors. It includes loans, bonds, and other financial obligations held by domestic financial institutions, companies, or individuals. This indicator reflects the government’s reliance on domestic financing and the capacity of local markets to absorb public debt.",Secretaria de Finanzas de Honduras,2026-07-16,0fd5bed87878e943
Domestic Public Debt,millions of USD,,Annual,03_Fiscal Accounts and Public Debt,03_Non Financial Public Sector,22,1,2004,2025,"Domestic Public Debt (Non-Financial Public Sector) refers to the outstanding stock of public debt contracted by the non-financial public sector with resident creditors. It includes loans, bonds, and other financial obligations held by domestic financial institutions, companies, or individuals. This indicator reflects the government’s reliance on domestic financing and the capacity of local markets to absorb public debt.",Ministerio de Economía y Finanzas de Paraguay,2026-07-16,a347fdb9dce22913
Domestic Public Debt,"millions of USD, avg. of period",YoY %,Annual,03_Fiscal Accounts and Public Debt,01_Central Government,148,10,1996,2025,"Domestic Public Debt (Central Government) refers to the outstanding stock of public debt contracted by the central government with resident creditors. It includes loans, bonds, and other financial obligations held by domestic financial institutions, companies, or individuals. This indicator reflects the government’s reliance on domestic financing and the capacity of local markets to absorb public debt.",Ministerio de Economía de Argentina,2026-07-16,199d74eeed1745e1
Domestic Public Debt,"millions of USD, avg. of period",YoY %,Annual,03_Fiscal Accounts and Public Debt,02_General Government,49,3,2003,2025,"Domestic Public Debt (General Government) refers to the outstanding stock of public debt contracted by the general government with resident creditors. It includes loans, bonds, and other financial obligations held by domestic financial institutions, companies, or individuals. This indicator reflects the government’s reliance on domestic financing and the capacity of local markets to absorb public debt.",Tesouro Nacional do Brasil,2026-07-16,6d953878a88e6e9c
Domestic Public Debt,"millions of USD, avg. of period",YoY %,Annual,03_Fiscal Accounts and Public Debt,03_Non Financial Public Sector,189,8,1991,2025,"Domestic Public Debt (Non-Financial Public Sector) refers to the outstanding stock of public debt contracted by the non-financial public sector with resident creditors. It includes loans, bonds, and other financial obligations held by domestic financial institutions, companies, or individuals. This indicator reflects the government’s reliance on domestic financing and the capacity of local markets to absorb public debt.",Ministerio de Hacienda y Crédito Público de Colombia,2026-07-16,5348559a54d3ce6d
Domestic Public Debt,"millions of USD, avg. of period",,Annual,03_Fiscal Accounts and Public Debt,01_Central Government,156,10,1995,2025,"Domestic Public Debt (Central Government) refers to the outstanding stock of public debt contracted by the central government with resident creditors. It includes loans, bonds, and other financial obligations held by domestic financial institutions, companies, or individuals. This indicator reflects the government’s reliance on domestic financing and the capacity of local markets to absorb public debt.",Ministerio de Economía de Argentina,2026-07-16,6284f7045da6ffc6
Domestic Public Debt,"millions of USD, avg. of period",,Annual,03_Fiscal Accounts and Public Debt,02_General Government,52,3,2002,2025,"Domestic Public Debt (General Government) refers to the outstanding stock of public debt contracted by the general government with resident creditors. It includes loans, bonds, and other financial obligations held by domestic financial institutions, companies, or individuals. This indicator reflects the government’s reliance on domestic financing and the capacity of local markets to absorb public debt.",Tesouro Nacional do Brasil,2026-07-16,5278a94f7c291883
Domestic Public Debt,"millions of USD, avg. of period",,Annual,03_Fiscal Accounts and Public Debt,03_Non Financial Public Sector,197,8,1990,2025,"Domestic Public Debt (Non-Financial Public Sector) refers to the outstanding stock of public debt contracted by the non-financial public sector with resident creditors. It includes loans, bonds, and other financial obligations held by domestic financial institutions, companies, or individuals. This indicator reflects the government’s reliance on domestic financing and the capacity of local markets to absorb public debt.",Ministerio de Hacienda y Crédito Público de Colombia,2026-07-16,5c379c2029e062cd
Domestic Public Debt,"millions of USD, end of period",YoY %,Annual,03_Fiscal Accounts and Public Debt,01_Central Government,160,11,1996,2025,"Domestic Public Debt (Central Government) refers to the outstanding stock of public debt contracted by the central government with resident creditors. It includes loans, bonds, and other financial obligations held by domestic financial institutions, companies, or individuals. This indicator reflects the government’s reliance on domestic financing and the capacity of local markets to absorb public debt.",Ministerio de Economía de Argentina,2026-07-16,286964ea94d43f5f
Domestic Public Debt,"millions of USD, end of period",YoY %,Annual,03_Fiscal Accounts and Public Debt,02_General Government,53,3,2003,2025,"Domestic Public Debt (General Government) refers to the outstanding stock of public debt contracted by the general government with resident creditors. It includes loans, bonds, and other financial obligations held by domestic financial institutions, companies, or individuals. This indicator reflects the government’s reliance on domestic financing and the capacity of local markets to absorb public debt.",Tesouro Nacional do Brasil,2026-07-16,cea21486796394bf
Domestic Public Debt,"millions of USD, end of period",YoY %,Annual,03_Fiscal Accounts and Public Debt,03_Non Financial Public Sector,202,8,1991,2025,"Domestic Public Debt (Non-Financial Public Sector) refers to the outstanding stock of public debt contracted by the non-financial public sector with resident creditors. It includes loans, bonds, and other financial obligations held by domestic financial institutions, companies, or individuals. This indicator reflects the government’s reliance on domestic financing and the capacity of local markets to absorb public debt.",Ministerio de Hacienda y Crédito Público de Colombia,2026-07-16,e89a302afa95ca8a
Domestic Public Debt,"millions of USD, end of period",,Annual,03_Fiscal Accounts and Public Debt,01_Central Government,168,11,1995,2025,"Domestic Public Debt (Central Government) refers to the outstanding stock of public debt contracted by the central government with resident creditors. It includes loans, bonds, and other financial obligations held by domestic financial institutions, companies, or individuals. This indicator reflects the government’s reliance on domestic financing and the capacity of local markets to absorb public debt.",Ministerio de Economía de Argentina,2026-07-16,99abd861f6616b7d
Domestic Public Debt,"millions of USD, end of period",,Annual,03_Fiscal Accounts and Public Debt,02_General Government,56,3,2002,2025,"Domestic Public Debt (General Government) refers to the outstanding stock of public debt contracted by the general government with resident creditors. It includes loans, bonds, and other financial obligations held by domestic financial institutions, companies, or individuals. This indicator reflects the government’s reliance on domestic financing and the capacity of local markets to absorb public debt.",Tesouro Nacional do Brasil,2026-07-16,ae84b27c46a4059a
Domestic Public Debt,"millions of USD, end of period",,Annual,03_Fiscal Accounts and Public Debt,03_Non Financial Public Sector,210,8,1990,2025,"Domestic Public Debt (Non-Financial Public Sector) refers to the outstanding stock of public debt contracted by the non-financial public sector with resident creditors. It includes loans, bonds, and other financial obligations held by domestic financial institutions, companies, or individuals. This indicator reflects the government’s reliance on domestic financing and the capacity of local markets to absorb public debt.",Ministerio de Hacienda y Crédito Público de Colombia,2026-07-16,547ee541965f35f1
Domestic Public Debt,millions of domestic currency,YoY %,Annual,03_Fiscal Accounts and Public Debt,01_Central Government,17,1,2009,2025,"Domestic Public Debt (Central Government) refers to the outstanding stock of public debt contracted by the central government with resident creditors. It includes loans, bonds, and other financial obligations held by domestic financial institutions, companies, or individuals. This indicator reflects the government’s reliance on domestic financing and the capacity of local markets to absorb public debt.",Secretaria de Finanzas de Honduras,2026-07-16,198e8389d1b493f3
Domestic Public Debt,millions of domestic currency,YoY %,Annual,03_Fiscal Accounts and Public Debt,03_Non Financial Public Sector,21,1,2005,2025,"Domestic Public Debt (Non-Financial Public Sector) refers to the outstanding stock of public debt contracted by the non-financial public sector with resident creditors. It includes loans, bonds, and other financial obligations held by domestic financial institutions, companies, or individuals. This indicator reflects the government’s reliance on domestic financing and the capacity of local markets to absorb public debt.",Ministerio de Economía y Finanzas de Paraguay,2026-07-16,9c75e0e4c7916293
Domestic Public Debt,millions of domestic currency,,Annual,03_Fiscal Accounts and Public Debt,01_Central Government,18,1,2008,2025,"Domestic Public Debt (Central Government) refers to the outstanding stock of public debt contracted by the central government with resident creditors. It includes loans, bonds, and other financial obligations held by domestic financial institutions, companies, or individuals. This indicator reflects the government’s reliance on domestic financing and the capacity of local markets to absorb public debt.",Secretaria de Finanzas de Honduras,2026-07-16,7f98ce4c6b7d0a64
Domestic Public Debt,millions of domestic currency,,Annual,03_Fiscal Accounts and Public Debt,03_Non Financial Public Sector,22,1,2004,2025,"Domestic Public Debt (Non-Financial Public Sector) refers to the outstanding stock of public debt contracted by the non-financial public sector with resident creditors. It includes loans, bonds, and other financial obligations held by domestic financial institutions, companies, or individuals. This indicator reflects the government’s reliance on domestic financing and the capacity of local markets to absorb public debt.",Ministerio de Economía y Finanzas de Paraguay,2026-07-16,fb0a278b3a9d5cd6
Domestic Public Debt,"millions of domestic currency, avg. of period",YoY %,Annual,03_Fiscal Accounts and Public Debt,01_Central Government,149,10,1996,2026,"Domestic Public Debt (Central Government) refers to the outstanding stock of public debt contracted by the central government with resident creditors. It includes loans, bonds, and other financial obligations held by domestic financial institutions, companies, or individuals. This indicator reflects the government’s reliance on domestic financing and the capacity of local markets to absorb public debt.",Ministerio de Economía de Argentina,2026-07-16,b89590da26b1dcdb
Domestic Public Debt,"millions of domestic currency, avg. of period",YoY %,Annual,03_Fiscal Accounts and Public Debt,02_General Government,49,3,2003,2025,"Domestic Public Debt (General Government) refers to the outstanding stock of public debt contracted by the general government with resident creditors. It includes loans, bonds, and other financial obligations held by domestic financial institutions, companies, or individuals. This indicator reflects the government’s reliance on domestic financing and the capacity of local markets to absorb public debt.",Tesouro Nacional do Brasil,2026-07-16,a6e71e73ad425fa1
Domestic Public Debt,"millions of domestic currency, avg. of period",YoY %,Annual,03_Fiscal Accounts and Public Debt,03_Non Financial Public Sector,189,8,1991,2025,"Domestic Public Debt (Non-Financial Public Sector) refers to the outstanding stock of public debt contracted by the non-financial public sector with resident creditors. It includes loans, bonds, and other financial obligations held by domestic financial institutions, companies, or individuals. This indicator reflects the government’s reliance on domestic financing and the capacity of local markets to absorb public debt.",Ministerio de Hacienda y Crédito Público de Colombia,2026-07-16,3bf216e5937a9a05
Domestic Public Debt,"millions of domestic currency, avg. of period",,Annual,03_Fiscal Accounts and Public Debt,01_Central Government,157,10,1995,2026,"Domestic Public Debt (Central Government) refers to the outstanding stock of public debt contracted by the central government with resident creditors. It includes loans, bonds, and other financial obligations held by domestic financial institutions, companies, or individuals. This indicator reflects the government’s reliance on domestic financing and the capacity of local markets to absorb public debt.",Ministerio de Economía de Argentina,2026-07-16,b7f88f21618fed21
Domestic Public Debt,"millions of domestic currency, avg. of period",,Annual,03_Fiscal Accounts and Public Debt,02_General Government,52,3,2002,2025,"Domestic Public Debt (General Government) refers to the outstanding stock of public debt contracted by the general government with resident creditors. It includes loans, bonds, and other financial obligations held by domestic financial institutions, companies, or individuals. This indicator reflects the government’s reliance on domestic financing and the capacity of local markets to absorb public debt.",Tesouro Nacional do Brasil,2026-07-16,552c5aa45946caf7
Domestic Public Debt,"millions of domestic currency, avg. of period",,Annual,03_Fiscal Accounts and Public Debt,03_Non Financial Public Sector,197,8,1990,2025,"Domestic Public Debt (Non-Financial Public Sector) refers to the outstanding stock of public debt contracted by the non-financial public sector with resident creditors. It includes loans, bonds, and other financial obligations held by domestic financial institutions, companies, or individuals. This indicator reflects the government’s reliance on domestic financing and the capacity of local markets to absorb public debt.",Ministerio de Hacienda y Crédito Público de Colombia,2026-07-16,17769bdec99e4b7e
Domestic Public Debt,"millions of domestic currency, end of period",YoY %,Annual,03_Fiscal Accounts and Public Debt,01_Central Government,160,11,1996,2025,"Domestic Public Debt (Central Government) refers to the outstanding stock of public debt contracted by the central government with resident creditors. It includes loans, bonds, and other financial obligations held by domestic financial institutions, companies, or individuals. This indicator reflects the government’s reliance on domestic financing and the capacity of local markets to absorb public debt.",Ministerio de Economía de Argentina,2026-07-16,072829de6a8da0ef
Domestic Public Debt,"millions of domestic currency, end of period",YoY %,Annual,03_Fiscal Accounts and Public Debt,02_General Government,53,3,2003,2025,"Domestic Public Debt (General Government) refers to the outstanding stock of public debt contracted by the general government with resident creditors. It includes loans, bonds, and other financial obligations held by domestic financial institutions, companies, or individuals. This indicator reflects the government’s reliance on domestic financing and the capacity of local markets to absorb public debt.",Tesouro Nacional do Brasil,2026-07-16,47225f517c151048
Domestic Public Debt,"millions of domestic currency, end of period",YoY %,Annual,03_Fiscal Accounts and Public Debt,03_Non Financial Public Sector,202,8,1991,2025,"Domestic Public Debt (Non-Financial Public Sector) refers to the outstanding stock of public debt contracted by the non-financial public sector with resident creditors. It includes loans, bonds, and other financial obligations held by domestic financial institutions, companies, or individuals. This indicator reflects the government’s reliance on domestic financing and the capacity of local markets to absorb public debt.",Ministerio de Hacienda y Crédito Público de Colombia,2026-07-16,de3f0cef7535428a
Domestic Public Debt,"millions of domestic currency, end of period",,Annual,03_Fiscal Accounts and Public Debt,01_Central Government,168,11,1995,2025,"Domestic Public Debt (Central Government) refers to the outstanding stock of public debt contracted by the central government with resident creditors. It includes loans, bonds, and other financial obligations held by domestic financial institutions, companies, or individuals. This indicator reflects the government’s reliance on domestic financing and the capacity of local markets to absorb public debt.",Ministerio de Economía de Argentina,2026-07-16,efb89e0140c768b5
Domestic Public Debt,"millions of domestic currency, end of period",,Annual,03_Fiscal Accounts and Public Debt,02_General Government,56,3,2002,2025,"Domestic Public Debt (General Government) refers to the outstanding stock of public debt contracted by the general government with resident creditors. It includes loans, bonds, and other financial obligations held by domestic financial institutions, companies, or individuals. This indicator reflects the government’s reliance on domestic financing and the capacity of local markets to absorb public debt.",Tesouro Nacional do Brasil,2026-07-16,8aa5df3a768b0772
Domestic Public Debt,"millions of domestic currency, end of period",,Annual,03_Fiscal Accounts and Public Debt,03_Non Financial Public Sector,210,8,1990,2025,"Domestic Public Debt (Non-Financial Public Sector) refers to the outstanding stock of public debt contracted by the non-financial public sector with resident creditors. It includes loans, bonds, and other financial obligations held by domestic financial institutions, companies, or individuals. This indicator reflects the government’s reliance on domestic financing and the capacity of local markets to absorb public debt.",Ministerio de Hacienda y Crédito Público de Colombia,2026-07-16,9a94af698817ebae
Employment (number of persons),"millions of persons, avg. of period",YoY %,Annual,01_Economic Activity and Employment,03_Labor Market,254,12,1991,2025,Employment (number of persons) is the total number of individuals engaged in any form of paid work or self-employment during a given period. The exact criteria may vary across countries.,INDEC - Argentina,2026-07-16,1b3d9e8a4fb68986
Employment (number of persons),"millions of persons, avg. of period",,Annual,01_Economic Activity and Employment,03_Labor Market,266,12,1990,2025,Employment (number of persons) is the total number of individuals engaged in any form of paid work or self-employment during a given period. The exact criteria may vary across countries.,INDEC - Argentina,2026-07-16,96fea72e0e626ba8
Employment (number of persons),"millions of persons, end of period",YoY %,Annual,01_Economic Activity and Employment,03_Labor Market,257,12,1991,2025,Employment (number of persons) is the total number of individuals engaged in any form of paid work or self-employment during a given period. The exact criteria may vary across countries.,INDEC - Argentina,2026-07-16,25b816fe3d7e9afc
Employment (number of persons),"millions of persons, end of period",,Annual,01_Economic Activity and Employment,03_Labor Market,268,12,1990,2025,Employment (number of persons) is the total number of individuals engaged in any form of paid work or self-employment during a given period. The exact criteria may vary across countries.,INDEC - Argentina,2026-07-16,de2d58ccdf2738b2
Employment Rate,"in %, avg. of period",,Annual,01_Economic Activity and Employment,03_Labor Market,333,17,1990,2025,The employment rate is the share of the working-age population that is employed during a given period.,INDEC - Argentina,2026-07-16,76d89becf74aa7f3
Employment Rate,"in %, end of period",,Annual,01_Economic Activity and Employment,03_Labor Market,334,17,1990,2025,The employment rate is the share of the working-age population that is employed during a given period.,INDEC - Argentina,2026-07-16,e778378fb2ce9018
Errors and Omissions,% of GDP,,Annual,04_External Accounts,01_Balance of Payments,486,24,1990,2025,"Errors and Omissions are a balancing item in the balance of payments that accounts for discrepancies arising from measurement or timing errors in recorded transactions. They ensure that the sum of the current account and the capital and financial account equals the change in reserves, maintaining consistency in the overall balance of payments.",INDEC - Argentina,2026-07-16,05a1601cfb286876
Errors and Omissions,millions of USD,,Annual,04_External Accounts,01_Balance of Payments,539,25,1990,2025,"Errors and Omissions are a balancing item in the balance of payments that accounts for discrepancies arising from measurement or timing errors in recorded transactions. They ensure that the sum of the current account and the capital and financial account equals the change in reserves, maintaining consistency in the overall balance of payments.",INDEC - Argentina,2026-07-16,7c1c418d2de82f48
Export Prices,"index (2023 = 100), avg. of period",YoY %,Annual,02_Prices and Wages,04_Trade Prices,312,11,1991,2025,"The Export Price Index is an index that measures the average prices of goods a country sells abroad. It reflects changes in export prices over time, independent of traded volumes. Movements in the export price index affect trade revenues and are a key component in calculating the Terms of Trade.",INDEC - Argentina,2026-07-16,81b117abd2b5ca51
Export Prices,"index (2023 = 100), avg. of period",,Annual,02_Prices and Wages,04_Trade Prices,323,11,1990,2025,"The Export Price Index is an index that measures the average prices of goods a country sells abroad. It reflects changes in export prices over time, independent of traded volumes. Movements in the export price index affect trade revenues and are a key component in calculating the Terms of Trade.",INDEC - Argentina,2026-07-16,3f2f64ee463b9316
Export Prices,"index (2023 = 100), end of period",YoY %,Annual,02_Prices and Wages,04_Trade Prices,312,11,1991,2025,"The Export Price Index is an index that measures the average prices of goods a country sells abroad. It reflects changes in export prices over time, independent of traded volumes. Movements in the export price index affect trade revenues and are a key component in calculating the Terms of Trade.",INDEC - Argentina,2026-07-16,f8b44003cda415fe
Export Prices,"index (2023 = 100), end of period",,Annual,02_Prices and Wages,04_Trade Prices,323,11,1990,2025,"The Export Price Index is an index that measures the average prices of goods a country sells abroad. It reflects changes in export prices over time, independent of traded volumes. Movements in the export price index affect trade revenues and are a key component in calculating the Terms of Trade.",INDEC - Argentina,2026-07-16,c6f28e15e5c1bbfe
Export Prices,"index, avg. of period",YoY %,Annual,02_Prices and Wages,04_Trade Prices,312,11,1991,2025,"The Export Price Index is an index that measures the average prices of goods a country sells abroad. It reflects changes in export prices over time, independent of traded volumes. Movements in the export price index affect trade revenues and are a key component in calculating the Terms of Trade.",INDEC - Argentina,2026-07-16,7146c1ff05a0cae3
Export Prices,"index, avg. of period",,Annual,02_Prices and Wages,04_Trade Prices,323,11,1990,2025,"The Export Price Index is an index that measures the average prices of goods a country sells abroad. It reflects changes in export prices over time, independent of traded volumes. Movements in the export price index affect trade revenues and are a key component in calculating the Terms of Trade.",INDEC - Argentina,2026-07-16,bbbc22394b485c70
Export Prices,"index, end of period",YoY %,Annual,02_Prices and Wages,04_Trade Prices,312,11,1991,2025,"The Export Price Index is an index that measures the average prices of goods a country sells abroad. It reflects changes in export prices over time, independent of traded volumes. Movements in the export price index affect trade revenues and are a key component in calculating the Terms of Trade.",INDEC - Argentina,2026-07-16,7544db11f24c88c0
Export Prices,"index, end of period",,Annual,02_Prices and Wages,04_Trade Prices,323,11,1990,2025,"The Export Price Index is an index that measures the average prices of goods a country sells abroad. It reflects changes in export prices over time, independent of traded volumes. Movements in the export price index affect trade revenues and are a key component in calculating the Terms of Trade.",INDEC - Argentina,2026-07-16,e64c8ddd471a8a97
Exports (National Accounts),% of GDP,,Annual,01_Economic Activity and Employment,01_National Accounts,648,23,1990,2025,"Exports in national accounts represent the total value of goods and services produced domestically and sold to the rest of the world, recorded on the basis of economic ownership rather than physical movement. This measure covers both tangible goods and intangible services, and may include transactions where goods do not physically cross borders (such as merchanting or goods for processing abroad) to align with GDP accounting. It excludes foreign content in re-exports and may differ from balance of payments data due to adjustments in timing, valuation and ownership recognition.",INDEC - Argentina,2026-07-16,86d0a8415b9aa16b
Exports (National Accounts),constant prices – national accounts deflator,YoY %,Annual,01_Economic Activity and Employment,01_National Accounts,584,21,1991,2025,"Exports in national accounts represent the total value of goods and services produced domestically and sold to the rest of the world, recorded on the basis of economic ownership rather than physical movement. This measure covers both tangible goods and intangible services, and may include transactions where goods do not physically cross borders (such as merchanting or goods for processing abroad) to align with GDP accounting. It excludes foreign content in re-exports and may differ from balance of payments data due to adjustments in timing, valuation and ownership recognition.",INDEC - Argentina,2026-07-16,d8a7277c4c10690d
Exports (National Accounts),constant prices – national accounts deflator,,Annual,01_Economic Activity and Employment,01_National Accounts,605,21,1990,2025,"Exports in national accounts represent the total value of goods and services produced domestically and sold to the rest of the world, recorded on the basis of economic ownership rather than physical movement. This measure covers both tangible goods and intangible services, and may include transactions where goods do not physically cross borders (such as merchanting or goods for processing abroad) to align with GDP accounting. It excludes foreign content in re-exports and may differ from balance of payments data due to adjustments in timing, valuation and ownership recognition.",INDEC - Argentina,2026-07-16,0d75951c9b3af3f2
Exports (National Accounts),millions of USD,YoY %,Annual,01_Economic Activity and Employment,01_National Accounts,634,23,1991,2025,"Exports in national accounts represent the total value of goods and services produced domestically and sold to the rest of the world, recorded on the basis of economic ownership rather than physical movement. This measure covers both tangible goods and intangible services, and may include transactions where goods do not physically cross borders (such as merchanting or goods for processing abroad) to align with GDP accounting. It excludes foreign content in re-exports and may differ from balance of payments data due to adjustments in timing, valuation and ownership recognition.",INDEC - Argentina,2026-07-16,aa8abc1470d2a729
Exports (National Accounts),millions of USD,,Annual,01_Economic Activity and Employment,01_National Accounts,643,23,1990,2025,"Exports in national accounts represent the total value of goods and services produced domestically and sold to the rest of the world, recorded on the basis of economic ownership rather than physical movement. This measure covers both tangible goods and intangible services, and may include transactions where goods do not physically cross borders (such as merchanting or goods for processing abroad) to align with GDP accounting. It excludes foreign content in re-exports and may differ from balance of payments data due to adjustments in timing, valuation and ownership recognition.",INDEC - Argentina,2026-07-16,5b2a28a119843e43
Exports (National Accounts),millions of domestic currency,YoY %,Annual,01_Economic Activity and Employment,01_National Accounts,639,23,1991,2025,"Exports in national accounts represent the total value of goods and services produced domestically and sold to the rest of the world, recorded on the basis of economic ownership rather than physical movement. This measure covers both tangible goods and intangible services, and may include transactions where goods do not physically cross borders (such as merchanting or goods for processing abroad) to align with GDP accounting. It excludes foreign content in re-exports and may differ from balance of payments data due to adjustments in timing, valuation and ownership recognition.",INDEC - Argentina,2026-07-16,b785dc893ea7a7fa
Exports (National Accounts),millions of domestic currency,,Annual,01_Economic Activity and Employment,01_National Accounts,648,23,1990,2025,"Exports in national accounts represent the total value of goods and services produced domestically and sold to the rest of the world, recorded on the basis of economic ownership rather than physical movement. This measure covers both tangible goods and intangible services, and may include transactions where goods do not physically cross borders (such as merchanting or goods for processing abroad) to align with GDP accounting. It excludes foreign content in re-exports and may differ from balance of payments data due to adjustments in timing, valuation and ownership recognition.",INDEC - Argentina,2026-07-16,3b5655a57b05a8c5
Exports (Trade Balance),% of GDP,,Annual,04_External Accounts,02_Trade Balance,529,20,1990,2025,"Exports (Trade Balance) are the total value of physical goods sold to the rest of the world, based on customs data. Goods are typically measured on a FOB (free-on-board) basis and recorded when they physically cross the border. Unlike exports in the Balance of Payments or National Accounts, this measure covers only goods (not services), relies on customs declarations and does not adjust for economic ownership, merchanting or processing abroad. It is used primarily to calculate the trade balance of goods.",INDEC - Argentina,2026-07-16,974928e566f80922
Exports (Trade Balance),millions of USD,YoY %,Annual,04_External Accounts,02_Trade Balance,600,21,1991,2025,"Exports (Trade Balance) are the total value of physical goods sold to the rest of the world, based on customs data. Goods are typically measured on a FOB (free-on-board) basis and recorded when they physically cross the border. Unlike exports in the Balance of Payments or National Accounts, this measure covers only goods (not services), relies on customs declarations and does not adjust for economic ownership, merchanting or processing abroad. It is used primarily to calculate the trade balance of goods.",INDEC - Argentina,2026-07-16,0ad9f0fe7e6ac91f
Exports (Trade Balance),millions of USD,,Annual,04_External Accounts,02_Trade Balance,624,21,1990,2025,"Exports (Trade Balance) are the total value of physical goods sold to the rest of the world, based on customs data. Goods are typically measured on a FOB (free-on-board) basis and recorded when they physically cross the border. Unlike exports in the Balance of Payments or National Accounts, this measure covers only goods (not services), relies on customs declarations and does not adjust for economic ownership, merchanting or processing abroad. It is used primarily to calculate the trade balance of goods.",INDEC - Argentina,2026-07-16,79d0ff5991f90c52
Exports of Goods (BOP),% of GDP,,Annual,04_External Accounts,01_Balance of Payments,458,23,1994,2025,"Exports of Goods (Balance of Payments) are the value of physical goods sold by residents to non-residents, recorded when ownership changes and the goods cross the country’s border. Measured on a FOB (free-on-board) basis they capture actual international trade flows and are part of the current account in the balance of payments.",INDEC - Argentina,2026-07-16,c4524ccec94fe571
Exports of Goods (BOP),% of total exports,,Annual,04_External Accounts,01_Balance of Payments,478,23,1991,2025,"Exports of Goods (Balance of Payments) are the value of physical goods sold by residents to non-residents, recorded when ownership changes and the goods cross the country’s border. Measured on a FOB (free-on-board) basis they capture actual international trade flows and are part of the current account in the balance of payments.",INDEC - Argentina,2026-07-16,396af4db1c3fec7f
Exports of Goods (BOP),% of total imports,,Annual,04_External Accounts,01_Balance of Payments,478,23,1991,2025,"Exports of Goods (Balance of Payments) are the value of physical goods sold by residents to non-residents, recorded when ownership changes and the goods cross the country’s border. Measured on a FOB (free-on-board) basis they capture actual international trade flows and are part of the current account in the balance of payments.",INDEC - Argentina,2026-07-16,dff523b2c752c020
Exports of Goods (BOP),millions of USD,YoY %,Annual,04_External Accounts,01_Balance of Payments,483,24,1992,2025,"Exports of Goods (Balance of Payments) are the value of physical goods sold by residents to non-residents, recorded when ownership changes and the goods cross the country’s border. Measured on a FOB (free-on-board) basis they capture actual international trade flows and are part of the current account in the balance of payments.",INDEC - Argentina,2026-07-16,84cc874bf073216c
Exports of Goods (BOP),millions of USD,,Annual,04_External Accounts,01_Balance of Payments,507,24,1991,2025,"Exports of Goods (Balance of Payments) are the value of physical goods sold by residents to non-residents, recorded when ownership changes and the goods cross the country’s border. Measured on a FOB (free-on-board) basis they capture actual international trade flows and are part of the current account in the balance of payments.",INDEC - Argentina,2026-07-16,eba0c82acfbfaf7c
Exports of Goods and Services (BOP),% of GDP,,Annual,04_External Accounts,01_Balance of Payments,477,24,1994,2025,"Exports of Goods and Services (Balance of Payments) are the total value of goods and services provided by residents to non-residents, recorded when a change in ownership occurs. Goods are typically measured on a FOB (free-on-board) basis and must physically cross borders while services include items such as travel, transport and business services. This measure reflects actual cross-border transactions and is part of the current account in the balance of payments.",INDEC - Argentina,2026-07-16,558dd2251e1f1ae2
Exports of Goods and Services (BOP),fiscal year (Q4–Q3 aggregation),,Annual,04_External Accounts,01_Balance of Payments,428,23,1995,2025,"Exports of Goods and Services (Balance of Payments) are the total value of goods and services provided by residents to non-residents, recorded when a change in ownership occurs. Goods are typically measured on a FOB (free-on-board) basis and must physically cross borders while services include items such as travel, transport and business services. This measure reflects actual cross-border transactions and is part of the current account in the balance of payments.",INDEC - Argentina,2026-07-16,685902b61daa9a45
Exports of Goods and Services (BOP),millions of USD,YoY %,Annual,04_External Accounts,01_Balance of Payments,477,24,1992,2025,"Exports of Goods and Services (Balance of Payments) are the total value of goods and services provided by residents to non-residents, recorded when a change in ownership occurs. Goods are typically measured on a FOB (free-on-board) basis and must physically cross borders while services include items such as travel, transport and business services. This measure reflects actual cross-border transactions and is part of the current account in the balance of payments.",INDEC - Argentina,2026-07-16,8aae0ca58fcc4cc4
Exports of Goods and Services (BOP),millions of USD,,Annual,04_External Accounts,01_Balance of Payments,501,24,1991,2025,"Exports of Goods and Services (Balance of Payments) are the total value of goods and services provided by residents to non-residents, recorded when a change in ownership occurs. Goods are typically measured on a FOB (free-on-board) basis and must physically cross borders while services include items such as travel, transport and business services. This measure reflects actual cross-border transactions and is part of the current account in the balance of payments.",INDEC - Argentina,2026-07-16,83488dd5a19f2805
Exports of Services (BOP),% of GDP,,Annual,04_External Accounts,01_Balance of Payments,458,23,1994,2025,"Exports of Services (Balance of Payments) are the value of services provided by residents to non-residents, such as travel, transport, financial and professional services. They are recorded when the service is rendered or ownership changes. Exports of services reflect cross-border transactions that do not require the physical movement of goods and are part of the current account in the balance of payments.",INDEC - Argentina,2026-07-16,7f78374c3f1b6566
Exports of Services (BOP),% of total exports,,Annual,04_External Accounts,01_Balance of Payments,478,23,1991,2025,"Exports of Services (Balance of Payments) are the value of services provided by residents to non-residents, such as travel, transport, financial and professional services. They are recorded when the service is rendered or ownership changes. Exports of services reflect cross-border transactions that do not require the physical movement of goods and are part of the current account in the balance of payments.",INDEC - Argentina,2026-07-16,369618d8144ca7dd
Exports of Services (BOP),% of total imports,,Annual,04_External Accounts,01_Balance of Payments,478,23,1991,2025,"Exports of Services (Balance of Payments) are the value of services provided by residents to non-residents, such as travel, transport, financial and professional services. They are recorded when the service is rendered or ownership changes. Exports of services reflect cross-border transactions that do not require the physical movement of goods and are part of the current account in the balance of payments.",INDEC - Argentina,2026-07-16,41013b50abfc9663
Exports of Services (BOP),millions of USD,YoY %,Annual,04_External Accounts,01_Balance of Payments,455,23,1992,2025,"Exports of Services (Balance of Payments) are the value of services provided by residents to non-residents, such as travel, transport, financial and professional services. They are recorded when the service is rendered or ownership changes. Exports of services reflect cross-border transactions that do not require the physical movement of goods and are part of the current account in the balance of payments.",INDEC - Argentina,2026-07-16,077f424b84748f14
Exports of Services (BOP),millions of USD,,Annual,04_External Accounts,01_Balance of Payments,478,23,1991,2025,"Exports of Services (Balance of Payments) are the value of services provided by residents to non-residents, such as travel, transport, financial and professional services. They are recorded when the service is rendered or ownership changes. Exports of services reflect cross-border transactions that do not require the physical movement of goods and are part of the current account in the balance of payments.",INDEC - Argentina,2026-07-16,f03410782a604f67
External Public Debt,% of GDP,,Annual,03_Fiscal Accounts and Public Debt,01_Central Government,18,1,2008,2025,"External Public Debt (Central Government) refers to the outstanding stock of public debt contracted by the central government with non-resident creditors. It includes external loans, bonds, and other financial obligations held by foreign entities. This indicator reflects the government’s reliance on external financing and exposure to international financial conditions.",Secretaria de Finanzas de Honduras,2026-07-16,493bd9f43196f903
External Public Debt,% of GDP,,Annual,03_Fiscal Accounts and Public Debt,03_Non Financial Public Sector,22,1,2004,2025,"External Public Debt (Non-Financial Public Sector) refers to the outstanding stock of public debt contracted by the non-financial public sector with non-resident creditors. It includes external loans, bonds, and other financial obligations held by foreign entities. This indicator reflects the government’s reliance on external financing and exposure to international financial conditions.",Ministerio de Economía y Finanzas de Paraguay,2026-07-16,1695428aec19a7ff
External Public Debt,"% of GDP, avg. of period",,Annual,03_Fiscal Accounts and Public Debt,01_Central Government,145,10,1995,2025,"External Public Debt (Central Government) refers to the outstanding stock of public debt contracted by the central government with non-resident creditors. It includes external loans, bonds, and other financial obligations held by foreign entities. This indicator reflects the government’s reliance on external financing and exposure to international financial conditions.",Ministerio de Economía de Argentina,2026-07-16,76f6ef1496877641
External Public Debt,"% of GDP, avg. of period",,Annual,03_Fiscal Accounts and Public Debt,02_General Government,52,3,2002,2025,"External Public Debt (General Government) refers to the outstanding stock of public debt contracted by the general government with non-resident creditors. It includes external loans, bonds, and other financial obligations held by foreign entities. This indicator reflects the government’s reliance on external financing and exposure to international financial conditions.",Tesouro Nacional do Brasil,2026-07-16,5da5992080abced1
External Public Debt,"% of GDP, avg. of period",,Annual,03_Fiscal Accounts and Public Debt,03_Non Financial Public Sector,215,9,1993,2025,"External Public Debt (Non-Financial Public Sector) refers to the outstanding stock of public debt contracted by the non-financial public sector with non-resident creditors. It includes external loans, bonds, and other financial obligations held by foreign entities. This indicator reflects the government’s reliance on external financing and exposure to international financial conditions.",Ministerio de Economía y Finanzas Públicas de Bolivia,2026-07-16,c6cb07913ca10bd7
External Public Debt,"% of GDP, end of period",,Annual,03_Fiscal Accounts and Public Debt,01_Central Government,157,11,1995,2025,"External Public Debt (Central Government) refers to the outstanding stock of public debt contracted by the central government with non-resident creditors. It includes external loans, bonds, and other financial obligations held by foreign entities. This indicator reflects the government’s reliance on external financing and exposure to international financial conditions.",Ministerio de Economía de Argentina,2026-07-16,f01f7a8a7cc02480
External Public Debt,"% of GDP, end of period",,Annual,03_Fiscal Accounts and Public Debt,02_General Government,52,3,2002,2025,"External Public Debt (General Government) refers to the outstanding stock of public debt contracted by the general government with non-resident creditors. It includes external loans, bonds, and other financial obligations held by foreign entities. This indicator reflects the government’s reliance on external financing and exposure to international financial conditions.",Tesouro Nacional do Brasil,2026-07-16,501c5433e1444387
External Public Debt,"% of GDP, end of period",,Annual,03_Fiscal Accounts and Public Debt,03_Non Financial Public Sector,217,9,1993,2025,"External Public Debt (Non-Financial Public Sector) refers to the outstanding stock of public debt contracted by the non-financial public sector with non-resident creditors. It includes external loans, bonds, and other financial obligations held by foreign entities. This indicator reflects the government’s reliance on external financing and exposure to international financial conditions.",Ministerio de Economía y Finanzas Públicas de Bolivia,2026-07-16,69592ec40d65675c
External Public Debt,% of total external debt,,Annual,03_Fiscal Accounts and Public Debt,01_Central Government,10,1,2016,2025,"External Public Debt (Central Government) refers to the outstanding stock of public debt contracted by the central government with non-resident creditors. It includes external loans, bonds, and other financial obligations held by foreign entities. This indicator reflects the government’s reliance on external financing and exposure to international financial conditions.",Secretaria de Finanzas de Honduras,2026-07-16,fb2805b657ceee01
External Public Debt,% of total external debt,,Annual,03_Fiscal Accounts and Public Debt,03_Non Financial Public Sector,18,1,2008,2025,"External Public Debt (Non-Financial Public Sector) refers to the outstanding stock of public debt contracted by the non-financial public sector with non-resident creditors. It includes external loans, bonds, and other financial obligations held by foreign entities. This indicator reflects the government’s reliance on external financing and exposure to international financial conditions.",Ministerio de Economía y Finanzas de Paraguay,2026-07-16,331891f1dfa7b62d
External Public Debt,"% of total external debt, avg. of period",,Annual,03_Fiscal Accounts and Public Debt,01_Central Government,75,7,2001,2025,"External Public Debt (Central Government) refers to the outstanding stock of public debt contracted by the central government with non-resident creditors. It includes external loans, bonds, and other financial obligations held by foreign entities. This indicator reflects the government’s reliance on external financing and exposure to international financial conditions.",Ministerio de Economía de Argentina,2026-07-16,1a7028f2b5ae0bdc
External Public Debt,"% of total external debt, avg. of period",,Annual,03_Fiscal Accounts and Public Debt,02_General Government,53,3,2002,2026,"External Public Debt (General Government) refers to the outstanding stock of public debt contracted by the general government with non-resident creditors. It includes external loans, bonds, and other financial obligations held by foreign entities. This indicator reflects the government’s reliance on external financing and exposure to international financial conditions.",Tesouro Nacional do Brasil,2026-07-16,ef4d1f2e97a4fa57
External Public Debt,"% of total external debt, avg. of period",,Annual,03_Fiscal Accounts and Public Debt,03_Non Financial Public Sector,168,8,1999,2025,"External Public Debt (Non-Financial Public Sector) refers to the outstanding stock of public debt contracted by the non-financial public sector with non-resident creditors. It includes external loans, bonds, and other financial obligations held by foreign entities. This indicator reflects the government’s reliance on external financing and exposure to international financial conditions.",Ministerio de Economía y Finanzas Públicas de Bolivia,2026-07-16,31f86bdbc4b869cb
External Public Debt,"% of total external debt, end of period",,Annual,03_Fiscal Accounts and Public Debt,01_Central Government,83,8,1999,2025,"External Public Debt (Central Government) refers to the outstanding stock of public debt contracted by the central government with non-resident creditors. It includes external loans, bonds, and other financial obligations held by foreign entities. This indicator reflects the government’s reliance on external financing and exposure to international financial conditions.",Ministerio de Economía de Argentina,2026-07-16,f8411d75588bcba1
External Public Debt,"% of total external debt, end of period",,Annual,03_Fiscal Accounts and Public Debt,02_General Government,52,3,2002,2025,"External Public Debt (General Government) refers to the outstanding stock of public debt contracted by the general government with non-resident creditors. It includes external loans, bonds, and other financial obligations held by foreign entities. This indicator reflects the government’s reliance on external financing and exposure to international financial conditions.",Tesouro Nacional do Brasil,2026-07-16,9a021a48908c25b7
External Public Debt,"% of total external debt, end of period",,Annual,03_Fiscal Accounts and Public Debt,03_Non Financial Public Sector,170,8,1998,2025,"External Public Debt (Non-Financial Public Sector) refers to the outstanding stock of public debt contracted by the non-financial public sector with non-resident creditors. It includes external loans, bonds, and other financial obligations held by foreign entities. This indicator reflects the government’s reliance on external financing and exposure to international financial conditions.",Ministerio de Economía y Finanzas Públicas de Bolivia,2026-07-16,6ac7b4c90857eb91
External Public Debt,fiscal year (Q4–Q3 aggregation),,Annual,03_Fiscal Accounts and Public Debt,01_Central Government,55,3,1999,2025,"External Public Debt (Central Government) refers to the outstanding stock of public debt contracted by the central government with non-resident creditors. It includes external loans, bonds, and other financial obligations held by foreign entities. This indicator reflects the government’s reliance on external financing and exposure to international financial conditions.",Ministerio de Economía de Argentina,2026-07-16,383ce85f54d369a8
External Public Debt,fiscal year (Q4–Q3 aggregation),,Annual,03_Fiscal Accounts and Public Debt,02_General Government,32,2,2003,2025,"External Public Debt (General Government) refers to the outstanding stock of public debt contracted by the general government with non-resident creditors. It includes external loans, bonds, and other financial obligations held by foreign entities. This indicator reflects the government’s reliance on external financing and exposure to international financial conditions.",Tesouro Nacional do Brasil,2026-07-16,9d35ebf25e832a67
External Public Debt,fiscal year (Q4–Q3 aggregation),,Annual,03_Fiscal Accounts and Public Debt,03_Non Financial Public Sector,117,5,2000,2025,"External Public Debt (Non-Financial Public Sector) refers to the outstanding stock of public debt contracted by the non-financial public sector with non-resident creditors. It includes external loans, bonds, and other financial obligations held by foreign entities. This indicator reflects the government’s reliance on external financing and exposure to international financial conditions.",Ministerio de Economía y Finanzas Públicas de Bolivia,2026-07-16,0744096708c07781
External Public Debt,"fiscal year (Q4–Q3 aggregation), avg. of period",,Annual,03_Fiscal Accounts and Public Debt,01_Central Government,142,8,1996,2025,"External Public Debt (Central Government) refers to the outstanding stock of public debt contracted by the central government with non-resident creditors. It includes external loans, bonds, and other financial obligations held by foreign entities. This indicator reflects the government’s reliance on external financing and exposure to international financial conditions.",Tesouro Nacional do Brasil,2026-07-16,bb340423040abcb1
External Public Debt,"fiscal year (Q4–Q3 aggregation), avg. of period",,Annual,03_Fiscal Accounts and Public Debt,02_General Government,17,1,2009,2025,"External Public Debt (General Government) refers to the outstanding stock of public debt contracted by the general government with non-resident creditors. It includes external loans, bonds, and other financial obligations held by foreign entities. This indicator reflects the government’s reliance on external financing and exposure to international financial conditions.",Ministerio de Hacienda de Costa Rica,2026-08-03,22dc64bfbf09c6ee
External Public Debt,"fiscal year (Q4–Q3 aggregation), avg. of period",,Annual,03_Fiscal Accounts and Public Debt,03_Non Financial Public Sector,85,3,1991,2025,"External Public Debt (Non-Financial Public Sector) refers to the outstanding stock of public debt contracted by the non-financial public sector with non-resident creditors. It includes external loans, bonds, and other financial obligations held by foreign entities. This indicator reflects the government’s reliance on external financing and exposure to international financial conditions.",Ministerio de Economía y Finanzas de Ecuador,2026-07-16,49563495001ae1e7
External Public Debt,"fiscal year (Q4–Q3 aggregation), end of period",,Annual,03_Fiscal Accounts and Public Debt,01_Central Government,143,8,1996,2025,"External Public Debt (Central Government) refers to the outstanding stock of public debt contracted by the central government with non-resident creditors. It includes external loans, bonds, and other financial obligations held by foreign entities. This indicator reflects the government’s reliance on external financing and exposure to international financial conditions.",Tesouro Nacional do Brasil,2026-07-16,6cfd0b28ef67c081
External Public Debt,"fiscal year (Q4–Q3 aggregation), end of period",,Annual,03_Fiscal Accounts and Public Debt,02_General Government,17,1,2009,2025,"External Public Debt (General Government) refers to the outstanding stock of public debt contracted by the general government with non-resident creditors. It includes external loans, bonds, and other financial obligations held by foreign entities. This indicator reflects the government’s reliance on external financing and exposure to international financial conditions.",Ministerio de Hacienda de Costa Rica,2026-08-03,17259a4ad80d5d55
External Public Debt,"fiscal year (Q4–Q3 aggregation), end of period",,Annual,03_Fiscal Accounts and Public Debt,03_Non Financial Public Sector,81,4,1999,2025,"External Public Debt (Non-Financial Public Sector) refers to the outstanding stock of public debt contracted by the non-financial public sector with non-resident creditors. It includes external loans, bonds, and other financial obligations held by foreign entities. This indicator reflects the government’s reliance on external financing and exposure to international financial conditions.",Ministerio de Economía y Hacienda de Rep. Dominicana,2026-07-16,ae2475eeaffe90af
External Public Debt,millions of USD,YoY %,Annual,03_Fiscal Accounts and Public Debt,01_Central Government,17,1,2009,2025,"External Public Debt (Central Government) refers to the outstanding stock of public debt contracted by the central government with non-resident creditors. It includes external loans, bonds, and other financial obligations held by foreign entities. This indicator reflects the government’s reliance on external financing and exposure to international financial conditions.",Secretaria de Finanzas de Honduras,2026-07-16,62402fae811e2979
External Public Debt,millions of USD,YoY %,Annual,03_Fiscal Accounts and Public Debt,03_Non Financial Public Sector,21,1,2005,2025,"External Public Debt (Non-Financial Public Sector) refers to the outstanding stock of public debt contracted by the non-financial public sector with non-resident creditors. It includes external loans, bonds, and other financial obligations held by foreign entities. This indicator reflects the government’s reliance on external financing and exposure to international financial conditions.",Ministerio de Economía y Finanzas de Paraguay,2026-07-16,f69e37cfc594464d
External Public Debt,millions of USD,,Annual,03_Fiscal Accounts and Public Debt,01_Central Government,18,1,2008,2025,"External Public Debt (Central Government) refers to the outstanding stock of public debt contracted by the central government with non-resident creditors. It includes external loans, bonds, and other financial obligations held by foreign entities. This indicator reflects the government’s reliance on external financing and exposure to international financial conditions.",Secretaria de Finanzas de Honduras,2026-07-16,d5c9907260960875
External Public Debt,millions of USD,,Annual,03_Fiscal Accounts and Public Debt,03_Non Financial Public Sector,22,1,2004,2025,"External Public Debt (Non-Financial Public Sector) refers to the outstanding stock of public debt contracted by the non-financial public sector with non-resident creditors. It includes external loans, bonds, and other financial obligations held by foreign entities. This indicator reflects the government’s reliance on external financing and exposure to international financial conditions.",Ministerio de Economía y Finanzas de Paraguay,2026-07-16,33c334149e9d6fc3
External Public Debt,"millions of USD, avg. of period",YoY %,Annual,03_Fiscal Accounts and Public Debt,01_Central Government,149,10,1996,2026,"External Public Debt (Central Government) refers to the outstanding stock of public debt contracted by the central government with non-resident creditors. It includes external loans, bonds, and other financial obligations held by foreign entities. This indicator reflects the government’s reliance on external financing and exposure to international financial conditions.",Ministerio de Economía de Argentina,2026-07-16,f4d61fffd1b215b1
External Public Debt,"millions of USD, avg. of period",YoY %,Annual,03_Fiscal Accounts and Public Debt,02_General Government,50,3,2003,2026,"External Public Debt (General Government) refers to the outstanding stock of public debt contracted by the general government with non-resident creditors. It includes external loans, bonds, and other financial obligations held by foreign entities. This indicator reflects the government’s reliance on external financing and exposure to international financial conditions.",Tesouro Nacional do Brasil,2026-07-16,1085ff57826fbe87
External Public Debt,"millions of USD, avg. of period",YoY %,Annual,03_Fiscal Accounts and Public Debt,03_Non Financial Public Sector,212,9,1991,2025,"External Public Debt (Non-Financial Public Sector) refers to the outstanding stock of public debt contracted by the non-financial public sector with non-resident creditors. It includes external loans, bonds, and other financial obligations held by foreign entities. This indicator reflects the government’s reliance on external financing and exposure to international financial conditions.",Ministerio de Economía y Finanzas Públicas de Bolivia,2026-07-16,732e77793e9c40bc
External Public Debt,"millions of USD, avg. of period",,Annual,03_Fiscal Accounts and Public Debt,01_Central Government,157,10,1995,2026,"External Public Debt (Central Government) refers to the outstanding stock of public debt contracted by the central government with non-resident creditors. It includes external loans, bonds, and other financial obligations held by foreign entities. This indicator reflects the government’s reliance on external financing and exposure to international financial conditions.",Ministerio de Economía de Argentina,2026-07-16,cdff26cde81ea5f0
External Public Debt,"millions of USD, avg. of period",,Annual,03_Fiscal Accounts and Public Debt,02_General Government,53,3,2002,2026,"External Public Debt (General Government) refers to the outstanding stock of public debt contracted by the general government with non-resident creditors. It includes external loans, bonds, and other financial obligations held by foreign entities. This indicator reflects the government’s reliance on external financing and exposure to international financial conditions.",Tesouro Nacional do Brasil,2026-07-16,7189965646043d99
External Public Debt,"millions of USD, avg. of period",,Annual,03_Fiscal Accounts and Public Debt,03_Non Financial Public Sector,221,9,1990,2025,"External Public Debt (Non-Financial Public Sector) refers to the outstanding stock of public debt contracted by the non-financial public sector with non-resident creditors. It includes external loans, bonds, and other financial obligations held by foreign entities. This indicator reflects the government’s reliance on external financing and exposure to international financial conditions.",Ministerio de Economía y Finanzas Públicas de Bolivia,2026-07-16,25c1f598f5d532ae
External Public Debt,"millions of USD, end of period",YoY %,Annual,03_Fiscal Accounts and Public Debt,01_Central Government,160,11,1996,2025,"External Public Debt (Central Government) refers to the outstanding stock of public debt contracted by the central government with non-resident creditors. It includes external loans, bonds, and other financial obligations held by foreign entities. This indicator reflects the government’s reliance on external financing and exposure to international financial conditions.",Ministerio de Economía de Argentina,2026-07-16,6c1be61a6b7f86b8
External Public Debt,"millions of USD, end of period",YoY %,Annual,03_Fiscal Accounts and Public Debt,02_General Government,50,3,2003,2026,"External Public Debt (General Government) refers to the outstanding stock of public debt contracted by the general government with non-resident creditors. It includes external loans, bonds, and other financial obligations held by foreign entities. This indicator reflects the government’s reliance on external financing and exposure to international financial conditions.",Tesouro Nacional do Brasil,2026-07-16,87b971313d27ec27
External Public Debt,"millions of USD, end of period",YoY %,Annual,03_Fiscal Accounts and Public Debt,03_Non Financial Public Sector,225,9,1991,2025,"External Public Debt (Non-Financial Public Sector) refers to the outstanding stock of public debt contracted by the non-financial public sector with non-resident creditors. It includes external loans, bonds, and other financial obligations held by foreign entities. This indicator reflects the government’s reliance on external financing and exposure to international financial conditions.",Ministerio de Economía y Finanzas Públicas de Bolivia,2026-07-16,81b1a2b61656d5a9
External Public Debt,"millions of USD, end of period",,Annual,03_Fiscal Accounts and Public Debt,01_Central Government,168,11,1995,2025,"External Public Debt (Central Government) refers to the outstanding stock of public debt contracted by the central government with non-resident creditors. It includes external loans, bonds, and other financial obligations held by foreign entities. This indicator reflects the government’s reliance on external financing and exposure to international financial conditions.",Ministerio de Economía de Argentina,2026-07-16,f21f0621cabcb9d1
External Public Debt,"millions of USD, end of period",,Annual,03_Fiscal Accounts and Public Debt,02_General Government,52,3,2002,2025,"External Public Debt (General Government) refers to the outstanding stock of public debt contracted by the general government with non-resident creditors. It includes external loans, bonds, and other financial obligations held by foreign entities. This indicator reflects the government’s reliance on external financing and exposure to international financial conditions.",Tesouro Nacional do Brasil,2026-07-16,f3ae8e720e16d4b8
External Public Debt,"millions of USD, end of period",,Annual,03_Fiscal Accounts and Public Debt,03_Non Financial Public Sector,233,9,1990,2025,"External Public Debt (Non-Financial Public Sector) refers to the outstanding stock of public debt contracted by the non-financial public sector with non-resident creditors. It includes external loans, bonds, and other financial obligations held by foreign entities. This indicator reflects the government’s reliance on external financing and exposure to international financial conditions.",Ministerio de Economía y Finanzas Públicas de Bolivia,2026-07-16,600b8bc59edbfc6a
Financial Account Balance,% of GDP,,Annual,04_External Accounts,01_Balance of Payments,447,23,1994,2025,"Financial Account Balance is the component of the balance of payments that records net transactions in financial assets and liabilities between residents and non-residents. It includes categories such as foreign direct investment, portfolio investment, other investment and reserve assets. A surplus indicates a net increase in liabilities to the rest of the world or a reduction in external assets, while a deficit reflects a net reduction in liabilities or an increase in external assets.",INDEC - Argentina,2026-07-16,d500c62cee777f0c
Financial Account Balance,millions of USD,,Annual,04_External Accounts,01_Balance of Payments,496,24,1991,2025,"Financial Account Balance is the component of the balance of payments that records net transactions in financial assets and liabilities between residents and non-residents. It includes categories such as foreign direct investment, portfolio investment, other investment and reserve assets. A surplus indicates a net increase in liabilities to the rest of the world or a reduction in external assets, while a deficit reflects a net reduction in liabilities or an increase in external assets.",INDEC - Argentina,2026-07-16,6ba97ef48e303a98
Financial Derivatives Assets,"% of GDP, avg. of period",,Annual,04_External Accounts,05_International Investment Position,172,9,2000,2025,"Financial derivatives assets are the external positions of residents in derivative contracts with nonresidents that have a positive market value. They represent financial claims arising from instruments such as forwards, futures, options and swaps. The definition may vary by country.",INDEC - Argentina,2026-07-16,db1e7247c3779dfd
Financial Derivatives Assets,"% of GDP, end of period",,Annual,04_External Accounts,05_International Investment Position,175,9,1999,2025,"Financial derivatives assets are the external positions of residents in derivative contracts with nonresidents that have a positive market value. They represent financial claims arising from instruments such as forwards, futures, options and swaps. The definition may vary by country.",INDEC - Argentina,2026-07-16,b9d31e65227e95b9
Financial Derivatives Assets,"millions of USD, avg. of period",YoY %,Annual,04_External Accounts,05_International Investment Position,103,9,2009,2025,"Financial derivatives assets are the external positions of residents in derivative contracts with nonresidents that have a positive market value. They represent financial claims arising from instruments such as forwards, futures, options and swaps. The definition may vary by country.",INDEC - Argentina,2026-07-16,ba6d0f73bd9f73a5
Financial Derivatives Assets,"millions of USD, avg. of period",,Annual,04_External Accounts,05_International Investment Position,175,9,2000,2025,"Financial derivatives assets are the external positions of residents in derivative contracts with nonresidents that have a positive market value. They represent financial claims arising from instruments such as forwards, futures, options and swaps. The definition may vary by country.",INDEC - Argentina,2026-07-16,684a093adc53650d
Financial Derivatives Assets,"millions of USD, end of period",YoY %,Annual,04_External Accounts,05_International Investment Position,99,9,2010,2025,"Financial derivatives assets are the external positions of residents in derivative contracts with nonresidents that have a positive market value. They represent financial claims arising from instruments such as forwards, futures, options and swaps. The definition may vary by country.",INDEC - Argentina,2026-07-16,7d532689cb0af0a6
Financial Derivatives Assets,"millions of USD, end of period",,Annual,04_External Accounts,05_International Investment Position,178,9,1999,2025,"Financial derivatives assets are the external positions of residents in derivative contracts with nonresidents that have a positive market value. They represent financial claims arising from instruments such as forwards, futures, options and swaps. The definition may vary by country.",INDEC - Argentina,2026-07-16,e08906eb90b04e00
Financial Derivatives Liabilities,"% of GDP, avg. of period",,Annual,04_External Accounts,05_International Investment Position,166,9,2000,2025,"Financial derivatives liabilities are the external positions of residents in derivative contracts with nonresidents that have a negative market value. They represent financial obligations arising from instruments such as forwards, futures, options and swaps. The definition may vary by country.",INDEC - Argentina,2026-07-16,674e3f47db472115
Financial Derivatives Liabilities,"% of GDP, end of period",,Annual,04_External Accounts,05_International Investment Position,169,9,1999,2025,"Financial derivatives liabilities are the external positions of residents in derivative contracts with nonresidents that have a negative market value. They represent financial obligations arising from instruments such as forwards, futures, options and swaps. The definition may vary by country.",INDEC - Argentina,2026-07-16,07ef15a1731441b4
Financial Derivatives Liabilities,"millions of USD, avg. of period",YoY %,Annual,04_External Accounts,05_International Investment Position,110,9,2001,2025,"Financial derivatives liabilities are the external positions of residents in derivative contracts with nonresidents that have a negative market value. They represent financial obligations arising from instruments such as forwards, futures, options and swaps. The definition may vary by country.",INDEC - Argentina,2026-07-16,f5edc9d3ac44fa49
Financial Derivatives Liabilities,"millions of USD, avg. of period",,Annual,04_External Accounts,05_International Investment Position,169,9,2000,2025,"Financial derivatives liabilities are the external positions of residents in derivative contracts with nonresidents that have a negative market value. They represent financial obligations arising from instruments such as forwards, futures, options and swaps. The definition may vary by country.",INDEC - Argentina,2026-07-16,abd3c0dc281954a5
Financial Derivatives Liabilities,"millions of USD, end of period",YoY %,Annual,04_External Accounts,05_International Investment Position,106,9,2001,2025,"Financial derivatives liabilities are the external positions of residents in derivative contracts with nonresidents that have a negative market value. They represent financial obligations arising from instruments such as forwards, futures, options and swaps. The definition may vary by country.",INDEC - Argentina,2026-07-16,41642dad3f973ee9
Financial Derivatives Liabilities,"millions of USD, end of period",,Annual,04_External Accounts,05_International Investment Position,172,9,1999,2025,"Financial derivatives liabilities are the external positions of residents in derivative contracts with nonresidents that have a negative market value. They represent financial obligations arising from instruments such as forwards, futures, options and swaps. The definition may vary by country.",INDEC - Argentina,2026-07-16,4ff7e0fa086688f9
"Financial Derivatives, Net",% of GDP,,Annual,04_External Accounts,01_Balance of Payments,236,11,1994,2025,"Financial derivatives (net) is the net value of transactions in derivative financial instruments (forwards, futures, options, swaps) between residents and nonresidents, computed as the net acquisition of financial assets (positions with positive market value for residents) minus the net incurrence of liabilities (positions with negative market value), in the financial account.",INDEC - Argentina,2026-07-16,d1cf2574372bf774
"Financial Derivatives, Net",millions of USD,,Annual,04_External Accounts,01_Balance of Payments,241,11,1994,2025,"Financial derivatives (net) is the net value of transactions in derivative financial instruments (forwards, futures, options, swaps) between residents and nonresidents, computed as the net acquisition of financial assets (positions with positive market value for residents) minus the net incurrence of liabilities (positions with negative market value), in the financial account.",INDEC - Argentina,2026-07-16,63b17c98922733e9
"Financial Derivatives, Net Acquisition of Financial Assets",% of GDP,,Annual,04_External Accounts,01_Balance of Payments,199,9,1994,2025,"Financial derivatives (NAFA) are the net transactions in derivative contracts with nonresidents with positive market value for residents (asset positions), recorded as assets.",INDEC - Argentina,2026-07-16,3557ee3ec77d88c8
"Financial Derivatives, Net Acquisition of Financial Assets",millions of USD,,Annual,04_External Accounts,01_Balance of Payments,204,9,1994,2025,"Financial derivatives (NAFA) are the net transactions in derivative contracts with nonresidents with positive market value for residents (asset positions), recorded as assets.",INDEC - Argentina,2026-07-16,927412ca3bd70061
"Financial Derivatives, Net Incurrence of Liabilities",% of GDP,,Annual,04_External Accounts,01_Balance of Payments,162,7,1994,2025,"Financial derivatives (NIL) are the net transactions in derivative contracts with nonresidents with negative market value for residents (liability positions), recorded as liabilities.",INDEC - Argentina,2026-07-16,63effe869a501990
"Financial Derivatives, Net Incurrence of Liabilities",millions of USD,,Annual,04_External Accounts,01_Balance of Payments,166,7,1994,2025,"Financial derivatives (NIL) are the net transactions in derivative contracts with nonresidents with negative market value for residents (liability positions), recorded as liabilities.",INDEC - Argentina,2026-07-16,75f4b750c11fde75
Fiscal Expenditure,% of GDP,,Annual,03_Fiscal Accounts and Public Debt,03_Non Financial Public Sector,312,14,1990,2025,"Total Fiscal Expenditure (Non-Financial Public Sector) is the sum of all spending by the non-financial public sector, including both primary expenditures (such as wages, subsidies, and investment) and interest payments on public debt. It reflects the full scope of government outlays. The precise coverage and classification may vary across countries, so country-specific notes should be consulted.",Ministerio de Economía de Argentina,2026-07-16,0802017757eef01d
Fiscal Expenditure,PPP adjusted,YoY %,Annual,03_Fiscal Accounts and Public Debt,03_Non Financial Public Sector,310,14,1991,2024,"Total Fiscal Expenditure (Non-Financial Public Sector) is the sum of all spending by the non-financial public sector, including both primary expenditures (such as wages, subsidies, and investment) and interest payments on public debt. It reflects the full scope of government outlays. The precise coverage and classification may vary across countries, so country-specific notes should be consulted.",Ministerio de Economía de Argentina,2026-07-16,7f428a5290f62ef2
Fiscal Expenditure,PPP adjusted,,Annual,03_Fiscal Accounts and Public Debt,03_Non Financial Public Sector,324,14,1990,2024,"Total Fiscal Expenditure (Non-Financial Public Sector) is the sum of all spending by the non-financial public sector, including both primary expenditures (such as wages, subsidies, and investment) and interest payments on public debt. It reflects the full scope of government outlays. The precise coverage and classification may vary across countries, so country-specific notes should be consulted.",Ministerio de Economía de Argentina,2026-07-16,b22a3141a8fa57f8
Fiscal Expenditure,constant prices – CPI-deflated,,Annual,03_Fiscal Accounts and Public Debt,03_Non Financial Public Sector,323,14,1990,2025,"Total Fiscal Expenditure (Non-Financial Public Sector) is the sum of all spending by the non-financial public sector, including both primary expenditures (such as wages, subsidies, and investment) and interest payments on public debt. It reflects the full scope of government outlays. The precise coverage and classification may vary across countries, so country-specific notes should be consulted.",Ministerio de Economía de Argentina,2026-07-16,52e632786c935988
Fiscal Expenditure,fiscal year (Q4–Q3 aggregation),,Annual,03_Fiscal Accounts and Public Debt,03_Non Financial Public Sector,258,12,1991,2025,"Total Fiscal Expenditure (Non-Financial Public Sector) is the sum of all spending by the non-financial public sector, including both primary expenditures (such as wages, subsidies, and investment) and interest payments on public debt. It reflects the full scope of government outlays. The precise coverage and classification may vary across countries, so country-specific notes should be consulted.",Ministerio de Economía de Argentina,2026-07-16,1fc20e32ea6ff3eb
Fiscal Expenditure,millions of USD,YoY %,Annual,03_Fiscal Accounts and Public Debt,03_Non Financial Public Sector,320,14,1991,2025,"Total Fiscal Expenditure (Non-Financial Public Sector) is the sum of all spending by the non-financial public sector, including both primary expenditures (such as wages, subsidies, and investment) and interest payments on public debt. It reflects the full scope of government outlays. The precise coverage and classification may vary across countries, so country-specific notes should be consulted.",Ministerio de Economía de Argentina,2026-07-16,76c319f91d47ca11
Fiscal Expenditure,millions of USD,,Annual,03_Fiscal Accounts and Public Debt,03_Non Financial Public Sector,334,14,1990,2025,"Total Fiscal Expenditure (Non-Financial Public Sector) is the sum of all spending by the non-financial public sector, including both primary expenditures (such as wages, subsidies, and investment) and interest payments on public debt. It reflects the full scope of government outlays. The precise coverage and classification may vary across countries, so country-specific notes should be consulted.",Ministerio de Economía de Argentina,2026-07-16,3fd7d68137b86282
Fiscal Expenditure,millions of domestic currency,YoY %,Annual,03_Fiscal Accounts and Public Debt,03_Non Financial Public Sector,320,14,1991,2025,"Total Fiscal Expenditure (Non-Financial Public Sector) is the sum of all spending by the non-financial public sector, including both primary expenditures (such as wages, subsidies, and investment) and interest payments on public debt. It reflects the full scope of government outlays. The precise coverage and classification may vary across countries, so country-specific notes should be consulted.",Ministerio de Economía de Argentina,2026-07-16,e96da2bf6fdd3f70
Fiscal Expenditure,millions of domestic currency,,Annual,03_Fiscal Accounts and Public Debt,03_Non Financial Public Sector,334,14,1990,2025,"Total Fiscal Expenditure (Non-Financial Public Sector) is the sum of all spending by the non-financial public sector, including both primary expenditures (such as wages, subsidies, and investment) and interest payments on public debt. It reflects the full scope of government outlays. The precise coverage and classification may vary across countries, so country-specific notes should be consulted.",Ministerio de Economía de Argentina,2026-07-16,6ffbe144da555d72
Fiscal Interest Payments,% of GDP,,Annual,03_Fiscal Accounts and Public Debt,01_Central Government,196,11,1990,2025,Fiscal Interest Payments (Central Government) are expenditures by the central government on interest owed for public debt. They reflect the cost of government borrowing and are recorded separately from primary expenditures.,Barbados Statistical Service,2026-07-16,ddd58a2d5adcd12c
Fiscal Interest Payments,% of GDP,,Annual,03_Fiscal Accounts and Public Debt,02_General Government,38,2,1996,2025,Fiscal Interest Payments (General Government) are expenditures by the general government on interest owed for public debt. They reflect the cost of government borrowing and are recorded separately from primary expenditures.,Tesouro Nacional do Brasil,2026-07-16,cd82fd4e3e8d453f
Fiscal Interest Payments,% of GDP,,Annual,03_Fiscal Accounts and Public Debt,03_Non Financial Public Sector,289,14,1990,2025,Fiscal Interest Payments (Non-Financial Public Sector) are expenditures by the non-financial public sector on interest owed for public debt. They reflect the cost of government borrowing and are recorded separately from primary expenditures.,Ministerio de Economía de Argentina,2026-07-16,ff954cd752cd8309
Fiscal Interest Payments,PPP adjusted,YoY %,Annual,03_Fiscal Accounts and Public Debt,01_Central Government,216,12,1991,2024,Fiscal Interest Payments (Central Government) are expenditures by the central government on interest owed for public debt. They reflect the cost of government borrowing and are recorded separately from primary expenditures.,Barbados Statistical Service,2026-07-16,9580cf4888554970
Fiscal Interest Payments,PPP adjusted,YoY %,Annual,03_Fiscal Accounts and Public Debt,02_General Government,42,2,1991,2024,Fiscal Interest Payments (General Government) are expenditures by the general government on interest owed for public debt. They reflect the cost of government borrowing and are recorded separately from primary expenditures.,Tesouro Nacional do Brasil,2026-07-16,0ba9f45b99c6caf3
Fiscal Interest Payments,PPP adjusted,YoY %,Annual,03_Fiscal Accounts and Public Debt,03_Non Financial Public Sector,272,14,1991,2024,Fiscal Interest Payments (Non-Financial Public Sector) are expenditures by the non-financial public sector on interest owed for public debt. They reflect the cost of government borrowing and are recorded separately from primary expenditures.,Ministerio de Economía de Argentina,2026-07-16,8cb00155015b08be
Fiscal Interest Payments,PPP adjusted,,Annual,03_Fiscal Accounts and Public Debt,01_Central Government,219,11,1990,2024,Fiscal Interest Payments (Central Government) are expenditures by the central government on interest owed for public debt. They reflect the cost of government borrowing and are recorded separately from primary expenditures.,Barbados Statistical Service,2026-07-16,661dc0a56de42d63
Fiscal Interest Payments,PPP adjusted,,Annual,03_Fiscal Accounts and Public Debt,02_General Government,43,2,1990,2024,Fiscal Interest Payments (General Government) are expenditures by the general government on interest owed for public debt. They reflect the cost of government borrowing and are recorded separately from primary expenditures.,Tesouro Nacional do Brasil,2026-07-16,9d0e323af873d758
Fiscal Interest Payments,PPP adjusted,,Annual,03_Fiscal Accounts and Public Debt,03_Non Financial Public Sector,297,14,1990,2024,Fiscal Interest Payments (Non-Financial Public Sector) are expenditures by the non-financial public sector on interest owed for public debt. They reflect the cost of government borrowing and are recorded separately from primary expenditures.,Ministerio de Economía de Argentina,2026-07-16,676be6f21492c4aa
Fiscal Interest Payments,constant prices – CPI-deflated,,Annual,03_Fiscal Accounts and Public Debt,01_Central Government,210,11,1991,2025,Fiscal Interest Payments (Central Government) are expenditures by the central government on interest owed for public debt. They reflect the cost of government borrowing and are recorded separately from primary expenditures.,Barbados Statistical Service,2026-07-16,084e53e8e9695d5b
Fiscal Interest Payments,constant prices – CPI-deflated,,Annual,03_Fiscal Accounts and Public Debt,02_General Government,44,2,1990,2025,Fiscal Interest Payments (General Government) are expenditures by the general government on interest owed for public debt. They reflect the cost of government borrowing and are recorded separately from primary expenditures.,Tesouro Nacional do Brasil,2026-07-16,238fd22223addb26
Fiscal Interest Payments,constant prices – CPI-deflated,,Annual,03_Fiscal Accounts and Public Debt,03_Non Financial Public Sector,305,14,1990,2025,Fiscal Interest Payments (Non-Financial Public Sector) are expenditures by the non-financial public sector on interest owed for public debt. They reflect the cost of government borrowing and are recorded separately from primary expenditures.,Ministerio de Economía de Argentina,2026-07-16,69140ed0f15065f2
Fiscal Interest Payments,fiscal year (Q4–Q3 aggregation),,Annual,03_Fiscal Accounts and Public Debt,01_Central Government,190,10,1992,2025,Fiscal Interest Payments (Central Government) are expenditures by the central government on interest owed for public debt. They reflect the cost of government borrowing and are recorded separately from primary expenditures.,Barbados Statistical Service,2026-07-16,9515580186dab9f9
Fiscal Interest Payments,fiscal year (Q4–Q3 aggregation),,Annual,03_Fiscal Accounts and Public Debt,02_General Government,15,2,2011,2025,Fiscal Interest Payments (General Government) are expenditures by the general government on interest owed for public debt. They reflect the cost of government borrowing and are recorded separately from primary expenditures.,Tesouro Nacional do Brasil,2026-07-16,d22b813ddce7c066
Fiscal Interest Payments,fiscal year (Q4–Q3 aggregation),,Annual,03_Fiscal Accounts and Public Debt,03_Non Financial Public Sector,274,13,1991,2025,Fiscal Interest Payments (Non-Financial Public Sector) are expenditures by the non-financial public sector on interest owed for public debt. They reflect the cost of government borrowing and are recorded separately from primary expenditures.,Ministerio de Economía de Argentina,2026-07-16,38a452317c1bc42a
Fiscal Interest Payments,millions of USD,YoY %,Annual,03_Fiscal Accounts and Public Debt,01_Central Government,220,12,1991,2025,Fiscal Interest Payments (Central Government) are expenditures by the central government on interest owed for public debt. They reflect the cost of government borrowing and are recorded separately from primary expenditures.,Barbados Statistical Service,2026-07-16,4c3a31d6713d9945
Fiscal Interest Payments,millions of USD,YoY %,Annual,03_Fiscal Accounts and Public Debt,02_General Government,43,2,1991,2025,Fiscal Interest Payments (General Government) are expenditures by the general government on interest owed for public debt. They reflect the cost of government borrowing and are recorded separately from primary expenditures.,Tesouro Nacional do Brasil,2026-07-16,44a176a366fcb5d1
Fiscal Interest Payments,millions of USD,YoY %,Annual,03_Fiscal Accounts and Public Debt,03_Non Financial Public Sector,283,14,1991,2025,Fiscal Interest Payments (Non-Financial Public Sector) are expenditures by the non-financial public sector on interest owed for public debt. They reflect the cost of government borrowing and are recorded separately from primary expenditures.,Ministerio de Economía de Argentina,2026-07-16,69f82f00594eb93e
Fiscal Interest Payments,millions of USD,,Annual,03_Fiscal Accounts and Public Debt,01_Central Government,223,11,1990,2025,Fiscal Interest Payments (Central Government) are expenditures by the central government on interest owed for public debt. They reflect the cost of government borrowing and are recorded separately from primary expenditures.,Barbados Statistical Service,2026-07-16,0c5a3e7469b085ad
Fiscal Interest Payments,millions of USD,,Annual,03_Fiscal Accounts and Public Debt,02_General Government,44,2,1990,2025,Fiscal Interest Payments (General Government) are expenditures by the general government on interest owed for public debt. They reflect the cost of government borrowing and are recorded separately from primary expenditures.,Tesouro Nacional do Brasil,2026-07-16,17af97bdf7f0a9be
Fiscal Interest Payments,millions of USD,,Annual,03_Fiscal Accounts and Public Debt,03_Non Financial Public Sector,308,14,1990,2025,Fiscal Interest Payments (Non-Financial Public Sector) are expenditures by the non-financial public sector on interest owed for public debt. They reflect the cost of government borrowing and are recorded separately from primary expenditures.,Ministerio de Economía de Argentina,2026-07-16,d3463942309339df
Fiscal Interest Payments,millions of domestic currency,YoY %,Annual,03_Fiscal Accounts and Public Debt,01_Central Government,222,12,1991,2025,Fiscal Interest Payments (Central Government) are expenditures by the central government on interest owed for public debt. They reflect the cost of government borrowing and are recorded separately from primary expenditures.,Barbados Statistical Service,2026-07-16,587b1aca32f439a2
Fiscal Interest Payments,millions of domestic currency,YoY %,Annual,03_Fiscal Accounts and Public Debt,02_General Government,43,2,1991,2025,Fiscal Interest Payments (General Government) are expenditures by the general government on interest owed for public debt. They reflect the cost of government borrowing and are recorded separately from primary expenditures.,Tesouro Nacional do Brasil,2026-07-16,f9a7c7586d6bc290
Fiscal Interest Payments,millions of domestic currency,YoY %,Annual,03_Fiscal Accounts and Public Debt,03_Non Financial Public Sector,283,14,1991,2025,Fiscal Interest Payments (Non-Financial Public Sector) are expenditures by the non-financial public sector on interest owed for public debt. They reflect the cost of government borrowing and are recorded separately from primary expenditures.,Ministerio de Economía de Argentina,2026-07-16,6eed647490f82a57
Fiscal Interest Payments,millions of domestic currency,,Annual,03_Fiscal Accounts and Public Debt,01_Central Government,225,11,1990,2025,Fiscal Interest Payments (Central Government) are expenditures by the central government on interest owed for public debt. They reflect the cost of government borrowing and are recorded separately from primary expenditures.,Barbados Statistical Service,2026-07-16,17e81e93986dd699
Fiscal Interest Payments,millions of domestic currency,,Annual,03_Fiscal Accounts and Public Debt,02_General Government,44,2,1990,2025,Fiscal Interest Payments (General Government) are expenditures by the general government on interest owed for public debt. They reflect the cost of government borrowing and are recorded separately from primary expenditures.,Tesouro Nacional do Brasil,2026-07-16,b8c905fb83cf352e
Fiscal Interest Payments,millions of domestic currency,,Annual,03_Fiscal Accounts and Public Debt,03_Non Financial Public Sector,308,14,1990,2025,Fiscal Interest Payments (Non-Financial Public Sector) are expenditures by the non-financial public sector on interest owed for public debt. They reflect the cost of government borrowing and are recorded separately from primary expenditures.,Ministerio de Economía de Argentina,2026-07-16,1acc46325da988a1
Fiscal Revenue,% of GDP,,Annual,03_Fiscal Accounts and Public Debt,01_Central Government,280,15,1990,2025,"Fiscal Revenue (Central Government) refers to the total income received by the central government, including taxes, social contributions, and other current and capital revenues. It reflects the government’s capacity to finance public spending without resorting to borrowing. The precise coverage and classification may vary across countries, so country-specific notes should be consulted.",Barbados Statistical Service,2026-07-16,22ee6ffa77c9fdc6
Fiscal Revenue,% of GDP,,Annual,03_Fiscal Accounts and Public Debt,02_General Government,64,4,1996,2025,"Fiscal Revenue (General Government) refers to the total income received by the general government, including taxes, social contributions, and other current and capital revenues. It reflects the government’s capacity to finance public spending without resorting to borrowing. The precise coverage and classification may vary across countries, so country-specific notes should be consulted.",Tesouro Nacional do Brasil,2026-07-16,67db09b2dce40025
Fiscal Revenue,% of GDP,,Annual,03_Fiscal Accounts and Public Debt,03_Non Financial Public Sector,279,12,1990,2025,"Fiscal Revenue (Non-Financial Public Sector) refers to the total income received by the non-financial public sector, including taxes, social contributions, and other current and capital revenues. It reflects the government’s capacity to finance public spending without resorting to borrowing. The precise coverage and classification may vary across countries, so country-specific notes should be consulted.",Ministerio de Economía de Argentina,2026-07-16,245a7f09a6d49757
Fiscal Revenue,PPP adjusted,YoY %,Annual,03_Fiscal Accounts and Public Debt,01_Central Government,294,14,1991,2024,"Fiscal Revenue (Central Government) refers to the total income received by the central government, including taxes, social contributions, and other current and capital revenues. It reflects the government’s capacity to finance public spending without resorting to borrowing. The precise coverage and classification may vary across countries, so country-specific notes should be consulted.",Barbados Statistical Service,2026-07-16,f178babc77b5a325
Fiscal Revenue,PPP adjusted,YoY %,Annual,03_Fiscal Accounts and Public Debt,02_General Government,62,4,1991,2024,"Fiscal Revenue (General Government) refers to the total income received by the general government, including taxes, social contributions, and other current and capital revenues. It reflects the government’s capacity to finance public spending without resorting to borrowing. The precise coverage and classification may vary across countries, so country-specific notes should be consulted.",Tesouro Nacional do Brasil,2026-07-16,905352590ddc4ada
Fiscal Revenue,PPP adjusted,YoY %,Annual,03_Fiscal Accounts and Public Debt,03_Non Financial Public Sector,281,12,1991,2024,"Fiscal Revenue (Non-Financial Public Sector) refers to the total income received by the non-financial public sector, including taxes, social contributions, and other current and capital revenues. It reflects the government’s capacity to finance public spending without resorting to borrowing. The precise coverage and classification may vary across countries, so country-specific notes should be consulted.",Ministerio de Economía de Argentina,2026-07-16,8155bbb75e9a5359
Fiscal Revenue,PPP adjusted,,Annual,03_Fiscal Accounts and Public Debt,01_Central Government,305,15,1990,2024,"Fiscal Revenue (Central Government) refers to the total income received by the central government, including taxes, social contributions, and other current and capital revenues. It reflects the government’s capacity to finance public spending without resorting to borrowing. The precise coverage and classification may vary across countries, so country-specific notes should be consulted.",Barbados Statistical Service,2026-07-16,6c41f46a47839871
Fiscal Revenue,PPP adjusted,,Annual,03_Fiscal Accounts and Public Debt,02_General Government,66,4,1990,2024,"Fiscal Revenue (General Government) refers to the total income received by the general government, including taxes, social contributions, and other current and capital revenues. It reflects the government’s capacity to finance public spending without resorting to borrowing. The precise coverage and classification may vary across countries, so country-specific notes should be consulted.",Tesouro Nacional do Brasil,2026-07-16,f9491b60cf0df812
Fiscal Revenue,PPP adjusted,,Annual,03_Fiscal Accounts and Public Debt,03_Non Financial Public Sector,293,12,1990,2024,"Fiscal Revenue (Non-Financial Public Sector) refers to the total income received by the non-financial public sector, including taxes, social contributions, and other current and capital revenues. It reflects the government’s capacity to finance public spending without resorting to borrowing. The precise coverage and classification may vary across countries, so country-specific notes should be consulted.",Ministerio de Economía de Argentina,2026-07-16,08fc1c66bd3bf748
Fiscal Revenue,constant prices – CPI-deflated,,Annual,03_Fiscal Accounts and Public Debt,01_Central Government,293,15,1990,2025,"Fiscal Revenue (Central Government) refers to the total income received by the central government, including taxes, social contributions, and other current and capital revenues. It reflects the government’s capacity to finance public spending without resorting to borrowing. The precise coverage and classification may vary across countries, so country-specific notes should be consulted.",Barbados Statistical Service,2026-07-16,b9c43d9776a3a823
Fiscal Revenue,constant prices – CPI-deflated,,Annual,03_Fiscal Accounts and Public Debt,02_General Government,70,4,1990,2025,"Fiscal Revenue (General Government) refers to the total income received by the general government, including taxes, social contributions, and other current and capital revenues. It reflects the government’s capacity to finance public spending without resorting to borrowing. The precise coverage and classification may vary across countries, so country-specific notes should be consulted.",Tesouro Nacional do Brasil,2026-07-16,bf96476cc7a894dd
Fiscal Revenue,constant prices – CPI-deflated,,Annual,03_Fiscal Accounts and Public Debt,03_Non Financial Public Sector,290,12,1990,2025,"Fiscal Revenue (Non-Financial Public Sector) refers to the total income received by the non-financial public sector, including taxes, social contributions, and other current and capital revenues. It reflects the government’s capacity to finance public spending without resorting to borrowing. The precise coverage and classification may vary across countries, so country-specific notes should be consulted.",Ministerio de Economía de Argentina,2026-07-16,6364b4ac84e98253
Fiscal Revenue,fiscal year (Q4–Q3 aggregation),,Annual,03_Fiscal Accounts and Public Debt,01_Central Government,253,14,1991,2025,"Fiscal Revenue (Central Government) refers to the total income received by the central government, including taxes, social contributions, and other current and capital revenues. It reflects the government’s capacity to finance public spending without resorting to borrowing. The precise coverage and classification may vary across countries, so country-specific notes should be consulted.",Barbados Statistical Service,2026-07-16,b3c0c63e8a3a2c38
Fiscal Revenue,fiscal year (Q4–Q3 aggregation),,Annual,03_Fiscal Accounts and Public Debt,02_General Government,63,4,1996,2025,"Fiscal Revenue (General Government) refers to the total income received by the general government, including taxes, social contributions, and other current and capital revenues. It reflects the government’s capacity to finance public spending without resorting to borrowing. The precise coverage and classification may vary across countries, so country-specific notes should be consulted.",Tesouro Nacional do Brasil,2026-07-16,e77510e4dc252eb3
Fiscal Revenue,fiscal year (Q4–Q3 aggregation),,Annual,03_Fiscal Accounts and Public Debt,03_Non Financial Public Sector,233,11,1991,2025,"Fiscal Revenue (Non-Financial Public Sector) refers to the total income received by the non-financial public sector, including taxes, social contributions, and other current and capital revenues. It reflects the government’s capacity to finance public spending without resorting to borrowing. The precise coverage and classification may vary across countries, so country-specific notes should be consulted.",Ministerio de Economía de Argentina,2026-07-16,857f37455f3569de
Fiscal Revenue,millions of USD,YoY %,Annual,03_Fiscal Accounts and Public Debt,01_Central Government,298,14,1991,2025,"Fiscal Revenue (Central Government) refers to the total income received by the central government, including taxes, social contributions, and other current and capital revenues. It reflects the government’s capacity to finance public spending without resorting to borrowing. The precise coverage and classification may vary across countries, so country-specific notes should be consulted.",Barbados Statistical Service,2026-07-16,1ddc76fad35a88c6
Fiscal Revenue,millions of USD,YoY %,Annual,03_Fiscal Accounts and Public Debt,02_General Government,66,4,1991,2025,"Fiscal Revenue (General Government) refers to the total income received by the general government, including taxes, social contributions, and other current and capital revenues. It reflects the government’s capacity to finance public spending without resorting to borrowing. The precise coverage and classification may vary across countries, so country-specific notes should be consulted.",Tesouro Nacional do Brasil,2026-07-16,6eddd7793ab0d76a
Fiscal Revenue,millions of USD,YoY %,Annual,03_Fiscal Accounts and Public Debt,03_Non Financial Public Sector,289,12,1991,2025,"Fiscal Revenue (Non-Financial Public Sector) refers to the total income received by the non-financial public sector, including taxes, social contributions, and other current and capital revenues. It reflects the government’s capacity to finance public spending without resorting to borrowing. The precise coverage and classification may vary across countries, so country-specific notes should be consulted.",Ministerio de Economía de Argentina,2026-07-16,e1813d685df1ac63
Fiscal Revenue,millions of USD,,Annual,03_Fiscal Accounts and Public Debt,01_Central Government,309,15,1990,2025,"Fiscal Revenue (Central Government) refers to the total income received by the central government, including taxes, social contributions, and other current and capital revenues. It reflects the government’s capacity to finance public spending without resorting to borrowing. The precise coverage and classification may vary across countries, so country-specific notes should be consulted.",Barbados Statistical Service,2026-07-16,7c961459777b4aef
Fiscal Revenue,millions of USD,,Annual,03_Fiscal Accounts and Public Debt,02_General Government,70,4,1990,2025,"Fiscal Revenue (General Government) refers to the total income received by the general government, including taxes, social contributions, and other current and capital revenues. It reflects the government’s capacity to finance public spending without resorting to borrowing. The precise coverage and classification may vary across countries, so country-specific notes should be consulted.",Tesouro Nacional do Brasil,2026-07-16,ae9e8a6003642285
Fiscal Revenue,millions of USD,,Annual,03_Fiscal Accounts and Public Debt,03_Non Financial Public Sector,301,12,1990,2025,"Fiscal Revenue (Non-Financial Public Sector) refers to the total income received by the non-financial public sector, including taxes, social contributions, and other current and capital revenues. It reflects the government’s capacity to finance public spending without resorting to borrowing. The precise coverage and classification may vary across countries, so country-specific notes should be consulted.",Ministerio de Economía de Argentina,2026-07-16,573300f7df9c8779
Fiscal Revenue,millions of domestic currency,YoY %,Annual,03_Fiscal Accounts and Public Debt,01_Central Government,301,14,1991,2025,"Fiscal Revenue (Central Government) refers to the total income received by the central government, including taxes, social contributions, and other current and capital revenues. It reflects the government’s capacity to finance public spending without resorting to borrowing. The precise coverage and classification may vary across countries, so country-specific notes should be consulted.",Barbados Statistical Service,2026-07-16,b8e43a26ac980952
Fiscal Revenue,millions of domestic currency,YoY %,Annual,03_Fiscal Accounts and Public Debt,02_General Government,66,4,1991,2025,"Fiscal Revenue (General Government) refers to the total income received by the general government, including taxes, social contributions, and other current and capital revenues. It reflects the government’s capacity to finance public spending without resorting to borrowing. The precise coverage and classification may vary across countries, so country-specific notes should be consulted.",Tesouro Nacional do Brasil,2026-07-16,2105f11ed4e4384e
Fiscal Revenue,millions of domestic currency,YoY %,Annual,03_Fiscal Accounts and Public Debt,03_Non Financial Public Sector,289,12,1991,2025,"Fiscal Revenue (Non-Financial Public Sector) refers to the total income received by the non-financial public sector, including taxes, social contributions, and other current and capital revenues. It reflects the government’s capacity to finance public spending without resorting to borrowing. The precise coverage and classification may vary across countries, so country-specific notes should be consulted.",Ministerio de Economía de Argentina,2026-07-16,c0114da8be2f211c
Fiscal Revenue,millions of domestic currency,,Annual,03_Fiscal Accounts and Public Debt,01_Central Government,312,15,1990,2025,"Fiscal Revenue (Central Government) refers to the total income received by the central government, including taxes, social contributions, and other current and capital revenues. It reflects the government’s capacity to finance public spending without resorting to borrowing. The precise coverage and classification may vary across countries, so country-specific notes should be consulted.",Barbados Statistical Service,2026-07-16,5910b8c04ab4c9ae
Fiscal Revenue,millions of domestic currency,,Annual,03_Fiscal Accounts and Public Debt,02_General Government,70,4,1990,2025,"Fiscal Revenue (General Government) refers to the total income received by the general government, including taxes, social contributions, and other current and capital revenues. It reflects the government’s capacity to finance public spending without resorting to borrowing. The precise coverage and classification may vary across countries, so country-specific notes should be consulted.",Tesouro Nacional do Brasil,2026-07-16,05f71b827f946892
Fiscal Revenue,millions of domestic currency,,Annual,03_Fiscal Accounts and Public Debt,03_Non Financial Public Sector,301,12,1990,2025,"Fiscal Revenue (Non-Financial Public Sector) refers to the total income received by the non-financial public sector, including taxes, social contributions, and other current and capital revenues. It reflects the government’s capacity to finance public spending without resorting to borrowing. The precise coverage and classification may vary across countries, so country-specific notes should be consulted.",Ministerio de Economía de Argentina,2026-07-16,d9c2b98c06fcf302
Food CPI,"index (2023 = 100), avg. of period",YoY %,Annual,02_Prices and Wages,01_Prices,384,16,1991,2025,Food CPI is the consumer price index that measures the average change over time in the prices of a basket of food and non-alcoholic beverages purchased by households. It is usually published as a subcomponent of the overall CPI. The precise coverage of core CPI varies across countries.,INDEC - Argentina,2026-07-16,401c5617556f1546
Food CPI,"index (2023 = 100), avg. of period",,Annual,02_Prices and Wages,01_Prices,400,16,1990,2025,Food CPI is the consumer price index that measures the average change over time in the prices of a basket of food and non-alcoholic beverages purchased by households. It is usually published as a subcomponent of the overall CPI. The precise coverage of core CPI varies across countries.,INDEC - Argentina,2026-07-16,11f232012b6b2ea6
Food CPI,"index (2023 = 100), end of period",YoY %,Annual,02_Prices and Wages,01_Prices,366,16,1991,2025,Food CPI is the consumer price index that measures the average change over time in the prices of a basket of food and non-alcoholic beverages purchased by households. It is usually published as a subcomponent of the overall CPI. The precise coverage of core CPI varies across countries.,INDEC - Argentina,2026-07-16,3eaf216fe5e7a259
Food CPI,"index (2023 = 100), end of period",,Annual,02_Prices and Wages,01_Prices,382,16,1990,2025,Food CPI is the consumer price index that measures the average change over time in the prices of a basket of food and non-alcoholic beverages purchased by households. It is usually published as a subcomponent of the overall CPI. The precise coverage of core CPI varies across countries.,INDEC - Argentina,2026-07-16,e110dd2e8539e53e
Food CPI,"index, avg. of period",YoY %,Annual,02_Prices and Wages,01_Prices,384,16,1991,2025,Food CPI is the consumer price index that measures the average change over time in the prices of a basket of food and non-alcoholic beverages purchased by households. It is usually published as a subcomponent of the overall CPI. The precise coverage of core CPI varies across countries.,INDEC - Argentina,2026-07-16,e58630fdf24a48a9
Food CPI,"index, avg. of period",,Annual,02_Prices and Wages,01_Prices,400,16,1990,2025,Food CPI is the consumer price index that measures the average change over time in the prices of a basket of food and non-alcoholic beverages purchased by households. It is usually published as a subcomponent of the overall CPI. The precise coverage of core CPI varies across countries.,INDEC - Argentina,2026-07-16,e3edf3b7b07a736b
Food CPI,"index, end of period",YoY %,Annual,02_Prices and Wages,01_Prices,366,16,1991,2025,Food CPI is the consumer price index that measures the average change over time in the prices of a basket of food and non-alcoholic beverages purchased by households. It is usually published as a subcomponent of the overall CPI. The precise coverage of core CPI varies across countries.,INDEC - Argentina,2026-07-16,f24765fafbb71605
Food CPI,"index, end of period",,Annual,02_Prices and Wages,01_Prices,382,16,1990,2025,Food CPI is the consumer price index that measures the average change over time in the prices of a basket of food and non-alcoholic beverages purchased by households. It is usually published as a subcomponent of the overall CPI. The precise coverage of core CPI varies across countries.,INDEC - Argentina,2026-07-16,3ae95d419ffb410b
Foreign Currency Credit,"% of GDP, avg. of period",,Annual,05_Money and Banking,03_Bank Credit,280,11,1993,2025,"Foreign currency credit is the stock of credit provided by depository institutions that is denominated in foreign currencies, regardless of the sector receiving the funds.",Banco Central de la República Argentina,2026-07-16,0a0856f929fc1315
Foreign Currency Credit,"% of GDP, end of period",,Annual,05_Money and Banking,03_Bank Credit,284,11,1993,2025,"Foreign currency credit is the stock of credit provided by depository institutions that is denominated in foreign currencies, regardless of the sector receiving the funds.",Banco Central de la República Argentina,2026-07-16,5e28e98dfb4cd02a
Foreign Currency Credit,"% of total credit, avg. of period",,Annual,05_Money and Banking,03_Bank Credit,304,11,1990,2025,"Foreign currency credit is the stock of credit provided by depository institutions that is denominated in foreign currencies, regardless of the sector receiving the funds.",Banco Central de la República Argentina,2026-07-16,5ba55606c25bf1f0
Foreign Currency Credit,"% of total credit, end of period",,Annual,05_Money and Banking,03_Bank Credit,308,11,1990,2025,"Foreign currency credit is the stock of credit provided by depository institutions that is denominated in foreign currencies, regardless of the sector receiving the funds.",Banco Central de la República Argentina,2026-07-16,6d7a3460976384c8
Foreign Currency Credit,"millions of USD, avg. of period",YoY %,Annual,05_Money and Banking,03_Bank Credit,292,11,1991,2025,"Foreign currency credit is the stock of credit provided by depository institutions that is denominated in foreign currencies, regardless of the sector receiving the funds.",Banco Central de la República Argentina,2026-07-16,f02a93fcd48cab0c
Foreign Currency Credit,"millions of USD, avg. of period",,Annual,05_Money and Banking,03_Bank Credit,304,11,1990,2025,"Foreign currency credit is the stock of credit provided by depository institutions that is denominated in foreign currencies, regardless of the sector receiving the funds.",Banco Central de la República Argentina,2026-07-16,6809ba2c39505ba4
Foreign Currency Credit,"millions of USD, end of period",YoY %,Annual,05_Money and Banking,03_Bank Credit,296,11,1991,2025,"Foreign currency credit is the stock of credit provided by depository institutions that is denominated in foreign currencies, regardless of the sector receiving the funds.",Banco Central de la República Argentina,2026-07-16,5e0a8c53d4f5e9b8
Foreign Currency Credit,"millions of USD, end of period",,Annual,05_Money and Banking,03_Bank Credit,308,11,1990,2025,"Foreign currency credit is the stock of credit provided by depository institutions that is denominated in foreign currencies, regardless of the sector receiving the funds.",Banco Central de la República Argentina,2026-07-16,b2dd131c03650221
Foreign Currency Deposits,"% of GDP, avg. of period",,Annual,05_Money and Banking,02_Bank Deposits,578,22,1990,2025,Foreign currency deposits are the deposits of residents in depository institutions denominated in foreign currencies.,Banco Central de la República Argentina,2026-07-16,8fa4fd6f310509a8
Foreign Currency Deposits,"% of GDP, end of period",,Annual,05_Money and Banking,02_Bank Deposits,599,22,1990,2025,Foreign currency deposits are the deposits of residents in depository institutions denominated in foreign currencies.,Banco Central de la República Argentina,2026-07-16,fd0086f150c5c403
Foreign Currency Deposits,"% of total deposits, avg. of period",,Annual,05_Money and Banking,02_Bank Deposits,589,21,1990,2025,Foreign currency deposits are the deposits of residents in depository institutions denominated in foreign currencies.,Banco Central de la República Argentina,2026-07-16,1c0fe92f00915e00
Foreign Currency Deposits,"% of total deposits, end of period",,Annual,05_Money and Banking,02_Bank Deposits,603,21,1990,2025,Foreign currency deposits are the deposits of residents in depository institutions denominated in foreign currencies.,Banco Central de la República Argentina,2026-07-16,8c304a38815d9762
Foreign Currency Deposits,"millions of USD, avg. of period",YoY %,Annual,05_Money and Banking,02_Bank Deposits,575,22,1991,2025,Foreign currency deposits are the deposits of residents in depository institutions denominated in foreign currencies.,Banco Central de la República Argentina,2026-07-16,5bc14fe4cacb879c
Foreign Currency Deposits,"millions of USD, avg. of period",,Annual,05_Money and Banking,02_Bank Deposits,607,22,1990,2025,Foreign currency deposits are the deposits of residents in depository institutions denominated in foreign currencies.,Banco Central de la República Argentina,2026-07-16,fe04cada6547270e
Foreign Currency Deposits,"millions of USD, end of period",YoY %,Annual,05_Money and Banking,02_Bank Deposits,597,22,1991,2025,Foreign currency deposits are the deposits of residents in depository institutions denominated in foreign currencies.,Banco Central de la República Argentina,2026-07-16,74d20a8206e4985a
Foreign Currency Deposits,"millions of USD, end of period",,Annual,05_Money and Banking,02_Bank Deposits,629,22,1990,2025,Foreign currency deposits are the deposits of residents in depository institutions denominated in foreign currencies.,Banco Central de la República Argentina,2026-07-16,d148969ee03de0bb
"Foreign Direct Investment, Net",% of GDP,,Annual,04_External Accounts,01_Balance of Payments,463,23,1994,2025,"Foreign Direct Investment (FDI), Net is net cross-border direct investment recorded in the financial account, computed as the net acquisition of financial assets (residents' direct investment abroad) minus the net incurrence of liabilities (nonresidents' direct investment in the reporting economy). Direct investment reflects a lasting interest (typically 10% or more of voting power) and long-term international business relationships. The precise definition and coverage may vary across countries.",INDEC - Argentina,2026-07-16,07b4b03e5ebe4c00
"Foreign Direct Investment, Net",millions of USD,,Annual,04_External Accounts,01_Balance of Payments,512,24,1991,2025,"Foreign Direct Investment (FDI), Net is net cross-border direct investment recorded in the financial account, computed as the net acquisition of financial assets (residents' direct investment abroad) minus the net incurrence of liabilities (nonresidents' direct investment in the reporting economy). Direct investment reflects a lasting interest (typically 10% or more of voting power) and long-term international business relationships. The precise definition and coverage may vary across countries.",INDEC - Argentina,2026-07-16,95059432ff377d26
"Foreign Direct Investment, Net Acquisition of Financial Assets",% of GDP,,Annual,04_External Accounts,01_Balance of Payments,335,17,1994,2025,"Foreign Direct Investment (NAFA) is the net acquisition of financial assets through cross-border investments where residents acquire a lasting interest, typically 10% or more of voting power, in enterprises abroad. Recorded in the financial account of the balance of payments.",INDEC - Argentina,2026-07-16,1c0062a8613e7c6e
"Foreign Direct Investment, Net Acquisition of Financial Assets",millions of USD,,Annual,04_External Accounts,01_Balance of Payments,343,17,1994,2025,"Foreign Direct Investment (NAFA) is the net acquisition of financial assets through cross-border investments where residents acquire a lasting interest, typically 10% or more of voting power, in enterprises abroad. Recorded in the financial account of the balance of payments.",INDEC - Argentina,2026-07-16,7a7037390d2deca2
"Foreign Direct Investment, Net Incurrence of Liabilities",% of GDP,,Annual,04_External Accounts,01_Balance of Payments,277,14,1994,2025,"Foreign Direct Investment (NIL) is the net incurrence of liabilities through cross-border investments where nonresidents acquire a lasting interest, typically 10% or more of voting power, in domestic enterprises. Recorded in the financial account of the balance of payments.",INDEC - Argentina,2026-07-16,26c88c641907ee80
"Foreign Direct Investment, Net Incurrence of Liabilities",millions of USD,,Annual,04_External Accounts,01_Balance of Payments,284,14,1994,2025,"Foreign Direct Investment (NIL) is the net incurrence of liabilities through cross-border investments where nonresidents acquire a lasting interest, typically 10% or more of voting power, in domestic enterprises. Recorded in the financial account of the balance of payments.",INDEC - Argentina,2026-07-16,5491cd1a0f3c9265
Foreign Exchange Reserves,"% of GDP, avg. of period",,Annual,04_External Accounts,04_Stock of International Reserves,325,14,1991,2025,"Foreign currency reserves are the portion of gross international reserves held in the form of foreign currency assets, such as bank deposits, treasury bills and other highly liquid instruments denominated in major international currencies.",Central Bank of Barbados,2026-07-16,63d38581661babbe
Foreign Exchange Reserves,"% of GDP, end of period",,Annual,04_External Accounts,04_Stock of International Reserves,326,14,1991,2025,"Foreign currency reserves are the portion of gross international reserves held in the form of foreign currency assets, such as bank deposits, treasury bills and other highly liquid instruments denominated in major international currencies.",Central Bank of Barbados,2026-07-16,9a044e3142551602
Foreign Exchange Reserves,"% of short-term external public debt, avg. of period",,Annual,04_External Accounts,04_Stock of International Reserves,79,4,2003,2025,"Foreign currency reserves are the portion of gross international reserves held in the form of foreign currency assets, such as bank deposits, treasury bills and other highly liquid instruments denominated in major international currencies.",Banco Central de Chile,2026-07-16,9ec7bb7c3c1dc7a4
Foreign Exchange Reserves,"% of short-term external public debt, end of period",,Annual,04_External Accounts,04_Stock of International Reserves,80,4,2003,2025,"Foreign currency reserves are the portion of gross international reserves held in the form of foreign currency assets, such as bank deposits, treasury bills and other highly liquid instruments denominated in major international currencies.",Banco Central de Chile,2026-07-16,9befd44ccebcb231
Foreign Exchange Reserves,"millions of USD, avg. of period",YoY %,Annual,04_External Accounts,04_Stock of International Reserves,308,14,1992,2025,"Foreign currency reserves are the portion of gross international reserves held in the form of foreign currency assets, such as bank deposits, treasury bills and other highly liquid instruments denominated in major international currencies.",Central Bank of Barbados,2026-07-16,eeb600bdb0679fc4
Foreign Exchange Reserves,"millions of USD, avg. of period",,Annual,04_External Accounts,04_Stock of International Reserves,341,14,1991,2025,"Foreign currency reserves are the portion of gross international reserves held in the form of foreign currency assets, such as bank deposits, treasury bills and other highly liquid instruments denominated in major international currencies.",Central Bank of Barbados,2026-07-16,2232a6bcd2b6a19e
Foreign Exchange Reserves,"millions of USD, end of period",YoY %,Annual,04_External Accounts,04_Stock of International Reserves,312,14,1992,2025,"Foreign currency reserves are the portion of gross international reserves held in the form of foreign currency assets, such as bank deposits, treasury bills and other highly liquid instruments denominated in major international currencies.",Central Bank of Barbados,2026-07-16,28d89f1a0b2287d4
Foreign Exchange Reserves,"millions of USD, end of period",,Annual,04_External Accounts,04_Stock of International Reserves,345,14,1991,2025,"Foreign currency reserves are the portion of gross international reserves held in the form of foreign currency assets, such as bank deposits, treasury bills and other highly liquid instruments denominated in major international currencies.",Central Bank of Barbados,2026-07-16,b4fadd2af8fa7c9b
GDP (Constant Prices),index (2023 = 100),YoY %,Annual,01_Economic Activity and Employment,01_National Accounts,713,25,1991,2025,"Gross Domestic Product (GDP) at constant prices is the total value of all final goods and services produced within a country’s borders during a given period, measured using the prices of a fixed base year. The base year varies across countries.",INDEC - Argentina,2026-07-16,40877ad29da9fa19
GDP (Constant Prices),index (2023 = 100),,Annual,01_Economic Activity and Employment,01_National Accounts,738,25,1990,2025,"Gross Domestic Product (GDP) at constant prices is the total value of all final goods and services produced within a country’s borders during a given period, measured using the prices of a fixed base year. The base year varies across countries.",INDEC - Argentina,2026-07-16,4e72fb850ac4c26b
GDP (Constant Prices),millions of domestic currency,YoY %,Annual,01_Economic Activity and Employment,01_National Accounts,733,26,1991,2025,"Gross Domestic Product (GDP) at constant prices is the total value of all final goods and services produced within a country’s borders during a given period, measured using the prices of a fixed base year. The base year varies across countries.",INDEC - Argentina,2026-07-16,8d97b22af6f32f50
GDP (Constant Prices),millions of domestic currency,,Annual,01_Economic Activity and Employment,01_National Accounts,759,26,1990,2025,"Gross Domestic Product (GDP) at constant prices is the total value of all final goods and services produced within a country’s borders during a given period, measured using the prices of a fixed base year. The base year varies across countries.",INDEC - Argentina,2026-07-16,3aa4366504455dc3
GDP (Current Prices),PPP adjusted,YoY %,Annual,01_Economic Activity and Employment,01_National Accounts,719,25,1991,2024,Gross Domestic Product (GDP) at current prices represents the total monetary value of all final goods and services produced within a country's borders during a given period. It serves as a key indicator of overall economic activity.,INDEC - Argentina,2026-07-16,ec0cb848538c5713
GDP (Current Prices),PPP adjusted,,Annual,01_Economic Activity and Employment,01_National Accounts,744,25,1990,2024,Gross Domestic Product (GDP) at current prices represents the total monetary value of all final goods and services produced within a country's borders during a given period. It serves as a key indicator of overall economic activity.,INDEC - Argentina,2026-07-16,21171adaacc0fef2
GDP (Current Prices),millions of USD,YoY %,Annual,01_Economic Activity and Employment,01_National Accounts,712,25,1991,2025,Gross Domestic Product (GDP) at current prices represents the total monetary value of all final goods and services produced within a country's borders during a given period. It serves as a key indicator of overall economic activity.,INDEC - Argentina,2026-07-16,4b5bf80954ea3b44
GDP (Current Prices),millions of USD,,Annual,01_Economic Activity and Employment,01_National Accounts,737,25,1990,2025,Gross Domestic Product (GDP) at current prices represents the total monetary value of all final goods and services produced within a country's borders during a given period. It serves as a key indicator of overall economic activity.,INDEC - Argentina,2026-07-16,e1a3ca3ff427cad4
GDP (Current Prices),millions of domestic currency,YoY %,Annual,01_Economic Activity and Employment,01_National Accounts,735,25,1991,2025,Gross Domestic Product (GDP) at current prices represents the total monetary value of all final goods and services produced within a country's borders during a given period. It serves as a key indicator of overall economic activity.,INDEC - Argentina,2026-07-16,30dcc7c82fb32ab5
GDP (Current Prices),millions of domestic currency,,Annual,01_Economic Activity and Employment,01_National Accounts,760,25,1990,2025,Gross Domestic Product (GDP) at current prices represents the total monetary value of all final goods and services produced within a country's borders during a given period. It serves as a key indicator of overall economic activity.,INDEC - Argentina,2026-07-16,28983f46c8577dbf
GDP Deflator,index,YoY %,Annual,02_Prices and Wages,01_Prices,682,24,1991,2025,The GDP deflator is an index that measures the change in the overall price level of all goods and services included in gross domestic product. It is calculated as the ratio of nominal GDP to real GDP.,INDEC - Argentina,2026-07-16,1f531e4edd6ff85c
GDP Deflator,index,,Annual,02_Prices and Wages,01_Prices,706,24,1990,2025,The GDP deflator is an index that measures the change in the overall price level of all goods and services included in gross domestic product. It is calculated as the ratio of nominal GDP to real GDP.,INDEC - Argentina,2026-07-16,195bb722c4c7fa80
GDP Deflator,index (2023 = 100),YoY %,Annual,02_Prices and Wages,01_Prices,670,23,1991,2025,The GDP deflator is an index that measures the change in the overall price level of all goods and services included in gross domestic product. It is calculated as the ratio of nominal GDP to real GDP.,INDEC - Argentina,2026-07-16,adee947d310b1e37
GDP Deflator,index (2023 = 100),,Annual,02_Prices and Wages,01_Prices,693,23,1990,2025,The GDP deflator is an index that measures the change in the overall price level of all goods and services included in gross domestic product. It is calculated as the ratio of nominal GDP to real GDP.,INDEC - Argentina,2026-07-16,8dfc44e9f1c29ced
GDP Growth,in %,,Annual,01_Economic Activity and Employment,01_National Accounts,733,26,1991,2025,"Percent GDP Growth measures the real period-on-period percentage change in Gross Domestic Product (GDP) at Constant Prices, reflecting the pace of economic expansion or contraction in an economy.",Internal calculations based on INDEC - Argentina,2026-07-16,e7f0da2f6a1b8cc8
GDP per Capita,PPP adjusted,YoY %,Annual,01_Economic Activity and Employment,01_National Accounts,662,24,1991,2024,GDP per capita is gross domestic product measured in US dollars divided by the population of a country.,Internal calculations based on INDEC - Argentina,2026-07-16,123dba9e0b918644
GDP per Capita,PPP adjusted,,Annual,01_Economic Activity and Employment,01_National Accounts,686,24,1990,2024,GDP per capita is gross domestic product measured in US dollars divided by the population of a country.,Internal calculations based on INDEC - Argentina,2026-07-16,759af98a193f5af2
GDP per Capita,USD,YoY %,Annual,01_Economic Activity and Employment,01_National Accounts,677,24,1991,2025,GDP per capita is gross domestic product measured in US dollars divided by the population of a country.,Internal calculations based on INDEC - Argentina,2026-07-16,7d1ec8c86961c3be
GDP per Capita,USD,,Annual,01_Economic Activity and Employment,01_National Accounts,695,24,1990,2025,GDP per capita is gross domestic product measured in US dollars divided by the population of a country.,Internal calculations based on INDEC - Argentina,2026-07-16,46b139b5d205fac7
Gold Reserves,"% of GDP, avg. of period",,Annual,04_External Accounts,04_Stock of International Reserves,204,9,1991,2025,"Gold reserves are the holdings of monetary gold by a country’s monetary authority, valued according to international or national accounting standards. They represent a traditional component of international reserves.",Banco Central do Brasil,2026-07-16,821d2b3dcf2d11de
Gold Reserves,"% of GDP, end of period",,Annual,04_External Accounts,04_Stock of International Reserves,205,9,1991,2025,"Gold reserves are the holdings of monetary gold by a country’s monetary authority, valued according to international or national accounting standards. They represent a traditional component of international reserves.",Banco Central do Brasil,2026-07-16,30c47f231a093c00
Gold Reserves,"millions of USD, avg. of period",YoY %,Annual,04_External Accounts,04_Stock of International Reserves,182,9,1991,2025,"Gold reserves are the holdings of monetary gold by a country’s monetary authority, valued according to international or national accounting standards. They represent a traditional component of international reserves.",Banco Central do Brasil,2026-07-16,c5ae41a50d0b8d96
Gold Reserves,"millions of USD, avg. of period",,Annual,04_External Accounts,04_Stock of International Reserves,215,9,1990,2025,"Gold reserves are the holdings of monetary gold by a country’s monetary authority, valued according to international or national accounting standards. They represent a traditional component of international reserves.",Banco Central do Brasil,2026-07-16,fa511557a8b1f93f
Gold Reserves,"millions of USD, end of period",YoY %,Annual,04_External Accounts,04_Stock of International Reserves,179,9,1991,2025,"Gold reserves are the holdings of monetary gold by a country’s monetary authority, valued according to international or national accounting standards. They represent a traditional component of international reserves.",Banco Central do Brasil,2026-07-16,4e9256e341f378c0
Gold Reserves,"millions of USD, end of period",,Annual,04_External Accounts,04_Stock of International Reserves,218,9,1990,2025,"Gold reserves are the holdings of monetary gold by a country’s monetary authority, valued according to international or national accounting standards. They represent a traditional component of international reserves.",Banco Central do Brasil,2026-07-16,2d311799f9cad9b0
Goods and Services Balance (BOP),% of GDP,,Annual,04_External Accounts,01_Balance of Payments,361,18,1994,2025,Goods and Services Balance is the net result of cross-border transactions in goods and services between residents and nonresidents. It is calculated as total exports of goods and services minus total imports of goods and services. A surplus reflects net external demand for the country's goods and services; a deficit reflects net domestic demand for foreign goods and services.,INDEC - Argentina,2026-07-16,23ef6835482d969e
Goods and Services Balance (BOP),fiscal year (Q4–Q3 aggregation),,Annual,04_External Accounts,01_Balance of Payments,350,18,1995,2025,Goods and Services Balance is the net result of cross-border transactions in goods and services between residents and nonresidents. It is calculated as total exports of goods and services minus total imports of goods and services. A surplus reflects net external demand for the country's goods and services; a deficit reflects net domestic demand for foreign goods and services.,INDEC - Argentina,2026-07-16,44c4c2a03c58bbc3
Goods and Services Balance (BOP),millions of USD,,Annual,04_External Accounts,01_Balance of Payments,368,18,1994,2025,Goods and Services Balance is the net result of cross-border transactions in goods and services between residents and nonresidents. It is calculated as total exports of goods and services minus total imports of goods and services. A surplus reflects net external demand for the country's goods and services; a deficit reflects net domestic demand for foreign goods and services.,INDEC - Argentina,2026-07-16,a78896a379c50d1b
Government Securities Rate,"rate, avg. of period",,Annual,06_Financial Markets,01_Interest Rates,54,2,1997,2025,The government securities rate is the yield on debt securities issued by the central government in the domestic market.,Banco Central de Reserva del Perú,2026-07-16,a7f1214f232654fc
Government Securities Rate,"rate, end of period",,Annual,06_Financial Markets,01_Interest Rates,54,2,1997,2025,The government securities rate is the yield on debt securities issued by the central government in the domestic market.,Banco Central de Reserva del Perú,2026-07-16,77245a4205a14c46
Government Securities Rate,"real terms, avg. of period",,Annual,06_Financial Markets,01_Interest Rates,44,2,2001,2025,The government securities rate is the yield on debt securities issued by the central government in the domestic market.,Banco Central de Reserva del Perú,2026-07-16,97b5ea776f63c3df
Government Securities Rate,"real terms, end of period",,Annual,06_Financial Markets,01_Interest Rates,44,2,2001,2025,The government securities rate is the yield on debt securities issued by the central government in the domestic market.,Banco Central de Reserva del Perú,2026-07-16,b5b1738cd4a79901
Gross Capital Formation,% of GDP,,Annual,01_Economic Activity and Employment,01_National Accounts,447,16,1990,2025,"Gross capital formation is the total value of investment in fixed assets, inventories and valuables within an economy during a given period. It includes gross fixed capital formation, changes in inventories and acquisitions less disposals of valuables. The precise coverage may vary across countries.",Internal calculations based on INDEC - Argentina,2026-07-16,44beabf7798822cf
Gross Capital Formation,PPP adjusted,YoY %,Annual,01_Economic Activity and Employment,01_National Accounts,408,16,1991,2024,"Gross capital formation is the total value of investment in fixed assets, inventories and valuables within an economy during a given period. It includes gross fixed capital formation, changes in inventories and acquisitions less disposals of valuables. The precise coverage may vary across countries.",Internal calculations based on INDEC - Argentina,2026-07-16,0d9725175a659fbf
Gross Capital Formation,PPP adjusted,,Annual,01_Economic Activity and Employment,01_National Accounts,435,16,1990,2024,"Gross capital formation is the total value of investment in fixed assets, inventories and valuables within an economy during a given period. It includes gross fixed capital formation, changes in inventories and acquisitions less disposals of valuables. The precise coverage may vary across countries.",Internal calculations based on INDEC - Argentina,2026-07-16,8757b9d7a4c04319
Gross Capital Formation,constant prices – national accounts deflator,YoY %,Annual,01_Economic Activity and Employment,01_National Accounts,348,13,1991,2025,"Gross capital formation is the total value of investment in fixed assets, inventories and valuables within an economy during a given period. It includes gross fixed capital formation, changes in inventories and acquisitions less disposals of valuables. The precise coverage may vary across countries.",Internal calculations based on INDEC - Argentina,2026-07-16,bc674c63615b56ca
Gross Capital Formation,constant prices – national accounts deflator,,Annual,01_Economic Activity and Employment,01_National Accounts,372,13,1990,2025,"Gross capital formation is the total value of investment in fixed assets, inventories and valuables within an economy during a given period. It includes gross fixed capital formation, changes in inventories and acquisitions less disposals of valuables. The precise coverage may vary across countries.",Internal calculations based on INDEC - Argentina,2026-07-16,6453cad5a205f996
Gross Capital Formation,millions of USD,YoY %,Annual,01_Economic Activity and Employment,01_National Accounts,415,16,1991,2025,"Gross capital formation is the total value of investment in fixed assets, inventories and valuables within an economy during a given period. It includes gross fixed capital formation, changes in inventories and acquisitions less disposals of valuables. The precise coverage may vary across countries.",Internal calculations based on INDEC - Argentina,2026-07-16,7b0833f5d9350bc4
Gross Capital Formation,millions of USD,,Annual,01_Economic Activity and Employment,01_National Accounts,442,16,1990,2025,"Gross capital formation is the total value of investment in fixed assets, inventories and valuables within an economy during a given period. It includes gross fixed capital formation, changes in inventories and acquisitions less disposals of valuables. The precise coverage may vary across countries.",Internal calculations based on INDEC - Argentina,2026-07-16,9d8df9eee212ee5f
Gross Capital Formation,millions of domestic currency,YoY %,Annual,01_Economic Activity and Employment,01_National Accounts,420,16,1991,2025,"Gross capital formation is the total value of investment in fixed assets, inventories and valuables within an economy during a given period. It includes gross fixed capital formation, changes in inventories and acquisitions less disposals of valuables. The precise coverage may vary across countries.",Internal calculations based on INDEC - Argentina,2026-07-16,4d3766f365923c3f
Gross Capital Formation,millions of domestic currency,,Annual,01_Economic Activity and Employment,01_National Accounts,447,16,1990,2025,"Gross capital formation is the total value of investment in fixed assets, inventories and valuables within an economy during a given period. It includes gross fixed capital formation, changes in inventories and acquisitions less disposals of valuables. The precise coverage may vary across countries.",Internal calculations based on INDEC - Argentina,2026-07-16,642adacf2d05844a
Gross Disposable Income (GDI),% of GDP,,Annual,01_Economic Activity and Employment,01_National Accounts,462,23,1994,2025,"Gross Disposable Income (GDI) is gross national income plus net current transfers from abroad, such as remittances and international aid, minus current transfers paid to nonresidents.",Internal calculations based on INDEC - Argentina,2026-07-16,905ebdf95fa57e3c
Gross Disposable Income (GDI),PPP adjusted,YoY %,Annual,01_Economic Activity and Employment,01_National Accounts,424,23,1995,2024,"Gross Disposable Income (GDI) is gross national income plus net current transfers from abroad, such as remittances and international aid, minus current transfers paid to nonresidents.",Internal calculations based on INDEC - Argentina,2026-07-16,ff286c1360380fb9
Gross Disposable Income (GDI),PPP adjusted,,Annual,01_Economic Activity and Employment,01_National Accounts,447,23,1994,2024,"Gross Disposable Income (GDI) is gross national income plus net current transfers from abroad, such as remittances and international aid, minus current transfers paid to nonresidents.",Internal calculations based on INDEC - Argentina,2026-07-16,0aaf9c3d3d970e63
Gross Disposable Income (GDI),millions of USD,YoY %,Annual,01_Economic Activity and Employment,01_National Accounts,439,23,1995,2025,"Gross Disposable Income (GDI) is gross national income plus net current transfers from abroad, such as remittances and international aid, minus current transfers paid to nonresidents.",Internal calculations based on INDEC - Argentina,2026-07-16,cb496b42cf003cef
Gross Disposable Income (GDI),millions of USD,,Annual,01_Economic Activity and Employment,01_National Accounts,462,23,1994,2025,"Gross Disposable Income (GDI) is gross national income plus net current transfers from abroad, such as remittances and international aid, minus current transfers paid to nonresidents.",Internal calculations based on INDEC - Argentina,2026-07-16,06004029e5f0613e
Gross Disposable Income (GDI),millions of domestic currency,YoY %,Annual,01_Economic Activity and Employment,01_National Accounts,439,23,1995,2025,"Gross Disposable Income (GDI) is gross national income plus net current transfers from abroad, such as remittances and international aid, minus current transfers paid to nonresidents.",Internal calculations based on INDEC - Argentina,2026-07-16,9606fb75401b8639
Gross Disposable Income (GDI),millions of domestic currency,,Annual,01_Economic Activity and Employment,01_National Accounts,462,23,1994,2025,"Gross Disposable Income (GDI) is gross national income plus net current transfers from abroad, such as remittances and international aid, minus current transfers paid to nonresidents.",Internal calculations based on INDEC - Argentina,2026-07-16,a7100e9293f9040b
Gross Fixed Capital Formation,% of GDP,,Annual,01_Economic Activity and Employment,01_National Accounts,672,24,1990,2025,"Gross Fixed Capital Formation (GFCF) measures the total value of investment in fixed assets within an economy, such as buildings, infrastructure, machinery and equipment, that are used in production for more than one year. It reflects long-term capital accumulation and investment in productive capacity. The precise definition may vary across countries.",INDEC - Argentina,2026-07-16,08ca0d508c7523ec
Gross Fixed Capital Formation,PPP adjusted,YoY %,Annual,01_Economic Activity and Employment,01_National Accounts,635,24,1991,2024,"Gross Fixed Capital Formation (GFCF) measures the total value of investment in fixed assets within an economy, such as buildings, infrastructure, machinery and equipment, that are used in production for more than one year. It reflects long-term capital accumulation and investment in productive capacity. The precise definition may vary across countries.",INDEC - Argentina,2026-07-16,da0c75bfe838727d
Gross Fixed Capital Formation,PPP adjusted,,Annual,01_Economic Activity and Employment,01_National Accounts,656,24,1990,2024,"Gross Fixed Capital Formation (GFCF) measures the total value of investment in fixed assets within an economy, such as buildings, infrastructure, machinery and equipment, that are used in production for more than one year. It reflects long-term capital accumulation and investment in productive capacity. The precise definition may vary across countries.",INDEC - Argentina,2026-07-16,d6d696f5a16af6b6
Gross Fixed Capital Formation,constant prices – national accounts deflator,YoY %,Annual,01_Economic Activity and Employment,01_National Accounts,573,21,1991,2025,"Gross Fixed Capital Formation (GFCF) measures the total value of investment in fixed assets within an economy, such as buildings, infrastructure, machinery and equipment, that are used in production for more than one year. It reflects long-term capital accumulation and investment in productive capacity. The precise definition may vary across countries.",INDEC - Argentina,2026-07-16,2acd2bf7cd031f7b
Gross Fixed Capital Formation,constant prices – national accounts deflator,,Annual,01_Economic Activity and Employment,01_National Accounts,605,21,1990,2025,"Gross Fixed Capital Formation (GFCF) measures the total value of investment in fixed assets within an economy, such as buildings, infrastructure, machinery and equipment, that are used in production for more than one year. It reflects long-term capital accumulation and investment in productive capacity. The precise definition may vary across countries.",INDEC - Argentina,2026-07-16,8862917377b32dbd
Gross Fixed Capital Formation,millions of USD,YoY %,Annual,01_Economic Activity and Employment,01_National Accounts,646,24,1991,2025,"Gross Fixed Capital Formation (GFCF) measures the total value of investment in fixed assets within an economy, such as buildings, infrastructure, machinery and equipment, that are used in production for more than one year. It reflects long-term capital accumulation and investment in productive capacity. The precise definition may vary across countries.",INDEC - Argentina,2026-07-16,a0dea06da6e5b354
Gross Fixed Capital Formation,millions of USD,,Annual,01_Economic Activity and Employment,01_National Accounts,667,24,1990,2025,"Gross Fixed Capital Formation (GFCF) measures the total value of investment in fixed assets within an economy, such as buildings, infrastructure, machinery and equipment, that are used in production for more than one year. It reflects long-term capital accumulation and investment in productive capacity. The precise definition may vary across countries.",INDEC - Argentina,2026-07-16,7a74ed6460bee5a1
Gross Fixed Capital Formation,millions of domestic currency,YoY %,Annual,01_Economic Activity and Employment,01_National Accounts,651,24,1991,2025,"Gross Fixed Capital Formation (GFCF) measures the total value of investment in fixed assets within an economy, such as buildings, infrastructure, machinery and equipment, that are used in production for more than one year. It reflects long-term capital accumulation and investment in productive capacity. The precise definition may vary across countries.",INDEC - Argentina,2026-07-16,14ba4b65c04d0fee
Gross Fixed Capital Formation,millions of domestic currency,,Annual,01_Economic Activity and Employment,01_National Accounts,672,24,1990,2025,"Gross Fixed Capital Formation (GFCF) measures the total value of investment in fixed assets within an economy, such as buildings, infrastructure, machinery and equipment, that are used in production for more than one year. It reflects long-term capital accumulation and investment in productive capacity. The precise definition may vary across countries.",INDEC - Argentina,2026-07-16,c4277477c3b153ce
Gross International Reserves,"% of GDP, avg. of period",,Annual,04_External Accounts,04_Stock of International Reserves,548,21,1990,2025,"Gross international reserves are the total stock of external assets held by a country’s monetary authority, including foreign currency holdings, gold, Special Drawing Rights (SDRs), the reserve position in the IMF and other reserve assets. They represent the full amount available on the balance sheet without considering any external liabilities.",Banco Central de la República Argentina,2026-07-16,4ac6eeaf0c37241e
Gross International Reserves,"% of GDP, end of period",,Annual,04_External Accounts,04_Stock of International Reserves,560,21,1990,2025,"Gross international reserves are the total stock of external assets held by a country’s monetary authority, including foreign currency holdings, gold, Special Drawing Rights (SDRs), the reserve position in the IMF and other reserve assets. They represent the full amount available on the balance sheet without considering any external liabilities.",Banco Central de la República Argentina,2026-07-16,1c21c9fd6651d67e
Gross International Reserves,"% of M2, avg. of period",,Annual,04_External Accounts,04_Stock of International Reserves,536,20,1990,2025,"Gross international reserves are the total stock of external assets held by a country’s monetary authority, including foreign currency holdings, gold, Special Drawing Rights (SDRs), the reserve position in the IMF and other reserve assets. They represent the full amount available on the balance sheet without considering any external liabilities.",Banco Central de la República Argentina,2026-07-16,7cd8e909bba2fe49
Gross International Reserves,"% of M2, end of period",,Annual,04_External Accounts,04_Stock of International Reserves,541,20,1990,2025,"Gross international reserves are the total stock of external assets held by a country’s monetary authority, including foreign currency holdings, gold, Special Drawing Rights (SDRs), the reserve position in the IMF and other reserve assets. They represent the full amount available on the balance sheet without considering any external liabilities.",Banco Central de la República Argentina,2026-07-16,9d4633d49a2397aa
Gross International Reserves,"% of short-term external public debt, avg. of period",,Annual,04_External Accounts,04_Stock of International Reserves,105,6,2003,2025,"Gross international reserves are the total stock of external assets held by a country’s monetary authority, including foreign currency holdings, gold, Special Drawing Rights (SDRs), the reserve position in the IMF and other reserve assets. They represent the full amount available on the balance sheet without considering any external liabilities.",Banco Central de la República Argentina,2026-07-16,50b6d5801d7378b7
Gross International Reserves,"% of short-term external public debt, end of period",,Annual,04_External Accounts,04_Stock of International Reserves,109,6,2003,2025,"Gross international reserves are the total stock of external assets held by a country’s monetary authority, including foreign currency holdings, gold, Special Drawing Rights (SDRs), the reserve position in the IMF and other reserve assets. They represent the full amount available on the balance sheet without considering any external liabilities.",Banco Central de la República Argentina,2026-07-16,12192315cd85ee30
Gross International Reserves,"% of total exports, avg. of period",,Annual,04_External Accounts,04_Stock of International Reserves,398,20,1994,2025,"Gross international reserves are the total stock of external assets held by a country’s monetary authority, including foreign currency holdings, gold, Special Drawing Rights (SDRs), the reserve position in the IMF and other reserve assets. They represent the full amount available on the balance sheet without considering any external liabilities.",Banco Central de la República Argentina,2026-07-16,19178b867b0e88f8
Gross International Reserves,"% of total exports, end of period",,Annual,04_External Accounts,04_Stock of International Reserves,406,20,1994,2025,"Gross international reserves are the total stock of external assets held by a country’s monetary authority, including foreign currency holdings, gold, Special Drawing Rights (SDRs), the reserve position in the IMF and other reserve assets. They represent the full amount available on the balance sheet without considering any external liabilities.",Banco Central de la República Argentina,2026-07-16,b4f21ba584c21fe5
Gross International Reserves,"% of total imports, avg. of period",,Annual,04_External Accounts,04_Stock of International Reserves,398,20,1994,2025,"Gross international reserves are the total stock of external assets held by a country’s monetary authority, including foreign currency holdings, gold, Special Drawing Rights (SDRs), the reserve position in the IMF and other reserve assets. They represent the full amount available on the balance sheet without considering any external liabilities.",Banco Central de la República Argentina,2026-07-16,1c49cda64ce63291
Gross International Reserves,"% of total imports, end of period",,Annual,04_External Accounts,04_Stock of International Reserves,406,20,1994,2025,"Gross international reserves are the total stock of external assets held by a country’s monetary authority, including foreign currency holdings, gold, Special Drawing Rights (SDRs), the reserve position in the IMF and other reserve assets. They represent the full amount available on the balance sheet without considering any external liabilities.",Banco Central de la República Argentina,2026-07-16,249f69348f2e1435
Gross International Reserves,fiscal year (Q4–Q3 aggregation),,Annual,04_External Accounts,04_Stock of International Reserves,16,1,2010,2025,"Gross international reserves are the total stock of external assets held by a country’s monetary authority, including foreign currency holdings, gold, Special Drawing Rights (SDRs), the reserve position in the IMF and other reserve assets. They represent the full amount available on the balance sheet without considering any external liabilities.",Consejo Monetario Centroamericano,2026-07-16,a1e415d3abb5cffb
Gross International Reserves,"fiscal year (Q4–Q3 aggregation), avg. of period",,Annual,04_External Accounts,04_Stock of International Reserves,580,21,1991,2025,"Gross international reserves are the total stock of external assets held by a country’s monetary authority, including foreign currency holdings, gold, Special Drawing Rights (SDRs), the reserve position in the IMF and other reserve assets. They represent the full amount available on the balance sheet without considering any external liabilities.",Banco Central de la República Argentina,2026-07-16,1a180b838bb34404
Gross International Reserves,"fiscal year (Q4–Q3 aggregation), end of period",,Annual,04_External Accounts,04_Stock of International Reserves,581,21,1991,2025,"Gross international reserves are the total stock of external assets held by a country’s monetary authority, including foreign currency holdings, gold, Special Drawing Rights (SDRs), the reserve position in the IMF and other reserve assets. They represent the full amount available on the balance sheet without considering any external liabilities.",Banco Central de la República Argentina,2026-07-16,b6bf511aa9067e5e
Gross International Reserves,"in months of total imports, avg. of period",,Annual,04_External Accounts,04_Stock of International Reserves,398,20,1994,2025,"Gross international reserves are the total stock of external assets held by a country’s monetary authority, including foreign currency holdings, gold, Special Drawing Rights (SDRs), the reserve position in the IMF and other reserve assets. They represent the full amount available on the balance sheet without considering any external liabilities.",Banco Central de la República Argentina,2026-07-16,7dc026f7bcfc8294
Gross International Reserves,"in months of total imports, end of period",,Annual,04_External Accounts,04_Stock of International Reserves,406,20,1994,2025,"Gross international reserves are the total stock of external assets held by a country’s monetary authority, including foreign currency holdings, gold, Special Drawing Rights (SDRs), the reserve position in the IMF and other reserve assets. They represent the full amount available on the balance sheet without considering any external liabilities.",Banco Central de la República Argentina,2026-07-16,bf966d387c76df93
Gross International Reserves,"millions of USD, avg. of period",YoY %,Annual,04_External Accounts,04_Stock of International Reserves,614,22,1991,2025,"Gross international reserves are the total stock of external assets held by a country’s monetary authority, including foreign currency holdings, gold, Special Drawing Rights (SDRs), the reserve position in the IMF and other reserve assets. They represent the full amount available on the balance sheet without considering any external liabilities.",Banco Central de la República Argentina,2026-07-16,0e311422a24a26fd
Gross International Reserves,"millions of USD, avg. of period",,Annual,04_External Accounts,04_Stock of International Reserves,636,22,1990,2025,"Gross international reserves are the total stock of external assets held by a country’s monetary authority, including foreign currency holdings, gold, Special Drawing Rights (SDRs), the reserve position in the IMF and other reserve assets. They represent the full amount available on the balance sheet without considering any external liabilities.",Banco Central de la República Argentina,2026-07-16,2d366dd391f8619c
Gross International Reserves,"millions of USD, end of period",YoY %,Annual,04_External Accounts,04_Stock of International Reserves,629,22,1991,2025,"Gross international reserves are the total stock of external assets held by a country’s monetary authority, including foreign currency holdings, gold, Special Drawing Rights (SDRs), the reserve position in the IMF and other reserve assets. They represent the full amount available on the balance sheet without considering any external liabilities.",Banco Central de la República Argentina,2026-07-16,3698234993cb6ed8
Gross International Reserves,"millions of USD, end of period",,Annual,04_External Accounts,04_Stock of International Reserves,651,22,1990,2025,"Gross international reserves are the total stock of external assets held by a country’s monetary authority, including foreign currency holdings, gold, Special Drawing Rights (SDRs), the reserve position in the IMF and other reserve assets. They represent the full amount available on the balance sheet without considering any external liabilities.",Banco Central de la República Argentina,2026-07-16,d0e3b7c31c296d60
Gross National Income (GNI),% of GDP,,Annual,01_Economic Activity and Employment,01_National Accounts,462,23,1994,2025,"Gross National Income (GNI) is the total income earned by residents of a country, consisting of gross domestic product plus net primary income from abroad (such as compensation of employees and investment income).",Internal calculations based on INDEC - Argentina,2026-07-16,e5f1772502010861
Gross National Income (GNI),PPP adjusted,YoY %,Annual,01_Economic Activity and Employment,01_National Accounts,424,23,1995,2024,"Gross National Income (GNI) is the total income earned by residents of a country, consisting of gross domestic product plus net primary income from abroad (such as compensation of employees and investment income).",Internal calculations based on INDEC - Argentina,2026-07-16,690e32c8f73902e1
Gross National Income (GNI),PPP adjusted,,Annual,01_Economic Activity and Employment,01_National Accounts,447,23,1994,2024,"Gross National Income (GNI) is the total income earned by residents of a country, consisting of gross domestic product plus net primary income from abroad (such as compensation of employees and investment income).",Internal calculations based on INDEC - Argentina,2026-07-16,b5ddb2665d57243c
Gross National Income (GNI),millions of USD,YoY %,Annual,01_Economic Activity and Employment,01_National Accounts,439,23,1995,2025,"Gross National Income (GNI) is the total income earned by residents of a country, consisting of gross domestic product plus net primary income from abroad (such as compensation of employees and investment income).",Internal calculations based on INDEC - Argentina,2026-07-16,dc93b7e203a8a25c
Gross National Income (GNI),millions of USD,,Annual,01_Economic Activity and Employment,01_National Accounts,462,23,1994,2025,"Gross National Income (GNI) is the total income earned by residents of a country, consisting of gross domestic product plus net primary income from abroad (such as compensation of employees and investment income).",Internal calculations based on INDEC - Argentina,2026-07-16,619181142648ce69
Gross National Income (GNI),millions of domestic currency,YoY %,Annual,01_Economic Activity and Employment,01_National Accounts,439,23,1995,2025,"Gross National Income (GNI) is the total income earned by residents of a country, consisting of gross domestic product plus net primary income from abroad (such as compensation of employees and investment income).",Internal calculations based on INDEC - Argentina,2026-07-16,51d88becc31fb37e
Gross National Income (GNI),millions of domestic currency,,Annual,01_Economic Activity and Employment,01_National Accounts,462,23,1994,2025,"Gross National Income (GNI) is the total income earned by residents of a country, consisting of gross domestic product plus net primary income from abroad (such as compensation of employees and investment income).",Internal calculations based on INDEC - Argentina,2026-07-16,21a8efdc2ba1d932
IMF Reserve Position,"% of GDP, avg. of period",,Annual,04_External Accounts,04_Stock of International Reserves,253,11,1990,2025,"The IMF reserve position (reserve tranche position) is the portion of gross international reserves corresponding to a country's claim on the International Monetary Fund. It comprises the reserve tranche position together with any lending to the IMF under arrangements that is readily repayable. It is a standard component of gross international reserves, alongside foreign exchange, gold and SDR holdings.",Central Bank of Barbados,2026-07-16,4d9893ad2a88d892
IMF Reserve Position,"% of GDP, end of period",,Annual,04_External Accounts,04_Stock of International Reserves,255,11,1990,2025,"The IMF reserve position (reserve tranche position) is the portion of gross international reserves corresponding to a country's claim on the International Monetary Fund. It comprises the reserve tranche position together with any lending to the IMF under arrangements that is readily repayable. It is a standard component of gross international reserves, alongside foreign exchange, gold and SDR holdings.",Central Bank of Barbados,2026-07-16,a1fe4d8d15501500
IMF Reserve Position,"millions of USD, avg. of period",YoY %,Annual,04_External Accounts,04_Stock of International Reserves,221,11,1991,2025,"The IMF reserve position (reserve tranche position) is the portion of gross international reserves corresponding to a country's claim on the International Monetary Fund. It comprises the reserve tranche position together with any lending to the IMF under arrangements that is readily repayable. It is a standard component of gross international reserves, alongside foreign exchange, gold and SDR holdings.",Central Bank of Barbados,2026-07-16,defc900acd2c62a9
IMF Reserve Position,"millions of USD, avg. of period",,Annual,04_External Accounts,04_Stock of International Reserves,265,11,1990,2025,"The IMF reserve position (reserve tranche position) is the portion of gross international reserves corresponding to a country's claim on the International Monetary Fund. It comprises the reserve tranche position together with any lending to the IMF under arrangements that is readily repayable. It is a standard component of gross international reserves, alongside foreign exchange, gold and SDR holdings.",Central Bank of Barbados,2026-07-16,f22c776040fd6df3
IMF Reserve Position,"millions of USD, end of period",YoY %,Annual,04_External Accounts,04_Stock of International Reserves,224,11,1991,2025,"The IMF reserve position (reserve tranche position) is the portion of gross international reserves corresponding to a country's claim on the International Monetary Fund. It comprises the reserve tranche position together with any lending to the IMF under arrangements that is readily repayable. It is a standard component of gross international reserves, alongside foreign exchange, gold and SDR holdings.",Central Bank of Barbados,2026-07-16,9dc027495f49fb72
IMF Reserve Position,"millions of USD, end of period",,Annual,04_External Accounts,04_Stock of International Reserves,268,11,1990,2025,"The IMF reserve position (reserve tranche position) is the portion of gross international reserves corresponding to a country's claim on the International Monetary Fund. It comprises the reserve tranche position together with any lending to the IMF under arrangements that is readily repayable. It is a standard component of gross international reserves, alongside foreign exchange, gold and SDR holdings.",Central Bank of Barbados,2026-07-16,4c94684414a16e44
Implicit Rate on Government Debt,rate,,Annual,06_Financial Markets,01_Interest Rates,320,16,1990,2025,The implicit interest rate on total public debt (Central Government) is defined as total interest payments divided by the average stock of total public debt over the previous period.,Internal calculations based on Ministerio de Economía de Argentina,2026-07-16,e21362d0b795eebe
Implicit Rate on Government Debt,real terms,,Annual,06_Financial Markets,01_Interest Rates,314,16,1991,2025,The implicit interest rate on total public debt (Central Government) is defined as total interest payments divided by the average stock of total public debt over the previous period.,Internal calculations based on Ministerio de Economía de Argentina,2026-07-16,de6ac4ac3247d6cc
Import Prices,"index (2023 = 100), avg. of period",YoY %,Annual,02_Prices and Wages,04_Trade Prices,311,11,1991,2025,"The Import Price Index is an index that measures the average prices of goods a country purchases from abroad. It tracks changes in import prices over time, regardless of the quantity imported. The import price index is a key component in calculating the Terms of Trade and helps assess the impact of external price shifts on domestic costs.",INDEC - Argentina,2026-07-16,cf9a8e66aa1a80c6
Import Prices,"index (2023 = 100), avg. of period",,Annual,02_Prices and Wages,04_Trade Prices,322,11,1990,2025,"The Import Price Index is an index that measures the average prices of goods a country purchases from abroad. It tracks changes in import prices over time, regardless of the quantity imported. The import price index is a key component in calculating the Terms of Trade and helps assess the impact of external price shifts on domestic costs.",INDEC - Argentina,2026-07-16,38fdb736e2a926c2
Import Prices,"index (2023 = 100), end of period",YoY %,Annual,02_Prices and Wages,04_Trade Prices,311,11,1991,2025,"The Import Price Index is an index that measures the average prices of goods a country purchases from abroad. It tracks changes in import prices over time, regardless of the quantity imported. The import price index is a key component in calculating the Terms of Trade and helps assess the impact of external price shifts on domestic costs.",INDEC - Argentina,2026-07-16,d3d60d22926e7275
Import Prices,"index (2023 = 100), end of period",,Annual,02_Prices and Wages,04_Trade Prices,322,11,1990,2025,"The Import Price Index is an index that measures the average prices of goods a country purchases from abroad. It tracks changes in import prices over time, regardless of the quantity imported. The import price index is a key component in calculating the Terms of Trade and helps assess the impact of external price shifts on domestic costs.",INDEC - Argentina,2026-07-16,e36c77dcdebc94b0
Import Prices,"index, avg. of period",YoY %,Annual,02_Prices and Wages,04_Trade Prices,311,11,1991,2025,"The Import Price Index is an index that measures the average prices of goods a country purchases from abroad. It tracks changes in import prices over time, regardless of the quantity imported. The import price index is a key component in calculating the Terms of Trade and helps assess the impact of external price shifts on domestic costs.",INDEC - Argentina,2026-07-16,8fe24d883712c7ff
Import Prices,"index, avg. of period",,Annual,02_Prices and Wages,04_Trade Prices,322,11,1990,2025,"The Import Price Index is an index that measures the average prices of goods a country purchases from abroad. It tracks changes in import prices over time, regardless of the quantity imported. The import price index is a key component in calculating the Terms of Trade and helps assess the impact of external price shifts on domestic costs.",INDEC - Argentina,2026-07-16,a323f296f771c249
Import Prices,"index, end of period",YoY %,Annual,02_Prices and Wages,04_Trade Prices,311,11,1991,2025,"The Import Price Index is an index that measures the average prices of goods a country purchases from abroad. It tracks changes in import prices over time, regardless of the quantity imported. The import price index is a key component in calculating the Terms of Trade and helps assess the impact of external price shifts on domestic costs.",INDEC - Argentina,2026-07-16,532d8a860df0e5cb
Import Prices,"index, end of period",,Annual,02_Prices and Wages,04_Trade Prices,322,11,1990,2025,"The Import Price Index is an index that measures the average prices of goods a country purchases from abroad. It tracks changes in import prices over time, regardless of the quantity imported. The import price index is a key component in calculating the Terms of Trade and helps assess the impact of external price shifts on domestic costs.",INDEC - Argentina,2026-07-16,cc0c1e6c3367a0a8
Imports (National Accounts),% of GDP,,Annual,01_Economic Activity and Employment,01_National Accounts,648,23,1990,2025,"Imports in national accounts represent the value of goods and services acquired from the rest of the world, recorded on the basis of economic ownership rather than physical entry into the country. This measure includes both tangible goods and intangible services, as well as cases where goods are purchased from abroad without physically crossing the border, such as merchanting or goods processed abroad but owned domestically. It excludes goods merely in transit and may differ from balance of payments imports due to adjustments in timing, valuation, and ownership recognition.",INDEC - Argentina,2026-07-16,88105887389a782b
Imports (National Accounts),constant prices – national accounts deflator,YoY %,Annual,01_Economic Activity and Employment,01_National Accounts,584,21,1991,2025,"Imports in national accounts represent the value of goods and services acquired from the rest of the world, recorded on the basis of economic ownership rather than physical entry into the country. This measure includes both tangible goods and intangible services, as well as cases where goods are purchased from abroad without physically crossing the border, such as merchanting or goods processed abroad but owned domestically. It excludes goods merely in transit and may differ from balance of payments imports due to adjustments in timing, valuation, and ownership recognition.",INDEC - Argentina,2026-07-16,e5d022de5a99e587
Imports (National Accounts),constant prices – national accounts deflator,,Annual,01_Economic Activity and Employment,01_National Accounts,605,21,1990,2025,"Imports in national accounts represent the value of goods and services acquired from the rest of the world, recorded on the basis of economic ownership rather than physical entry into the country. This measure includes both tangible goods and intangible services, as well as cases where goods are purchased from abroad without physically crossing the border, such as merchanting or goods processed abroad but owned domestically. It excludes goods merely in transit and may differ from balance of payments imports due to adjustments in timing, valuation, and ownership recognition.",INDEC - Argentina,2026-07-16,2f7899b1b4a537c6
Imports (National Accounts),millions of USD,YoY %,Annual,01_Economic Activity and Employment,01_National Accounts,634,23,1991,2025,"Imports in national accounts represent the value of goods and services acquired from the rest of the world, recorded on the basis of economic ownership rather than physical entry into the country. This measure includes both tangible goods and intangible services, as well as cases where goods are purchased from abroad without physically crossing the border, such as merchanting or goods processed abroad but owned domestically. It excludes goods merely in transit and may differ from balance of payments imports due to adjustments in timing, valuation, and ownership recognition.",INDEC - Argentina,2026-07-16,db6952ce284932f4
Imports (National Accounts),millions of USD,,Annual,01_Economic Activity and Employment,01_National Accounts,643,23,1990,2025,"Imports in national accounts represent the value of goods and services acquired from the rest of the world, recorded on the basis of economic ownership rather than physical entry into the country. This measure includes both tangible goods and intangible services, as well as cases where goods are purchased from abroad without physically crossing the border, such as merchanting or goods processed abroad but owned domestically. It excludes goods merely in transit and may differ from balance of payments imports due to adjustments in timing, valuation, and ownership recognition.",INDEC - Argentina,2026-07-16,90cd4bcb2d16dc4c
Imports (National Accounts),millions of domestic currency,YoY %,Annual,01_Economic Activity and Employment,01_National Accounts,639,23,1991,2025,"Imports in national accounts represent the value of goods and services acquired from the rest of the world, recorded on the basis of economic ownership rather than physical entry into the country. This measure includes both tangible goods and intangible services, as well as cases where goods are purchased from abroad without physically crossing the border, such as merchanting or goods processed abroad but owned domestically. It excludes goods merely in transit and may differ from balance of payments imports due to adjustments in timing, valuation, and ownership recognition.",INDEC - Argentina,2026-07-16,4105da60f9314e51
Imports (National Accounts),millions of domestic currency,,Annual,01_Economic Activity and Employment,01_National Accounts,648,23,1990,2025,"Imports in national accounts represent the value of goods and services acquired from the rest of the world, recorded on the basis of economic ownership rather than physical entry into the country. This measure includes both tangible goods and intangible services, as well as cases where goods are purchased from abroad without physically crossing the border, such as merchanting or goods processed abroad but owned domestically. It excludes goods merely in transit and may differ from balance of payments imports due to adjustments in timing, valuation, and ownership recognition.",INDEC - Argentina,2026-07-16,27eedc68d621b831
Imports (Trade Balance),% of GDP,,Annual,04_External Accounts,02_Trade Balance,529,20,1990,2025,"Imports (Trade Balance) are the total value of physical goods purchased from the rest of the world, recorded on the basis of customs data. Goods are usually measured on a CIF (cost, insurance and freight) basis and registered when they physically enter the country. Unlike imports in the Balance of Payments or National Accounts, this measure includes only goods, excludes services and does not adjust for economic ownership, merchanting or processing abroad.",INDEC - Argentina,2026-07-16,4c78f1d39386326f
Imports (Trade Balance),millions of USD,YoY %,Annual,04_External Accounts,02_Trade Balance,600,21,1991,2025,"Imports (Trade Balance) are the total value of physical goods purchased from the rest of the world, recorded on the basis of customs data. Goods are usually measured on a CIF (cost, insurance and freight) basis and registered when they physically enter the country. Unlike imports in the Balance of Payments or National Accounts, this measure includes only goods, excludes services and does not adjust for economic ownership, merchanting or processing abroad.",INDEC - Argentina,2026-07-16,b07ab0d632c9aa96
Imports (Trade Balance),millions of USD,,Annual,04_External Accounts,02_Trade Balance,624,21,1990,2025,"Imports (Trade Balance) are the total value of physical goods purchased from the rest of the world, recorded on the basis of customs data. Goods are usually measured on a CIF (cost, insurance and freight) basis and registered when they physically enter the country. Unlike imports in the Balance of Payments or National Accounts, this measure includes only goods, excludes services and does not adjust for economic ownership, merchanting or processing abroad.",INDEC - Argentina,2026-07-16,5d342a0faef84792
Imports of Goods (BOP),% of GDP,,Annual,04_External Accounts,01_Balance of Payments,458,23,1994,2025,"Imports of Goods (Balance of Payments) are the value of physical goods purchased by residents from non-residents, recorded when ownership changes and the goods cross into the country. They are typically measured on a CIF (cost, insurance and freight) or FOB (free-on-board) basis depending on national practice. Imports of goods reflect actual cross-border trade and are part of the current account in the balance of payments.",INDEC - Argentina,2026-07-16,d1376e3f4c5cfda4
Imports of Goods (BOP),% of total exports,,Annual,04_External Accounts,01_Balance of Payments,478,23,1991,2025,"Imports of Goods (Balance of Payments) are the value of physical goods purchased by residents from non-residents, recorded when ownership changes and the goods cross into the country. They are typically measured on a CIF (cost, insurance and freight) or FOB (free-on-board) basis depending on national practice. Imports of goods reflect actual cross-border trade and are part of the current account in the balance of payments.",INDEC - Argentina,2026-07-16,5d01bebd8f144077
Imports of Goods (BOP),% of total imports,,Annual,04_External Accounts,01_Balance of Payments,478,23,1991,2025,"Imports of Goods (Balance of Payments) are the value of physical goods purchased by residents from non-residents, recorded when ownership changes and the goods cross into the country. They are typically measured on a CIF (cost, insurance and freight) or FOB (free-on-board) basis depending on national practice. Imports of goods reflect actual cross-border trade and are part of the current account in the balance of payments.",INDEC - Argentina,2026-07-16,98e5ea8f946a8b74
Imports of Goods (BOP),millions of USD,YoY %,Annual,04_External Accounts,01_Balance of Payments,483,24,1992,2025,"Imports of Goods (Balance of Payments) are the value of physical goods purchased by residents from non-residents, recorded when ownership changes and the goods cross into the country. They are typically measured on a CIF (cost, insurance and freight) or FOB (free-on-board) basis depending on national practice. Imports of goods reflect actual cross-border trade and are part of the current account in the balance of payments.",INDEC - Argentina,2026-07-16,aa526b6982827f1b
Imports of Goods (BOP),millions of USD,,Annual,04_External Accounts,01_Balance of Payments,507,24,1991,2025,"Imports of Goods (Balance of Payments) are the value of physical goods purchased by residents from non-residents, recorded when ownership changes and the goods cross into the country. They are typically measured on a CIF (cost, insurance and freight) or FOB (free-on-board) basis depending on national practice. Imports of goods reflect actual cross-border trade and are part of the current account in the balance of payments.",INDEC - Argentina,2026-07-16,7516408ff2f6b4c3
Imports of Goods and Services (BOP),% of GDP,,Annual,04_External Accounts,01_Balance of Payments,477,24,1994,2025,"Imports of Goods and Services (Balance of Payments) are the total value of goods and services acquired by residents from non-residents, recorded when ownership is transferred. Goods are valued on a CIF (cost, insurance and freight) or FOB (free-on-board) basis depending on national practices and must involve physical entry into the country. Services include payments for foreign travel, royalties, financial services and other items. Like exports, imports are part of the current account in the balance of payments.",INDEC - Argentina,2026-07-16,97170ec908efe0d1
Imports of Goods and Services (BOP),fiscal year (Q4–Q3 aggregation),,Annual,04_External Accounts,01_Balance of Payments,428,23,1995,2025,"Imports of Goods and Services (Balance of Payments) are the total value of goods and services acquired by residents from non-residents, recorded when ownership is transferred. Goods are valued on a CIF (cost, insurance and freight) or FOB (free-on-board) basis depending on national practices and must involve physical entry into the country. Services include payments for foreign travel, royalties, financial services and other items. Like exports, imports are part of the current account in the balance of payments.",INDEC - Argentina,2026-07-16,75940df589d9ac14
Imports of Goods and Services (BOP),millions of USD,YoY %,Annual,04_External Accounts,01_Balance of Payments,477,24,1992,2025,"Imports of Goods and Services (Balance of Payments) are the total value of goods and services acquired by residents from non-residents, recorded when ownership is transferred. Goods are valued on a CIF (cost, insurance and freight) or FOB (free-on-board) basis depending on national practices and must involve physical entry into the country. Services include payments for foreign travel, royalties, financial services and other items. Like exports, imports are part of the current account in the balance of payments.",INDEC - Argentina,2026-07-16,c18892ce9c4c8029
Imports of Goods and Services (BOP),millions of USD,,Annual,04_External Accounts,01_Balance of Payments,501,24,1991,2025,"Imports of Goods and Services (Balance of Payments) are the total value of goods and services acquired by residents from non-residents, recorded when ownership is transferred. Goods are valued on a CIF (cost, insurance and freight) or FOB (free-on-board) basis depending on national practices and must involve physical entry into the country. Services include payments for foreign travel, royalties, financial services and other items. Like exports, imports are part of the current account in the balance of payments.",INDEC - Argentina,2026-07-16,02d110264bc81079
Imports of Services (BOP),% of GDP,,Annual,04_External Accounts,01_Balance of Payments,458,23,1994,2025,"Imports of Services (Balance of Payments) are the value of services acquired by residents from non-residents, including items such as transport, travel, telecommunications and professional services. They are recorded when the service is provided or ownership changes. Imports of services capture cross-border service transactions and are part of the current account in the balance of payments.",INDEC - Argentina,2026-07-16,210d2cb08a774441
Imports of Services (BOP),% of total exports,,Annual,04_External Accounts,01_Balance of Payments,478,23,1991,2025,"Imports of Services (Balance of Payments) are the value of services acquired by residents from non-residents, including items such as transport, travel, telecommunications and professional services. They are recorded when the service is provided or ownership changes. Imports of services capture cross-border service transactions and are part of the current account in the balance of payments.",INDEC - Argentina,2026-07-16,ed9efb9d558955ca
Imports of Services (BOP),% of total imports,,Annual,04_External Accounts,01_Balance of Payments,478,23,1991,2025,"Imports of Services (Balance of Payments) are the value of services acquired by residents from non-residents, including items such as transport, travel, telecommunications and professional services. They are recorded when the service is provided or ownership changes. Imports of services capture cross-border service transactions and are part of the current account in the balance of payments.",INDEC - Argentina,2026-07-16,0211b545aec7239a
Imports of Services (BOP),millions of USD,YoY %,Annual,04_External Accounts,01_Balance of Payments,455,23,1992,2025,"Imports of Services (Balance of Payments) are the value of services acquired by residents from non-residents, including items such as transport, travel, telecommunications and professional services. They are recorded when the service is provided or ownership changes. Imports of services capture cross-border service transactions and are part of the current account in the balance of payments.",INDEC - Argentina,2026-07-16,0b300fb5b19bdfde
Imports of Services (BOP),millions of USD,,Annual,04_External Accounts,01_Balance of Payments,478,23,1991,2025,"Imports of Services (Balance of Payments) are the value of services acquired by residents from non-residents, including items such as transport, travel, telecommunications and professional services. They are recorded when the service is provided or ownership changes. Imports of services capture cross-border service transactions and are part of the current account in the balance of payments.",INDEC - Argentina,2026-07-16,c5cf1e061ff8c10f
Income Velocity of Broad Money Index,index,YoY %,Annual,05_Money and Banking,01_Money Aggregates,558,21,1991,2025,"The Income Velocity of Broad Money Index measures the frequency with which broad money (M3) circulates in the economy, usually defined as nominal GDP divided by M3. A higher velocity indicates that each unit of money is used more intensively to support economic activity.",Internal calculations based on BCRA,2026-07-16,6faec663c21d2646
Income Velocity of Broad Money Index,index,,Annual,05_Money and Banking,01_Money Aggregates,579,21,1990,2025,"The Income Velocity of Broad Money Index measures the frequency with which broad money (M3) circulates in the economy, usually defined as nominal GDP divided by M3. A higher velocity indicates that each unit of money is used more intensively to support economic activity.",Internal calculations based on BCRA,2026-07-16,b6afb5046d962b06
Income Velocity of Broad Money Index,index (2023 = 100),YoY %,Annual,05_Money and Banking,01_Money Aggregates,548,20,1991,2025,"The Income Velocity of Broad Money Index measures the frequency with which broad money (M3) circulates in the economy, usually defined as nominal GDP divided by M3. A higher velocity indicates that each unit of money is used more intensively to support economic activity.",Internal calculations based on BCRA,2026-07-16,8a7206533daf073c
Income Velocity of Broad Money Index,index (2023 = 100),,Annual,05_Money and Banking,01_Money Aggregates,568,20,1990,2025,"The Income Velocity of Broad Money Index measures the frequency with which broad money (M3) circulates in the economy, usually defined as nominal GDP divided by M3. A higher velocity indicates that each unit of money is used more intensively to support economic activity.",Internal calculations based on BCRA,2026-07-16,8c0f41d3ef5fcdab
Industrial Production Index,"index (2023 = 100), avg. of period",YoY %,Annual,01_Economic Activity and Employment,02_Other Indicators of Economic Activity,316,10,1991,2025,"The Industrial Production Index measures the output of the industrial sector, typically comprising manufacturing, mining and utilities. It reflects changes in real production volumes and is widely used to assess short-term economic performance and business cycle dynamics. The precise coverage may vary across countries.",INDEC - Argentina,2026-07-16,9a97de32c7bb12e9
Industrial Production Index,"index (2023 = 100), avg. of period",,Annual,01_Economic Activity and Employment,02_Other Indicators of Economic Activity,326,10,1990,2025,"The Industrial Production Index measures the output of the industrial sector, typically comprising manufacturing, mining and utilities. It reflects changes in real production volumes and is widely used to assess short-term economic performance and business cycle dynamics. The precise coverage may vary across countries.",INDEC - Argentina,2026-07-16,c52cb9ad2c18260e
Industrial Production Index,"index (2023 = 100), end of period",YoY %,Annual,01_Economic Activity and Employment,02_Other Indicators of Economic Activity,316,10,1991,2025,"The Industrial Production Index measures the output of the industrial sector, typically comprising manufacturing, mining and utilities. It reflects changes in real production volumes and is widely used to assess short-term economic performance and business cycle dynamics. The precise coverage may vary across countries.",INDEC - Argentina,2026-07-16,e1fcb868393fd150
Industrial Production Index,"index (2023 = 100), end of period",,Annual,01_Economic Activity and Employment,02_Other Indicators of Economic Activity,326,10,1990,2025,"The Industrial Production Index measures the output of the industrial sector, typically comprising manufacturing, mining and utilities. It reflects changes in real production volumes and is widely used to assess short-term economic performance and business cycle dynamics. The precise coverage may vary across countries.",INDEC - Argentina,2026-07-16,27a63d59d1bdb665
Industrial Production Index,"index, avg. of period",YoY %,Annual,01_Economic Activity and Employment,02_Other Indicators of Economic Activity,346,11,1991,2025,"The Industrial Production Index measures the output of the industrial sector, typically comprising manufacturing, mining and utilities. It reflects changes in real production volumes and is widely used to assess short-term economic performance and business cycle dynamics. The precise coverage may vary across countries.",INDEC - Argentina,2026-07-16,c734a9354c5e8c5a
Industrial Production Index,"index, avg. of period",,Annual,01_Economic Activity and Employment,02_Other Indicators of Economic Activity,357,11,1990,2025,"The Industrial Production Index measures the output of the industrial sector, typically comprising manufacturing, mining and utilities. It reflects changes in real production volumes and is widely used to assess short-term economic performance and business cycle dynamics. The precise coverage may vary across countries.",INDEC - Argentina,2026-07-16,cbb8f84647b39017
Industrial Production Index,"index, end of period",YoY %,Annual,01_Economic Activity and Employment,02_Other Indicators of Economic Activity,346,11,1991,2025,"The Industrial Production Index measures the output of the industrial sector, typically comprising manufacturing, mining and utilities. It reflects changes in real production volumes and is widely used to assess short-term economic performance and business cycle dynamics. The precise coverage may vary across countries.",INDEC - Argentina,2026-07-16,ea5d19113e688edb
Industrial Production Index,"index, end of period",,Annual,01_Economic Activity and Employment,02_Other Indicators of Economic Activity,357,11,1990,2025,"The Industrial Production Index measures the output of the industrial sector, typically comprising manufacturing, mining and utilities. It reflects changes in real production volumes and is widely used to assess short-term economic performance and business cycle dynamics. The precise coverage may vary across countries.",INDEC - Argentina,2026-07-16,c79a9bea02066cf5
Inflation,"rate, end of period",,Annual,02_Prices and Wages,01_Prices,792,26,1991,2026,"Inflation is the percentage change in the Consumer Price Index (CPI) relative to the immediately preceding period of equal length, measuring the rate at which the general level of prices for goods and services purchased by households changes over time. A positive rate indicates a general increase in prices; a negative rate indicates deflation. The CPI basket, weighting methodology, and base year vary across countries and may be revised periodically by national statistical offices or central banks. End-of-period values correspond to the rate observed in the last month of the reference period against the previous last month of the previous reference period; average values correspond to the mean of the monthly rates within the reference period against the previous reference period.",INDEC - Argentina,2026-07-16,9dc34781e3e50a95
Interbank Interest Rate,"rate, avg. of period",,Annual,06_Financial Markets,01_Interest Rates,407,20,1996,2025,"The interbank interest rate is the rate at which banks lend and borrow short-term funds from each other, usually on an overnight basis.",Banco Central de la República Argentina,2026-07-16,0faf8398a3812910
Interbank Interest Rate,"rate, end of period",,Annual,06_Financial Markets,01_Interest Rates,425,20,1995,2025,"The interbank interest rate is the rate at which banks lend and borrow short-term funds from each other, usually on an overnight basis.",Banco Central de la República Argentina,2026-07-16,054c48afd7600501
Interbank Interest Rate,"real terms, avg. of period",,Annual,06_Financial Markets,01_Interest Rates,388,20,1996,2025,"The interbank interest rate is the rate at which banks lend and borrow short-term funds from each other, usually on an overnight basis.",Banco Central de la República Argentina,2026-07-16,812b11e6d6a513d4
Interbank Interest Rate,"real terms, end of period",,Annual,06_Financial Markets,01_Interest Rates,413,20,1995,2025,"The interbank interest rate is the rate at which banks lend and borrow short-term funds from each other, usually on an overnight basis.",Banco Central de la República Argentina,2026-07-16,4198ae5462ef1638
Intermediate Money (M2),"% of GDP, avg. of period",,Annual,05_Money and Banking,01_Money Aggregates,666,24,1990,2025,"Intermediate money (M2) is a broader measure of the money supply, consisting of M1 plus quasi-money, such as savings deposits, small time deposits and other near-money instruments. M2 reflects both the transaction role of money and its use as a short-term store of value.",Banco Central de la República Argentina,2026-07-16,b629fc6d11adc194
Intermediate Money (M2),"% of GDP, end of period",,Annual,05_Money and Banking,01_Money Aggregates,669,24,1990,2025,"Intermediate money (M2) is a broader measure of the money supply, consisting of M1 plus quasi-money, such as savings deposits, small time deposits and other near-money instruments. M2 reflects both the transaction role of money and its use as a short-term store of value.",Banco Central de la República Argentina,2026-07-16,9bf1de9d8b218cb8
Intermediate Money (M2),"constant prices – CPI-deflated, avg. of period",,Annual,05_Money and Banking,01_Money Aggregates,711,25,1990,2025,"Intermediate money (M2) is a broader measure of the money supply, consisting of M1 plus quasi-money, such as savings deposits, small time deposits and other near-money instruments. M2 reflects both the transaction role of money and its use as a short-term store of value.",Banco Central de la República Argentina,2026-07-16,ee4245abf767ace7
Intermediate Money (M2),"constant prices – CPI-deflated, end of period",,Annual,05_Money and Banking,01_Money Aggregates,701,25,1990,2025,"Intermediate money (M2) is a broader measure of the money supply, consisting of M1 plus quasi-money, such as savings deposits, small time deposits and other near-money instruments. M2 reflects both the transaction role of money and its use as a short-term store of value.",Banco Central de la República Argentina,2026-07-16,955401eb75fe095e
Intermediate Money (M2),"millions of USD, avg. of period",YoY %,Annual,05_Money and Banking,01_Money Aggregates,701,24,1991,2025,"Intermediate money (M2) is a broader measure of the money supply, consisting of M1 plus quasi-money, such as savings deposits, small time deposits and other near-money instruments. M2 reflects both the transaction role of money and its use as a short-term store of value.",Banco Central de la República Argentina,2026-07-16,e857655f2134aa73
Intermediate Money (M2),"millions of USD, avg. of period",,Annual,05_Money and Banking,01_Money Aggregates,718,24,1990,2025,"Intermediate money (M2) is a broader measure of the money supply, consisting of M1 plus quasi-money, such as savings deposits, small time deposits and other near-money instruments. M2 reflects both the transaction role of money and its use as a short-term store of value.",Banco Central de la República Argentina,2026-07-16,53b06a98d6e128f0
Intermediate Money (M2),"millions of USD, end of period",YoY %,Annual,05_Money and Banking,01_Money Aggregates,706,24,1991,2025,"Intermediate money (M2) is a broader measure of the money supply, consisting of M1 plus quasi-money, such as savings deposits, small time deposits and other near-money instruments. M2 reflects both the transaction role of money and its use as a short-term store of value.",Banco Central de la República Argentina,2026-07-16,8527a30115ac8572
Intermediate Money (M2),"millions of USD, end of period",,Annual,05_Money and Banking,01_Money Aggregates,722,24,1990,2025,"Intermediate money (M2) is a broader measure of the money supply, consisting of M1 plus quasi-money, such as savings deposits, small time deposits and other near-money instruments. M2 reflects both the transaction role of money and its use as a short-term store of value.",Banco Central de la República Argentina,2026-07-16,70330a4469d947e3
Intermediate Money (M2),"millions of domestic currency, avg. of period",YoY %,Annual,05_Money and Banking,01_Money Aggregates,732,25,1991,2025,"Intermediate money (M2) is a broader measure of the money supply, consisting of M1 plus quasi-money, such as savings deposits, small time deposits and other near-money instruments. M2 reflects both the transaction role of money and its use as a short-term store of value.",Banco Central de la República Argentina,2026-07-16,9ea46a58a0feed49
Intermediate Money (M2),"millions of domestic currency, avg. of period",,Annual,05_Money and Banking,01_Money Aggregates,750,25,1990,2025,"Intermediate money (M2) is a broader measure of the money supply, consisting of M1 plus quasi-money, such as savings deposits, small time deposits and other near-money instruments. M2 reflects both the transaction role of money and its use as a short-term store of value.",Banco Central de la República Argentina,2026-07-16,48b98adc26d9947c
Intermediate Money (M2),"millions of domestic currency, end of period",YoY %,Annual,05_Money and Banking,01_Money Aggregates,737,25,1991,2025,"Intermediate money (M2) is a broader measure of the money supply, consisting of M1 plus quasi-money, such as savings deposits, small time deposits and other near-money instruments. M2 reflects both the transaction role of money and its use as a short-term store of value.",Banco Central de la República Argentina,2026-07-16,0dcd956a37503f06
Intermediate Money (M2),"millions of domestic currency, end of period",,Annual,05_Money and Banking,01_Money Aggregates,754,25,1990,2025,"Intermediate money (M2) is a broader measure of the money supply, consisting of M1 plus quasi-money, such as savings deposits, small time deposits and other near-money instruments. M2 reflects both the transaction role of money and its use as a short-term store of value.",Banco Central de la República Argentina,2026-07-16,ab6d848e61899a2d
Labor Force Participation Rate,"in %, avg. of period",,Annual,01_Economic Activity and Employment,03_Labor Market,333,17,1990,2025,The labor force participation rate is the share of the working-age population that is either employed or actively seeking employment during a given period.,INDEC - Argentina,2026-07-16,0c496fca747a2df4
Labor Force Participation Rate,"in %, end of period",,Annual,01_Economic Activity and Employment,03_Labor Market,334,17,1990,2025,The labor force participation rate is the share of the working-age population that is either employed or actively seeking employment during a given period.,INDEC - Argentina,2026-07-16,98318cc4e8a1743b
Lending-Deposit Spread,in %,,Annual,06_Financial Markets,01_Interest Rates,643,26,1990,2025,The loan-deposit rate spread is the difference between the average lending rate charged by banks and the average deposit rate paid on customer deposits.,Internal calculations based on BCRA,2026-07-16,94e97fe57bc1464c
Local Currency Credit,"% of GDP, avg. of period",,Annual,05_Money and Banking,03_Bank Credit,258,10,1993,2025,"Local currency credit is the stock of credit provided by depository institutions that is denominated in the domestic currency, regardless of the sector receiving the funds.",Banco Central de la República Argentina,2026-07-16,a4bd2a94c20063ba
Local Currency Credit,"% of GDP, end of period",,Annual,05_Money and Banking,03_Bank Credit,262,10,1993,2025,"Local currency credit is the stock of credit provided by depository institutions that is denominated in the domestic currency, regardless of the sector receiving the funds.",Banco Central de la República Argentina,2026-07-16,84284429e8093252
Local Currency Credit,"% of total credit, avg. of period",,Annual,05_Money and Banking,03_Bank Credit,282,10,1990,2025,"Local currency credit is the stock of credit provided by depository institutions that is denominated in the domestic currency, regardless of the sector receiving the funds.",Banco Central de la República Argentina,2026-07-16,d7b8cfffe37b16fa
Local Currency Credit,"% of total credit, end of period",,Annual,05_Money and Banking,03_Bank Credit,286,10,1990,2025,"Local currency credit is the stock of credit provided by depository institutions that is denominated in the domestic currency, regardless of the sector receiving the funds.",Banco Central de la República Argentina,2026-07-16,d9ff170b36e44513
Local Currency Credit,"constant prices – CPI-deflated, avg. of period",,Annual,05_Money and Banking,03_Bank Credit,260,10,1990,2025,"Local currency credit is the stock of credit provided by depository institutions that is denominated in the domestic currency, regardless of the sector receiving the funds.",Banco Central de la República Argentina,2026-07-16,aaa16f3bee8eedda
Local Currency Credit,"constant prices – CPI-deflated, end of period",,Annual,05_Money and Banking,03_Bank Credit,274,10,1990,2025,"Local currency credit is the stock of credit provided by depository institutions that is denominated in the domestic currency, regardless of the sector receiving the funds.",Banco Central de la República Argentina,2026-07-16,d712b6dc58b147a5
Local Currency Credit,"millions of USD, avg. of period",YoY %,Annual,05_Money and Banking,03_Bank Credit,271,10,1991,2025,"Local currency credit is the stock of credit provided by depository institutions that is denominated in the domestic currency, regardless of the sector receiving the funds.",Banco Central de la República Argentina,2026-07-16,4cbbd04d9e7bad10
Local Currency Credit,"millions of USD, avg. of period",,Annual,05_Money and Banking,03_Bank Credit,281,10,1990,2025,"Local currency credit is the stock of credit provided by depository institutions that is denominated in the domestic currency, regardless of the sector receiving the funds.",Banco Central de la República Argentina,2026-07-16,c9d63d159703b3b5
Local Currency Credit,"millions of USD, end of period",YoY %,Annual,05_Money and Banking,03_Bank Credit,274,10,1991,2025,"Local currency credit is the stock of credit provided by depository institutions that is denominated in the domestic currency, regardless of the sector receiving the funds.",Banco Central de la República Argentina,2026-07-16,f7729dff40b74db7
Local Currency Credit,"millions of USD, end of period",,Annual,05_Money and Banking,03_Bank Credit,284,10,1990,2025,"Local currency credit is the stock of credit provided by depository institutions that is denominated in the domestic currency, regardless of the sector receiving the funds.",Banco Central de la República Argentina,2026-07-16,efbf0c7f035ef5f3
Local Currency Credit,"millions of domestic currency, avg. of period",YoY %,Annual,05_Money and Banking,03_Bank Credit,272,10,1991,2025,"Local currency credit is the stock of credit provided by depository institutions that is denominated in the domestic currency, regardless of the sector receiving the funds.",Banco Central de la República Argentina,2026-07-16,a37765101493128f
Local Currency Credit,"millions of domestic currency, avg. of period",,Annual,05_Money and Banking,03_Bank Credit,282,10,1990,2025,"Local currency credit is the stock of credit provided by depository institutions that is denominated in the domestic currency, regardless of the sector receiving the funds.",Banco Central de la República Argentina,2026-07-16,84813317e0f16c96
Local Currency Credit,"millions of domestic currency, end of period",YoY %,Annual,05_Money and Banking,03_Bank Credit,276,10,1991,2025,"Local currency credit is the stock of credit provided by depository institutions that is denominated in the domestic currency, regardless of the sector receiving the funds.",Banco Central de la República Argentina,2026-07-16,6daad79cce5d659e
Local Currency Credit,"millions of domestic currency, end of period",,Annual,05_Money and Banking,03_Bank Credit,286,10,1990,2025,"Local currency credit is the stock of credit provided by depository institutions that is denominated in the domestic currency, regardless of the sector receiving the funds.",Banco Central de la República Argentina,2026-07-16,19f778fedcc994ea
Local Currency Deposits,"% of GDP, avg. of period",,Annual,05_Money and Banking,02_Bank Deposits,530,20,1990,2025,Local currency deposits are the deposits of residents in depository institutions denominated in the domestic currency.,Banco Central de la República Argentina,2026-07-16,6f952d1907655b6a
Local Currency Deposits,"% of GDP, end of period",,Annual,05_Money and Banking,02_Bank Deposits,543,20,1990,2025,Local currency deposits are the deposits of residents in depository institutions denominated in the domestic currency.,Banco Central de la República Argentina,2026-07-16,dd0935c5f3a2362b
Local Currency Deposits,"% of M2, avg. of period",,Annual,05_Money and Banking,02_Bank Deposits,539,19,1990,2025,Local currency deposits are the deposits of residents in depository institutions denominated in the domestic currency.,Banco Central de la República Argentina,2026-07-16,ae4ec0c9a77d897a
Local Currency Deposits,"% of M2, end of period",,Annual,05_Money and Banking,02_Bank Deposits,545,19,1990,2025,Local currency deposits are the deposits of residents in depository institutions denominated in the domestic currency.,Banco Central de la República Argentina,2026-07-16,ed2161ac272232e3
Local Currency Deposits,"% of total deposits, avg. of period",,Annual,05_Money and Banking,02_Bank Deposits,542,19,1990,2025,Local currency deposits are the deposits of residents in depository institutions denominated in the domestic currency.,Banco Central de la República Argentina,2026-07-16,3a074c49c025ebcb
Local Currency Deposits,"% of total deposits, end of period",,Annual,05_Money and Banking,02_Bank Deposits,547,19,1990,2025,Local currency deposits are the deposits of residents in depository institutions denominated in the domestic currency.,Banco Central de la República Argentina,2026-07-16,cbaddcf6a1e64ece
Local Currency Deposits,"constant prices – CPI-deflated, avg. of period",,Annual,05_Money and Banking,02_Bank Deposits,523,20,1990,2025,Local currency deposits are the deposits of residents in depository institutions denominated in the domestic currency.,Banco Central de la República Argentina,2026-07-16,d50ab0f5245224b1
Local Currency Deposits,"constant prices – CPI-deflated, end of period",,Annual,05_Money and Banking,02_Bank Deposits,526,20,1990,2025,Local currency deposits are the deposits of residents in depository institutions denominated in the domestic currency.,Banco Central de la República Argentina,2026-07-16,5a5a82e59ec3031a
Local Currency Deposits,"millions of USD, avg. of period",YoY %,Annual,05_Money and Banking,02_Bank Deposits,538,20,1991,2025,Local currency deposits are the deposits of residents in depository institutions denominated in the domestic currency.,Banco Central de la República Argentina,2026-07-16,8be9ed6a8f255b55
Local Currency Deposits,"millions of USD, avg. of period",,Annual,05_Money and Banking,02_Bank Deposits,558,20,1990,2025,Local currency deposits are the deposits of residents in depository institutions denominated in the domestic currency.,Banco Central de la República Argentina,2026-07-16,c09e286095abd198
Local Currency Deposits,"millions of USD, end of period",YoY %,Annual,05_Money and Banking,02_Bank Deposits,551,20,1991,2025,Local currency deposits are the deposits of residents in depository institutions denominated in the domestic currency.,Banco Central de la República Argentina,2026-07-16,2a63e83c25e6b9f9
Local Currency Deposits,"millions of USD, end of period",,Annual,05_Money and Banking,02_Bank Deposits,571,20,1990,2025,Local currency deposits are the deposits of residents in depository institutions denominated in the domestic currency.,Banco Central de la República Argentina,2026-07-16,2f4f2ba86c40343d
Local Currency Deposits,"millions of domestic currency, avg. of period",YoY %,Annual,05_Money and Banking,02_Bank Deposits,539,20,1991,2025,Local currency deposits are the deposits of residents in depository institutions denominated in the domestic currency.,Banco Central de la República Argentina,2026-07-16,e807182b77d6c967
Local Currency Deposits,"millions of domestic currency, avg. of period",,Annual,05_Money and Banking,02_Bank Deposits,559,20,1990,2025,Local currency deposits are the deposits of residents in depository institutions denominated in the domestic currency.,Banco Central de la República Argentina,2026-07-16,2c1c512420f69ea0
Local Currency Deposits,"millions of domestic currency, end of period",YoY %,Annual,05_Money and Banking,02_Bank Deposits,553,20,1991,2025,Local currency deposits are the deposits of residents in depository institutions denominated in the domestic currency.,Banco Central de la República Argentina,2026-07-16,7ee4a75962fb75d0
Local Currency Deposits,"millions of domestic currency, end of period",,Annual,05_Money and Banking,02_Bank Deposits,573,20,1990,2025,Local currency deposits are the deposits of residents in depository institutions denominated in the domestic currency.,Banco Central de la República Argentina,2026-07-16,5ccc572fff99fe7b
Long-term External Debt,"% of GDP, avg. of period",,Annual,04_External Accounts,03_External Debt,301,16,1996,2025,"Long-term external debt is the stock of outstanding debt owed by residents of a country, both public and private sectors, to nonresidents with an original maturity of more than one year. It includes loans, bonds and other financial liabilities denominated in foreign or domestic currency when the creditors are abroad. This indicator reflects the medium- and long-term external financing commitments of an economy and its exposure to foreign financial risks. The definition may vary by country.",INDEC - Argentina,2026-07-16,8769a277596425e6
Long-term External Debt,"% of GDP, end of period",,Annual,04_External Accounts,03_External Debt,305,16,1996,2025,"Long-term external debt is the stock of outstanding debt owed by residents of a country, both public and private sectors, to nonresidents with an original maturity of more than one year. It includes loans, bonds and other financial liabilities denominated in foreign or domestic currency when the creditors are abroad. This indicator reflects the medium- and long-term external financing commitments of an economy and its exposure to foreign financial risks. The definition may vary by country.",INDEC - Argentina,2026-07-16,38b9903864e7e982
Long-term External Debt,"% of total exports, avg. of period",,Annual,04_External Accounts,03_External Debt,290,16,1995,2025,"Long-term external debt is the stock of outstanding debt owed by residents of a country, both public and private sectors, to nonresidents with an original maturity of more than one year. It includes loans, bonds and other financial liabilities denominated in foreign or domestic currency when the creditors are abroad. This indicator reflects the medium- and long-term external financing commitments of an economy and its exposure to foreign financial risks. The definition may vary by country.",INDEC - Argentina,2026-07-16,f6708f73c2704b47
Long-term External Debt,"% of total exports, end of period",,Annual,04_External Accounts,03_External Debt,292,16,1995,2025,"Long-term external debt is the stock of outstanding debt owed by residents of a country, both public and private sectors, to nonresidents with an original maturity of more than one year. It includes loans, bonds and other financial liabilities denominated in foreign or domestic currency when the creditors are abroad. This indicator reflects the medium- and long-term external financing commitments of an economy and its exposure to foreign financial risks. The definition may vary by country.",INDEC - Argentina,2026-07-16,58bc2f7ff0e51b2a
Long-term External Debt,"% of total external debt, avg. of period",,Annual,04_External Accounts,03_External Debt,311,16,1990,2026,"Long-term external debt is the stock of outstanding debt owed by residents of a country, both public and private sectors, to nonresidents with an original maturity of more than one year. It includes loans, bonds and other financial liabilities denominated in foreign or domestic currency when the creditors are abroad. This indicator reflects the medium- and long-term external financing commitments of an economy and its exposure to foreign financial risks. The definition may vary by country.",INDEC - Argentina,2026-07-16,702f10c52819daa5
Long-term External Debt,"% of total external debt, end of period",,Annual,04_External Accounts,03_External Debt,314,16,1990,2025,"Long-term external debt is the stock of outstanding debt owed by residents of a country, both public and private sectors, to nonresidents with an original maturity of more than one year. It includes loans, bonds and other financial liabilities denominated in foreign or domestic currency when the creditors are abroad. This indicator reflects the medium- and long-term external financing commitments of an economy and its exposure to foreign financial risks. The definition may vary by country.",INDEC - Argentina,2026-07-16,04cd9888b6713fdb
Long-term External Debt,"% of total imports, avg. of period",,Annual,04_External Accounts,03_External Debt,290,16,1995,2025,"Long-term external debt is the stock of outstanding debt owed by residents of a country, both public and private sectors, to nonresidents with an original maturity of more than one year. It includes loans, bonds and other financial liabilities denominated in foreign or domestic currency when the creditors are abroad. This indicator reflects the medium- and long-term external financing commitments of an economy and its exposure to foreign financial risks. The definition may vary by country.",INDEC - Argentina,2026-07-16,a3d8f006df2e50db
Long-term External Debt,"% of total imports, end of period",,Annual,04_External Accounts,03_External Debt,292,16,1995,2025,"Long-term external debt is the stock of outstanding debt owed by residents of a country, both public and private sectors, to nonresidents with an original maturity of more than one year. It includes loans, bonds and other financial liabilities denominated in foreign or domestic currency when the creditors are abroad. This indicator reflects the medium- and long-term external financing commitments of an economy and its exposure to foreign financial risks. The definition may vary by country.",INDEC - Argentina,2026-07-16,2aa97476f83a38f4
Long-term External Debt,fiscal year (Q4–Q3 aggregation),,Annual,04_External Accounts,03_External Debt,246,14,1991,2026,"Long-term external debt is the stock of outstanding debt owed by residents of a country, both public and private sectors, to nonresidents with an original maturity of more than one year. It includes loans, bonds and other financial liabilities denominated in foreign or domestic currency when the creditors are abroad. This indicator reflects the medium- and long-term external financing commitments of an economy and its exposure to foreign financial risks. The definition may vary by country.",INDEC - Argentina,2026-07-16,6c3606d0b996d13f
Long-term External Debt,"fiscal year (Q4–Q3 aggregation), avg. of period",,Annual,04_External Accounts,03_External Debt,46,2,2002,2025,"Long-term external debt is the stock of outstanding debt owed by residents of a country, both public and private sectors, to nonresidents with an original maturity of more than one year. It includes loans, bonds and other financial liabilities denominated in foreign or domestic currency when the creditors are abroad. This indicator reflects the medium- and long-term external financing commitments of an economy and its exposure to foreign financial risks. The definition may vary by country.",Banco Central de Chile,2026-07-16,e1c1454f697b819f
Long-term External Debt,"fiscal year (Q4–Q3 aggregation), end of period",,Annual,04_External Accounts,03_External Debt,46,2,2002,2025,"Long-term external debt is the stock of outstanding debt owed by residents of a country, both public and private sectors, to nonresidents with an original maturity of more than one year. It includes loans, bonds and other financial liabilities denominated in foreign or domestic currency when the creditors are abroad. This indicator reflects the medium- and long-term external financing commitments of an economy and its exposure to foreign financial risks. The definition may vary by country.",Banco Central de Chile,2026-07-16,85fd1761b0f08099
Long-term External Debt,"millions of USD, avg. of period",YoY %,Annual,04_External Accounts,03_External Debt,291,16,1991,2026,"Long-term external debt is the stock of outstanding debt owed by residents of a country, both public and private sectors, to nonresidents with an original maturity of more than one year. It includes loans, bonds and other financial liabilities denominated in foreign or domestic currency when the creditors are abroad. This indicator reflects the medium- and long-term external financing commitments of an economy and its exposure to foreign financial risks. The definition may vary by country.",INDEC - Argentina,2026-07-16,a0bab16a4ada0211
Long-term External Debt,"millions of USD, avg. of period",,Annual,04_External Accounts,03_External Debt,311,16,1990,2026,"Long-term external debt is the stock of outstanding debt owed by residents of a country, both public and private sectors, to nonresidents with an original maturity of more than one year. It includes loans, bonds and other financial liabilities denominated in foreign or domestic currency when the creditors are abroad. This indicator reflects the medium- and long-term external financing commitments of an economy and its exposure to foreign financial risks. The definition may vary by country.",INDEC - Argentina,2026-07-16,99d2413b1cda1702
Long-term External Debt,"millions of USD, end of period",YoY %,Annual,04_External Accounts,03_External Debt,295,16,1991,2026,"Long-term external debt is the stock of outstanding debt owed by residents of a country, both public and private sectors, to nonresidents with an original maturity of more than one year. It includes loans, bonds and other financial liabilities denominated in foreign or domestic currency when the creditors are abroad. This indicator reflects the medium- and long-term external financing commitments of an economy and its exposure to foreign financial risks. The definition may vary by country.",INDEC - Argentina,2026-07-16,62a024d60f3c9da4
Long-term External Debt,"millions of USD, end of period",,Annual,04_External Accounts,03_External Debt,315,16,1990,2026,"Long-term external debt is the stock of outstanding debt owed by residents of a country, both public and private sectors, to nonresidents with an original maturity of more than one year. It includes loans, bonds and other financial liabilities denominated in foreign or domestic currency when the creditors are abroad. This indicator reflects the medium- and long-term external financing commitments of an economy and its exposure to foreign financial risks. The definition may vary by country.",INDEC - Argentina,2026-07-16,9dd5b9551ce22805
Monetary Base (M0),"% of GDP, avg. of period",,Annual,05_Money and Banking,01_Money Aggregates,687,25,1990,2025,The monetary base (M0) is the stock of the most liquid liabilities of the central bank. It typically includes currency in circulation held by the public and bank reserves deposited at the central bank.,Banco Central de la República Argentina,2026-07-16,82172cc3a210aaf7
Monetary Base (M0),"% of GDP, end of period",,Annual,05_Money and Banking,01_Money Aggregates,689,25,1990,2025,The monetary base (M0) is the stock of the most liquid liabilities of the central bank. It typically includes currency in circulation held by the public and bank reserves deposited at the central bank.,Banco Central de la República Argentina,2026-07-16,dde31ab770381641
Monetary Base (M0),"% of M2, avg. of period",,Annual,05_Money and Banking,01_Money Aggregates,718,24,1990,2025,The monetary base (M0) is the stock of the most liquid liabilities of the central bank. It typically includes currency in circulation held by the public and bank reserves deposited at the central bank.,Banco Central de la República Argentina,2026-07-16,8e11b99489774daf
Monetary Base (M0),"% of M2, end of period",,Annual,05_Money and Banking,01_Money Aggregates,720,24,1990,2025,The monetary base (M0) is the stock of the most liquid liabilities of the central bank. It typically includes currency in circulation held by the public and bank reserves deposited at the central bank.,Banco Central de la República Argentina,2026-07-16,65ec6d96a69a0571
Monetary Base (M0),"constant prices – CPI-deflated, avg. of period",,Annual,05_Money and Banking,01_Money Aggregates,737,26,1990,2025,The monetary base (M0) is the stock of the most liquid liabilities of the central bank. It typically includes currency in circulation held by the public and bank reserves deposited at the central bank.,Banco Central de la República Argentina,2026-07-16,d7f296e956265bed
Monetary Base (M0),"constant prices – CPI-deflated, end of period",,Annual,05_Money and Banking,01_Money Aggregates,730,26,1990,2025,The monetary base (M0) is the stock of the most liquid liabilities of the central bank. It typically includes currency in circulation held by the public and bank reserves deposited at the central bank.,Banco Central de la República Argentina,2026-07-16,b6c8b91a78262bd6
Monetary Base (M0),"millions of USD, avg. of period",YoY %,Annual,05_Money and Banking,01_Money Aggregates,722,25,1991,2025,The monetary base (M0) is the stock of the most liquid liabilities of the central bank. It typically includes currency in circulation held by the public and bank reserves deposited at the central bank.,Banco Central de la República Argentina,2026-07-16,90a23f7d169a427c
Monetary Base (M0),"millions of USD, avg. of period",,Annual,05_Money and Banking,01_Money Aggregates,747,25,1990,2025,The monetary base (M0) is the stock of the most liquid liabilities of the central bank. It typically includes currency in circulation held by the public and bank reserves deposited at the central bank.,Banco Central de la República Argentina,2026-07-16,28113f0ba1ba7980
Monetary Base (M0),"millions of USD, end of period",YoY %,Annual,05_Money and Banking,01_Money Aggregates,727,25,1991,2025,The monetary base (M0) is the stock of the most liquid liabilities of the central bank. It typically includes currency in circulation held by the public and bank reserves deposited at the central bank.,Banco Central de la República Argentina,2026-07-16,8b694bd4d770e4e9
Monetary Base (M0),"millions of USD, end of period",,Annual,05_Money and Banking,01_Money Aggregates,752,25,1990,2025,The monetary base (M0) is the stock of the most liquid liabilities of the central bank. It typically includes currency in circulation held by the public and bank reserves deposited at the central bank.,Banco Central de la República Argentina,2026-07-16,281be64fd4533c81
Monetary Base (M0),"millions of domestic currency, avg. of period",YoY %,Annual,05_Money and Banking,01_Money Aggregates,757,26,1991,2025,The monetary base (M0) is the stock of the most liquid liabilities of the central bank. It typically includes currency in circulation held by the public and bank reserves deposited at the central bank.,Banco Central de la República Argentina,2026-07-16,85f1477eb45073d0
Monetary Base (M0),"millions of domestic currency, avg. of period",,Annual,05_Money and Banking,01_Money Aggregates,783,26,1990,2025,The monetary base (M0) is the stock of the most liquid liabilities of the central bank. It typically includes currency in circulation held by the public and bank reserves deposited at the central bank.,Banco Central de la República Argentina,2026-07-16,4a9d48e13b7951e8
Monetary Base (M0),"millions of domestic currency, end of period",YoY %,Annual,05_Money and Banking,01_Money Aggregates,761,26,1991,2025,The monetary base (M0) is the stock of the most liquid liabilities of the central bank. It typically includes currency in circulation held by the public and bank reserves deposited at the central bank.,Banco Central de la República Argentina,2026-07-16,2269e49ddb8ad5ba
Monetary Base (M0),"millions of domestic currency, end of period",,Annual,05_Money and Banking,01_Money Aggregates,787,26,1990,2025,The monetary base (M0) is the stock of the most liquid liabilities of the central bank. It typically includes currency in circulation held by the public and bank reserves deposited at the central bank.,Banco Central de la República Argentina,2026-07-16,b3f501bc541ed1a0
Monthly Economic Activity Estimator,"index (2023 = 100), avg. of period",YoY %,Annual,01_Economic Activity and Employment,02_Other Indicators of Economic Activity,392,17,1991,2025,"The Monthly Economic Activity Estimator is a high-frequency indicator that provides a monthly approximation of a country’s overall economic activity. It is commonly used as a proxy for GDP trends, offering timely signals ahead of official quarterly GDP releases.",INDEC - Argentina,2026-07-16,6447e16a5e837826
Monthly Economic Activity Estimator,"index (2023 = 100), avg. of period",,Annual,01_Economic Activity and Employment,02_Other Indicators of Economic Activity,409,17,1990,2025,"The Monthly Economic Activity Estimator is a high-frequency indicator that provides a monthly approximation of a country’s overall economic activity. It is commonly used as a proxy for GDP trends, offering timely signals ahead of official quarterly GDP releases.",INDEC - Argentina,2026-07-16,f32d0da09dc7c00a
Monthly Economic Activity Estimator,"index (2023 = 100), end of period",YoY %,Annual,01_Economic Activity and Employment,02_Other Indicators of Economic Activity,392,17,1991,2025,"The Monthly Economic Activity Estimator is a high-frequency indicator that provides a monthly approximation of a country’s overall economic activity. It is commonly used as a proxy for GDP trends, offering timely signals ahead of official quarterly GDP releases.",INDEC - Argentina,2026-07-16,0594fa28ee2fabb0
Monthly Economic Activity Estimator,"index (2023 = 100), end of period",,Annual,01_Economic Activity and Employment,02_Other Indicators of Economic Activity,409,17,1990,2025,"The Monthly Economic Activity Estimator is a high-frequency indicator that provides a monthly approximation of a country’s overall economic activity. It is commonly used as a proxy for GDP trends, offering timely signals ahead of official quarterly GDP releases.",INDEC - Argentina,2026-07-16,6b2531c471c29879
Monthly Economic Activity Estimator,"index, avg. of period",YoY %,Annual,01_Economic Activity and Employment,02_Other Indicators of Economic Activity,392,17,1991,2025,"The Monthly Economic Activity Estimator is a high-frequency indicator that provides a monthly approximation of a country’s overall economic activity. It is commonly used as a proxy for GDP trends, offering timely signals ahead of official quarterly GDP releases.",INDEC - Argentina,2026-07-16,435e55864c548f31
Monthly Economic Activity Estimator,"index, avg. of period",,Annual,01_Economic Activity and Employment,02_Other Indicators of Economic Activity,409,17,1990,2025,"The Monthly Economic Activity Estimator is a high-frequency indicator that provides a monthly approximation of a country’s overall economic activity. It is commonly used as a proxy for GDP trends, offering timely signals ahead of official quarterly GDP releases.",INDEC - Argentina,2026-07-16,392eb07302d749af
Monthly Economic Activity Estimator,"index, end of period",YoY %,Annual,01_Economic Activity and Employment,02_Other Indicators of Economic Activity,392,17,1991,2025,"The Monthly Economic Activity Estimator is a high-frequency indicator that provides a monthly approximation of a country’s overall economic activity. It is commonly used as a proxy for GDP trends, offering timely signals ahead of official quarterly GDP releases.",INDEC - Argentina,2026-07-16,5367c550075e6e51
Monthly Economic Activity Estimator,"index, end of period",,Annual,01_Economic Activity and Employment,02_Other Indicators of Economic Activity,409,17,1990,2025,"The Monthly Economic Activity Estimator is a high-frequency indicator that provides a monthly approximation of a country’s overall economic activity. It is commonly used as a proxy for GDP trends, offering timely signals ahead of official quarterly GDP releases.",INDEC - Argentina,2026-07-16,3cf235a1e501dfd7
NER Bilateral vis à vis the Euro,"local currency, avg. of period",YoY %,Annual,02_Prices and Wages,02_Nominal Exchange Rates,168,7,1993,2025,"The Nominal Exchange Rate (NER) bilateral vis-à-vis the euro is the rate at which the domestic currency is exchanged for the euro. It reflects the value of the local currency in nominal terms relative to the euro, without adjusting for inflation.",Banco Central de la República Argentina,2026-07-16,06649e3477e70873
NER Bilateral vis à vis the Euro,"local currency, avg. of period",,Annual,02_Prices and Wages,02_Nominal Exchange Rates,175,7,1992,2025,"The Nominal Exchange Rate (NER) bilateral vis-à-vis the euro is the rate at which the domestic currency is exchanged for the euro. It reflects the value of the local currency in nominal terms relative to the euro, without adjusting for inflation.",Banco Central de la República Argentina,2026-07-16,49d0ebc47339c981
NER Bilateral vis à vis the Euro,"local currency, end of period",YoY %,Annual,02_Prices and Wages,02_Nominal Exchange Rates,169,7,1993,2025,"The Nominal Exchange Rate (NER) bilateral vis-à-vis the euro is the rate at which the domestic currency is exchanged for the euro. It reflects the value of the local currency in nominal terms relative to the euro, without adjusting for inflation.",Banco Central de la República Argentina,2026-07-16,dd8c167da18c824e
NER Bilateral vis à vis the Euro,"local currency, end of period",,Annual,02_Prices and Wages,02_Nominal Exchange Rates,176,7,1992,2025,"The Nominal Exchange Rate (NER) bilateral vis-à-vis the euro is the rate at which the domestic currency is exchanged for the euro. It reflects the value of the local currency in nominal terms relative to the euro, without adjusting for inflation.",Banco Central de la República Argentina,2026-07-16,97fb3091a631fb96
NER Bilateral vis à vis the US$,"local currency, avg. of period",YoY %,Annual,02_Prices and Wages,02_Nominal Exchange Rates,824,25,1991,2025,"The Nominal Exchange Rate (NER) bilateral vis-à-vis the US dollar is the rate at which the domestic currency is exchanged for the US$. It reflects the value of the local currency in nominal terms relative to the dollar, without adjusting for inflation.",Banco Central de la República Argentina,2026-07-16,98c7476f8be6dd9a
NER Bilateral vis à vis the US$,"local currency, avg. of period",,Annual,02_Prices and Wages,02_Nominal Exchange Rates,849,25,1990,2025,"The Nominal Exchange Rate (NER) bilateral vis-à-vis the US dollar is the rate at which the domestic currency is exchanged for the US$. It reflects the value of the local currency in nominal terms relative to the dollar, without adjusting for inflation.",Banco Central de la República Argentina,2026-07-16,c2f93e14d0b1736d
NER Bilateral vis à vis the US$,"local currency, end of period",YoY %,Annual,02_Prices and Wages,02_Nominal Exchange Rates,832,25,1991,2026,"The Nominal Exchange Rate (NER) bilateral vis-à-vis the US dollar is the rate at which the domestic currency is exchanged for the US$. It reflects the value of the local currency in nominal terms relative to the dollar, without adjusting for inflation.",Banco Central de la República Argentina,2026-07-16,50f9c5f17f632b3b
NER Bilateral vis à vis the US$,"local currency, end of period",,Annual,02_Prices and Wages,02_Nominal Exchange Rates,857,25,1990,2026,"The Nominal Exchange Rate (NER) bilateral vis-à-vis the US dollar is the rate at which the domestic currency is exchanged for the US$. It reflects the value of the local currency in nominal terms relative to the dollar, without adjusting for inflation.",Banco Central de la República Argentina,2026-07-16,3b2e5fb69077cadb
Narrow Money (M1),"% of GDP, avg. of period",,Annual,05_Money and Banking,01_Money Aggregates,660,24,1990,2025,Narrow money (M1) is the most liquid part of the money supply. It usually includes currency in circulation held by the public and demand deposits at depository institutions. M1 captures the portion of money readily available for transactions.,Banco Central de la República Argentina,2026-07-16,689595c3c2385823
Narrow Money (M1),"% of GDP, end of period",,Annual,05_Money and Banking,01_Money Aggregates,663,24,1990,2025,Narrow money (M1) is the most liquid part of the money supply. It usually includes currency in circulation held by the public and demand deposits at depository institutions. M1 captures the portion of money readily available for transactions.,Banco Central de la República Argentina,2026-07-16,49c88e9a561618bd
Narrow Money (M1),"% of M2, avg. of period",,Annual,05_Money and Banking,01_Money Aggregates,713,24,1990,2025,Narrow money (M1) is the most liquid part of the money supply. It usually includes currency in circulation held by the public and demand deposits at depository institutions. M1 captures the portion of money readily available for transactions.,Banco Central de la República Argentina,2026-07-16,940ab901c5480985
Narrow Money (M1),"% of M2, end of period",,Annual,05_Money and Banking,01_Money Aggregates,716,24,1990,2025,Narrow money (M1) is the most liquid part of the money supply. It usually includes currency in circulation held by the public and demand deposits at depository institutions. M1 captures the portion of money readily available for transactions.,Banco Central de la República Argentina,2026-07-16,ffbb27573b12b354
Narrow Money (M1),"constant prices – CPI-deflated, avg. of period",,Annual,05_Money and Banking,01_Money Aggregates,703,25,1990,2025,Narrow money (M1) is the most liquid part of the money supply. It usually includes currency in circulation held by the public and demand deposits at depository institutions. M1 captures the portion of money readily available for transactions.,Banco Central de la República Argentina,2026-07-16,3baea1ea1743b697
Narrow Money (M1),"constant prices – CPI-deflated, end of period",,Annual,05_Money and Banking,01_Money Aggregates,693,25,1990,2025,Narrow money (M1) is the most liquid part of the money supply. It usually includes currency in circulation held by the public and demand deposits at depository institutions. M1 captures the portion of money readily available for transactions.,Banco Central de la República Argentina,2026-07-16,e23d586c9c7458da
Narrow Money (M1),"millions of USD, avg. of period",YoY %,Annual,05_Money and Banking,01_Money Aggregates,693,24,1991,2025,Narrow money (M1) is the most liquid part of the money supply. It usually includes currency in circulation held by the public and demand deposits at depository institutions. M1 captures the portion of money readily available for transactions.,Banco Central de la República Argentina,2026-07-16,03fe25c8f30e6abd
Narrow Money (M1),"millions of USD, avg. of period",,Annual,05_Money and Banking,01_Money Aggregates,710,24,1990,2025,Narrow money (M1) is the most liquid part of the money supply. It usually includes currency in circulation held by the public and demand deposits at depository institutions. M1 captures the portion of money readily available for transactions.,Banco Central de la República Argentina,2026-07-16,43722ae3b3bc0faf
Narrow Money (M1),"millions of USD, end of period",YoY %,Annual,05_Money and Banking,01_Money Aggregates,698,24,1991,2025,Narrow money (M1) is the most liquid part of the money supply. It usually includes currency in circulation held by the public and demand deposits at depository institutions. M1 captures the portion of money readily available for transactions.,Banco Central de la República Argentina,2026-07-16,662b14404da18958
Narrow Money (M1),"millions of USD, end of period",,Annual,05_Money and Banking,01_Money Aggregates,714,24,1990,2025,Narrow money (M1) is the most liquid part of the money supply. It usually includes currency in circulation held by the public and demand deposits at depository institutions. M1 captures the portion of money readily available for transactions.,Banco Central de la República Argentina,2026-07-16,a925fbbd52e7d94d
Narrow Money (M1),"millions of domestic currency, avg. of period",YoY %,Annual,05_Money and Banking,01_Money Aggregates,724,25,1991,2025,Narrow money (M1) is the most liquid part of the money supply. It usually includes currency in circulation held by the public and demand deposits at depository institutions. M1 captures the portion of money readily available for transactions.,Banco Central de la República Argentina,2026-07-16,779f81a163ba6123
Narrow Money (M1),"millions of domestic currency, avg. of period",,Annual,05_Money and Banking,01_Money Aggregates,742,25,1990,2025,Narrow money (M1) is the most liquid part of the money supply. It usually includes currency in circulation held by the public and demand deposits at depository institutions. M1 captures the portion of money readily available for transactions.,Banco Central de la República Argentina,2026-07-16,686cc4f74d611ded
Narrow Money (M1),"millions of domestic currency, end of period",YoY %,Annual,05_Money and Banking,01_Money Aggregates,729,25,1991,2025,Narrow money (M1) is the most liquid part of the money supply. It usually includes currency in circulation held by the public and demand deposits at depository institutions. M1 captures the portion of money readily available for transactions.,Banco Central de la República Argentina,2026-07-16,ac30745ecd5944b9
Narrow Money (M1),"millions of domestic currency, end of period",,Annual,05_Money and Banking,01_Money Aggregates,746,25,1990,2025,Narrow money (M1) is the most liquid part of the money supply. It usually includes currency in circulation held by the public and demand deposits at depository institutions. M1 captures the portion of money readily available for transactions.,Banco Central de la República Argentina,2026-07-16,0ba660297bb1357d
Net Exports (National Accounts),% of GDP,,Annual,01_Economic Activity and Employment,01_National Accounts,612,22,1990,2025,"Net exports, in national accounts, are defined as the difference between the value of exports and imports of goods and services. This measure captures the net external demand for a country’s production and represents the direct contribution of international trade to GDP.",Internal calculations based on INDEC - Argentina,2026-07-16,f70a95dc7f365616
Net Exports (National Accounts),constant prices – national accounts deflator,,Annual,01_Economic Activity and Employment,01_National Accounts,429,14,1990,2025,"Net exports, in national accounts, are defined as the difference between the value of exports and imports of goods and services. This measure captures the net external demand for a country’s production and represents the direct contribution of international trade to GDP.",Internal calculations based on INDEC - Argentina,2026-07-16,d237ac2eef9e5bb1
Net Exports (National Accounts),millions of USD,,Annual,01_Economic Activity and Employment,01_National Accounts,607,22,1990,2025,"Net exports, in national accounts, are defined as the difference between the value of exports and imports of goods and services. This measure captures the net external demand for a country’s production and represents the direct contribution of international trade to GDP.",Internal calculations based on INDEC - Argentina,2026-07-16,3cd0ba0ab7bf80fa
Net Exports (National Accounts),millions of domestic currency,,Annual,01_Economic Activity and Employment,01_National Accounts,612,22,1990,2025,"Net exports, in national accounts, are defined as the difference between the value of exports and imports of goods and services. This measure captures the net external demand for a country’s production and represents the direct contribution of international trade to GDP.",Internal calculations based on INDEC - Argentina,2026-07-16,8aa3cfea4d6bf0e9
Net International Investment Position (NIIP),"% of GDP, avg. of period",,Annual,04_External Accounts,05_International Investment Position,296,17,2000,2025,"The net international investment position (NIIP) is the difference between a country’s total external assets and its total external liabilities. A positive NIIP indicates that residents are net creditors to the rest of the world, while a negative NIIP indicates that residents are net debtors. It is a key measure of the economy’s external financial sustainability.",Banco Central de la República Argentina,2026-07-16,17504f88b020ea12
Net International Investment Position (NIIP),"% of GDP, end of period",,Annual,04_External Accounts,05_International Investment Position,300,17,1999,2025,"The net international investment position (NIIP) is the difference between a country’s total external assets and its total external liabilities. A positive NIIP indicates that residents are net creditors to the rest of the world, while a negative NIIP indicates that residents are net debtors. It is a key measure of the economy’s external financial sustainability.",Banco Central de la República Argentina,2026-07-16,5d2b806acebfa310
Net International Investment Position (NIIP),"millions of USD, avg. of period",YoY %,Annual,04_External Accounts,05_International Investment Position,282,17,2001,2025,"The net international investment position (NIIP) is the difference between a country’s total external assets and its total external liabilities. A positive NIIP indicates that residents are net creditors to the rest of the world, while a negative NIIP indicates that residents are net debtors. It is a key measure of the economy’s external financial sustainability.",Banco Central de la República Argentina,2026-07-16,a52f09e6840cfe02
Net International Investment Position (NIIP),"millions of USD, avg. of period",,Annual,04_External Accounts,05_International Investment Position,299,17,2000,2025,"The net international investment position (NIIP) is the difference between a country’s total external assets and its total external liabilities. A positive NIIP indicates that residents are net creditors to the rest of the world, while a negative NIIP indicates that residents are net debtors. It is a key measure of the economy’s external financial sustainability.",Banco Central de la República Argentina,2026-07-16,9bd9c98144c2c392
Net International Investment Position (NIIP),"millions of USD, end of period",YoY %,Annual,04_External Accounts,05_International Investment Position,286,17,2000,2025,"The net international investment position (NIIP) is the difference between a country’s total external assets and its total external liabilities. A positive NIIP indicates that residents are net creditors to the rest of the world, while a negative NIIP indicates that residents are net debtors. It is a key measure of the economy’s external financial sustainability.",Banco Central de la República Argentina,2026-07-16,4ad1ef1aeadcbd05
Net International Investment Position (NIIP),"millions of USD, end of period",,Annual,04_External Accounts,05_International Investment Position,303,17,1999,2025,"The net international investment position (NIIP) is the difference between a country’s total external assets and its total external liabilities. A positive NIIP indicates that residents are net creditors to the rest of the world, while a negative NIIP indicates that residents are net debtors. It is a key measure of the economy’s external financial sustainability.",Banco Central de la República Argentina,2026-07-16,bbb5690578e40018
Net International Reserves,"% of GDP, avg. of period",,Annual,04_External Accounts,04_Stock of International Reserves,435,16,1990,2025,"Net international reserves are gross international reserves minus the short-term external liabilities of the monetary authority, such as foreign currency deposits of commercial banks, swap lines and other immediate obligations to nonresidents. Unlike gross reserves, which show the total stock of assets, net reserves provide a measure of the resources effectively available to the country once these commitments are taken into account. The definition may vary by country.",Central Bank of Barbados,2026-07-16,32762f3ae6cab41f
Net International Reserves,"% of GDP, end of period",,Annual,04_External Accounts,04_Stock of International Reserves,442,16,1990,2025,"Net international reserves are gross international reserves minus the short-term external liabilities of the monetary authority, such as foreign currency deposits of commercial banks, swap lines and other immediate obligations to nonresidents. Unlike gross reserves, which show the total stock of assets, net reserves provide a measure of the resources effectively available to the country once these commitments are taken into account. The definition may vary by country.",Central Bank of Barbados,2026-07-16,927297e45e644376
Net International Reserves,"% of M2, avg. of period",,Annual,04_External Accounts,04_Stock of International Reserves,442,15,1990,2025,"Net international reserves are gross international reserves minus the short-term external liabilities of the monetary authority, such as foreign currency deposits of commercial banks, swap lines and other immediate obligations to nonresidents. Unlike gross reserves, which show the total stock of assets, net reserves provide a measure of the resources effectively available to the country once these commitments are taken into account. The definition may vary by country.",The Central Bank of Belize,2026-07-16,70719c34e26b9345
Net International Reserves,"% of M2, end of period",,Annual,04_External Accounts,04_Stock of International Reserves,451,15,1990,2025,"Net international reserves are gross international reserves minus the short-term external liabilities of the monetary authority, such as foreign currency deposits of commercial banks, swap lines and other immediate obligations to nonresidents. Unlike gross reserves, which show the total stock of assets, net reserves provide a measure of the resources effectively available to the country once these commitments are taken into account. The definition may vary by country.",The Central Bank of Belize,2026-07-16,18525429a4d479b4
Net International Reserves,"% of short-term external public debt, avg. of period",,Annual,04_External Accounts,04_Stock of International Reserves,80,4,2001,2025,"Net international reserves are gross international reserves minus the short-term external liabilities of the monetary authority, such as foreign currency deposits of commercial banks, swap lines and other immediate obligations to nonresidents. Unlike gross reserves, which show the total stock of assets, net reserves provide a measure of the resources effectively available to the country once these commitments are taken into account. The definition may vary by country.",Banco de la República de Colombia,2026-07-16,e0cf57952749d739
Net International Reserves,"% of short-term external public debt, end of period",,Annual,04_External Accounts,04_Stock of International Reserves,81,4,2001,2025,"Net international reserves are gross international reserves minus the short-term external liabilities of the monetary authority, such as foreign currency deposits of commercial banks, swap lines and other immediate obligations to nonresidents. Unlike gross reserves, which show the total stock of assets, net reserves provide a measure of the resources effectively available to the country once these commitments are taken into account. The definition may vary by country.",Banco de la República de Colombia,2026-07-16,e1e8433554d3475a
Net International Reserves,"% of total exports, avg. of period",,Annual,04_External Accounts,04_Stock of International Reserves,314,15,1991,2025,"Net international reserves are gross international reserves minus the short-term external liabilities of the monetary authority, such as foreign currency deposits of commercial banks, swap lines and other immediate obligations to nonresidents. Unlike gross reserves, which show the total stock of assets, net reserves provide a measure of the resources effectively available to the country once these commitments are taken into account. The definition may vary by country.",The Central Bank of Belize,2026-07-16,11624a46a8e87688
Net International Reserves,"% of total exports, end of period",,Annual,04_External Accounts,04_Stock of International Reserves,315,15,1991,2025,"Net international reserves are gross international reserves minus the short-term external liabilities of the monetary authority, such as foreign currency deposits of commercial banks, swap lines and other immediate obligations to nonresidents. Unlike gross reserves, which show the total stock of assets, net reserves provide a measure of the resources effectively available to the country once these commitments are taken into account. The definition may vary by country.",The Central Bank of Belize,2026-07-16,3491a4609daa9feb
Net International Reserves,"% of total imports, avg. of period",,Annual,04_External Accounts,04_Stock of International Reserves,314,15,1991,2025,"Net international reserves are gross international reserves minus the short-term external liabilities of the monetary authority, such as foreign currency deposits of commercial banks, swap lines and other immediate obligations to nonresidents. Unlike gross reserves, which show the total stock of assets, net reserves provide a measure of the resources effectively available to the country once these commitments are taken into account. The definition may vary by country.",The Central Bank of Belize,2026-07-16,2ce81c2f544974ec
Net International Reserves,"% of total imports, end of period",,Annual,04_External Accounts,04_Stock of International Reserves,315,15,1991,2025,"Net international reserves are gross international reserves minus the short-term external liabilities of the monetary authority, such as foreign currency deposits of commercial banks, swap lines and other immediate obligations to nonresidents. Unlike gross reserves, which show the total stock of assets, net reserves provide a measure of the resources effectively available to the country once these commitments are taken into account. The definition may vary by country.",The Central Bank of Belize,2026-07-16,38bfc648fe12ceba
Net International Reserves,"fiscal year (Q4–Q3 aggregation), avg. of period",,Annual,04_External Accounts,04_Stock of International Reserves,476,16,1991,2025,"Net international reserves are gross international reserves minus the short-term external liabilities of the monetary authority, such as foreign currency deposits of commercial banks, swap lines and other immediate obligations to nonresidents. Unlike gross reserves, which show the total stock of assets, net reserves provide a measure of the resources effectively available to the country once these commitments are taken into account. The definition may vary by country.",Central Bank of Barbados,2026-07-16,9e0f376e53f2e123
Net International Reserves,"fiscal year (Q4–Q3 aggregation), end of period",,Annual,04_External Accounts,04_Stock of International Reserves,478,16,1991,2025,"Net international reserves are gross international reserves minus the short-term external liabilities of the monetary authority, such as foreign currency deposits of commercial banks, swap lines and other immediate obligations to nonresidents. Unlike gross reserves, which show the total stock of assets, net reserves provide a measure of the resources effectively available to the country once these commitments are taken into account. The definition may vary by country.",Central Bank of Barbados,2026-07-16,63ba7c796fd1bde0
Net International Reserves,"in months of total imports, avg. of period",,Annual,04_External Accounts,04_Stock of International Reserves,314,15,1991,2025,"Net international reserves are gross international reserves minus the short-term external liabilities of the monetary authority, such as foreign currency deposits of commercial banks, swap lines and other immediate obligations to nonresidents. Unlike gross reserves, which show the total stock of assets, net reserves provide a measure of the resources effectively available to the country once these commitments are taken into account. The definition may vary by country.",The Central Bank of Belize,2026-07-16,2f5bed5c1a3e8f24
Net International Reserves,"in months of total imports, end of period",,Annual,04_External Accounts,04_Stock of International Reserves,315,15,1991,2025,"Net international reserves are gross international reserves minus the short-term external liabilities of the monetary authority, such as foreign currency deposits of commercial banks, swap lines and other immediate obligations to nonresidents. Unlike gross reserves, which show the total stock of assets, net reserves provide a measure of the resources effectively available to the country once these commitments are taken into account. The definition may vary by country.",The Central Bank of Belize,2026-07-16,086192929f191893
Net International Reserves,"millions of USD, avg. of period",,Annual,04_External Accounts,04_Stock of International Reserves,497,16,1990,2025,"Net international reserves are gross international reserves minus the short-term external liabilities of the monetary authority, such as foreign currency deposits of commercial banks, swap lines and other immediate obligations to nonresidents. Unlike gross reserves, which show the total stock of assets, net reserves provide a measure of the resources effectively available to the country once these commitments are taken into account. The definition may vary by country.",Central Bank of Barbados,2026-07-16,78fe42179c121af3
Net International Reserves,"millions of USD, end of period",,Annual,04_External Accounts,04_Stock of International Reserves,505,16,1990,2025,"Net international reserves are gross international reserves minus the short-term external liabilities of the monetary authority, such as foreign currency deposits of commercial banks, swap lines and other immediate obligations to nonresidents. Unlike gross reserves, which show the total stock of assets, net reserves provide a measure of the resources effectively available to the country once these commitments are taken into account. The definition may vary by country.",Central Bank of Barbados,2026-07-16,0f0feeaa7284975c
Non Tradable GDP (Constant Prices),% of GDP,,Annual,01_Economic Activity and Employment,01_National Accounts,649,25,1990,2025,"Non-tradable GDP at constant prices is the value of gross domestic product generated by non-tradable sectors of the economy, such as construction, retail trade and most services, measured at constant prices of a fixed base year. The classification of non-tradable sectors may vary across countries. Tradable and non-tradable GDP shares are computed as a percentage of total GDP at constant prices. Since sectoral aggregates are constructed from value added while total GDP is measured at market prices, the two do not necessarily coincide. To ensure consistency, any discrepancy is allocated proportionally between tradable and non-tradable components based on their relative shares, so that their sum equals total GDP.",Internal calculations based on INDEC - Argentina,2026-07-16,31ca13f18e6d6a26
Non Tradable GDP (Constant Prices),index (2023 = 100),YoY %,Annual,01_Economic Activity and Employment,01_National Accounts,639,25,1991,2026,"Non-tradable GDP at constant prices is the value of gross domestic product generated by non-tradable sectors of the economy, such as construction, retail trade and most services, measured at constant prices of a fixed base year. The classification of non-tradable sectors may vary across countries. Tradable and non-tradable GDP shares are computed as a percentage of total GDP at constant prices. Since sectoral aggregates are constructed from value added while total GDP is measured at market prices, the two do not necessarily coincide. To ensure consistency, any discrepancy is allocated proportionally between tradable and non-tradable components based on their relative shares, so that their sum equals total GDP.",Internal calculations based on INDEC - Argentina,2026-07-16,e8de2132942b9f14
Non Tradable GDP (Constant Prices),index (2023 = 100),,Annual,01_Economic Activity and Employment,01_National Accounts,664,25,1990,2026,"Non-tradable GDP at constant prices is the value of gross domestic product generated by non-tradable sectors of the economy, such as construction, retail trade and most services, measured at constant prices of a fixed base year. The classification of non-tradable sectors may vary across countries. Tradable and non-tradable GDP shares are computed as a percentage of total GDP at constant prices. Since sectoral aggregates are constructed from value added while total GDP is measured at market prices, the two do not necessarily coincide. To ensure consistency, any discrepancy is allocated proportionally between tradable and non-tradable components based on their relative shares, so that their sum equals total GDP.",Internal calculations based on INDEC - Argentina,2026-07-16,e5908d752a951143
Non Tradable GDP (Constant Prices),millions of domestic currency,YoY %,Annual,01_Economic Activity and Employment,01_National Accounts,639,25,1991,2026,"Non-tradable GDP at constant prices is the value of gross domestic product generated by non-tradable sectors of the economy, such as construction, retail trade and most services, measured at constant prices of a fixed base year. The classification of non-tradable sectors may vary across countries. Tradable and non-tradable GDP shares are computed as a percentage of total GDP at constant prices. Since sectoral aggregates are constructed from value added while total GDP is measured at market prices, the two do not necessarily coincide. To ensure consistency, any discrepancy is allocated proportionally between tradable and non-tradable components based on their relative shares, so that their sum equals total GDP.",Internal calculations based on INDEC - Argentina,2026-07-16,87bd2e7d563b22d6
Non Tradable GDP (Constant Prices),millions of domestic currency,,Annual,01_Economic Activity and Employment,01_National Accounts,664,25,1990,2026,"Non-tradable GDP at constant prices is the value of gross domestic product generated by non-tradable sectors of the economy, such as construction, retail trade and most services, measured at constant prices of a fixed base year. The classification of non-tradable sectors may vary across countries. Tradable and non-tradable GDP shares are computed as a percentage of total GDP at constant prices. Since sectoral aggregates are constructed from value added while total GDP is measured at market prices, the two do not necessarily coincide. To ensure consistency, any discrepancy is allocated proportionally between tradable and non-tradable components based on their relative shares, so that their sum equals total GDP.",Internal calculations based on INDEC - Argentina,2026-07-16,6dfdb62b4e101e45
Non-Core CPI,"index (2023 = 100), avg. of period",YoY %,Annual,02_Prices and Wages,01_Prices,195,7,1991,2025,Non-core CPI is the component of the consumer price index that includes all items excluded from the core CPI.,Internal calculations based on INDEC - Argentina,2026-07-16,0fc92358e2aa5768
Non-Core CPI,"index (2023 = 100), avg. of period",,Annual,02_Prices and Wages,01_Prices,202,7,1990,2025,Non-core CPI is the component of the consumer price index that includes all items excluded from the core CPI.,Internal calculations based on INDEC - Argentina,2026-07-16,292cd0768c28fcef
Non-Core CPI,"index (2023 = 100), end of period",YoY %,Annual,02_Prices and Wages,01_Prices,197,7,1991,2025,Non-core CPI is the component of the consumer price index that includes all items excluded from the core CPI.,Internal calculations based on INDEC - Argentina,2026-07-16,10409717b6fc4f55
Non-Core CPI,"index (2023 = 100), end of period",,Annual,02_Prices and Wages,01_Prices,204,7,1990,2025,Non-core CPI is the component of the consumer price index that includes all items excluded from the core CPI.,Internal calculations based on INDEC - Argentina,2026-07-16,b4dedf39f0969bb1
Non-Core CPI,"index, avg. of period",YoY %,Annual,02_Prices and Wages,01_Prices,195,7,1991,2025,Non-core CPI is the component of the consumer price index that includes all items excluded from the core CPI.,Internal calculations based on INDEC - Argentina,2026-07-16,64eead800ed5ffaf
Non-Core CPI,"index, avg. of period",,Annual,02_Prices and Wages,01_Prices,202,7,1990,2025,Non-core CPI is the component of the consumer price index that includes all items excluded from the core CPI.,Internal calculations based on INDEC - Argentina,2026-07-16,b114b9279dded9a1
Non-Core CPI,"index, end of period",YoY %,Annual,02_Prices and Wages,01_Prices,197,7,1991,2025,Non-core CPI is the component of the consumer price index that includes all items excluded from the core CPI.,Internal calculations based on INDEC - Argentina,2026-07-16,7febb19bfd27d027
Non-Core CPI,"index, end of period",,Annual,02_Prices and Wages,01_Prices,204,7,1990,2025,Non-core CPI is the component of the consumer price index that includes all items excluded from the core CPI.,Internal calculations based on INDEC - Argentina,2026-07-16,28b3f69fb1199317
Non-Tax Revenue,% of GDP,,Annual,03_Fiscal Accounts and Public Debt,01_Central Government,112,7,1993,2025,"Non-Tax Revenue (Central Government) refers to the income collected by the central government from sources other than taxes, such as fees, royalties, dividends from state-owned enterprises, rents, and sales of goods and services. These revenues complement tax income and contribute to financing public expenditure.",Barbados Statistical Service,2026-07-16,ec22966c5984905c
Non-Tax Revenue,% of GDP,,Annual,03_Fiscal Accounts and Public Debt,02_General Government,34,2,2008,2025,"Non-Tax Revenue (General Government) refers to the income collected by the general government from sources other than taxes, such as fees, royalties, dividends from state-owned enterprises, rents, and sales of goods and services. These revenues complement tax income and contribute to financing public expenditure.",Tesouro Nacional do Brasil,2026-07-16,32d81f340bbb486f
Non-Tax Revenue,% of GDP,,Annual,03_Fiscal Accounts and Public Debt,03_Non Financial Public Sector,139,7,1993,2025,"Non-Tax Revenue (Non-Financial Public Sector) refers to the income collected by the non-financial public sector from sources other than taxes, such as fees, royalties, dividends from state-owned enterprises, rents, and sales of goods and services. These revenues complement tax income and contribute to financing public expenditure.",Ministerio de Economía de Argentina,2026-07-16,02942403e36722cf
Non-Tax Revenue,constant prices – CPI-deflated,,Annual,03_Fiscal Accounts and Public Debt,01_Central Government,117,7,1990,2025,"Non-Tax Revenue (Central Government) refers to the income collected by the central government from sources other than taxes, such as fees, royalties, dividends from state-owned enterprises, rents, and sales of goods and services. These revenues complement tax income and contribute to financing public expenditure.",Barbados Statistical Service,2026-07-16,f8c8af1b4596063b
Non-Tax Revenue,constant prices – CPI-deflated,,Annual,03_Fiscal Accounts and Public Debt,02_General Government,34,2,2008,2025,"Non-Tax Revenue (General Government) refers to the income collected by the general government from sources other than taxes, such as fees, royalties, dividends from state-owned enterprises, rents, and sales of goods and services. These revenues complement tax income and contribute to financing public expenditure.",Tesouro Nacional do Brasil,2026-07-16,9914d19e6be52daf
Non-Tax Revenue,constant prices – CPI-deflated,,Annual,03_Fiscal Accounts and Public Debt,03_Non Financial Public Sector,147,7,1993,2025,"Non-Tax Revenue (Non-Financial Public Sector) refers to the income collected by the non-financial public sector from sources other than taxes, such as fees, royalties, dividends from state-owned enterprises, rents, and sales of goods and services. These revenues complement tax income and contribute to financing public expenditure.",Ministerio de Economía de Argentina,2026-07-16,17ac889f2aa536d0
Non-Tax Revenue,fiscal year (Q4–Q3 aggregation),,Annual,03_Fiscal Accounts and Public Debt,01_Central Government,145,7,1991,2025,"Non-Tax Revenue (Central Government) refers to the income collected by the central government from sources other than taxes, such as fees, royalties, dividends from state-owned enterprises, rents, and sales of goods and services. These revenues complement tax income and contribute to financing public expenditure.",Barbados Statistical Service,2026-07-16,76cb3497cb5d96a1
Non-Tax Revenue,fiscal year (Q4–Q3 aggregation),,Annual,03_Fiscal Accounts and Public Debt,02_General Government,45,2,1996,2025,"Non-Tax Revenue (General Government) refers to the income collected by the general government from sources other than taxes, such as fees, royalties, dividends from state-owned enterprises, rents, and sales of goods and services. These revenues complement tax income and contribute to financing public expenditure.",Tesouro Nacional do Brasil,2026-07-16,253632fd319d71d8
Non-Tax Revenue,fiscal year (Q4–Q3 aggregation),,Annual,03_Fiscal Accounts and Public Debt,03_Non Financial Public Sector,110,6,1994,2025,"Non-Tax Revenue (Non-Financial Public Sector) refers to the income collected by the non-financial public sector from sources other than taxes, such as fees, royalties, dividends from state-owned enterprises, rents, and sales of goods and services. These revenues complement tax income and contribute to financing public expenditure.",Ministerio de Economía de Argentina,2026-07-16,d77589c5cc707832
Non-Tax Revenue,millions of USD,YoY %,Annual,03_Fiscal Accounts and Public Debt,01_Central Government,117,7,1991,2025,"Non-Tax Revenue (Central Government) refers to the income collected by the central government from sources other than taxes, such as fees, royalties, dividends from state-owned enterprises, rents, and sales of goods and services. These revenues complement tax income and contribute to financing public expenditure.",Barbados Statistical Service,2026-07-16,fd75be02d560bcb3
Non-Tax Revenue,millions of USD,YoY %,Annual,03_Fiscal Accounts and Public Debt,02_General Government,32,2,2009,2025,"Non-Tax Revenue (General Government) refers to the income collected by the general government from sources other than taxes, such as fees, royalties, dividends from state-owned enterprises, rents, and sales of goods and services. These revenues complement tax income and contribute to financing public expenditure.",Tesouro Nacional do Brasil,2026-07-16,81915dcd55a20c12
Non-Tax Revenue,millions of USD,YoY %,Annual,03_Fiscal Accounts and Public Debt,03_Non Financial Public Sector,143,7,1991,2025,"Non-Tax Revenue (Non-Financial Public Sector) refers to the income collected by the non-financial public sector from sources other than taxes, such as fees, royalties, dividends from state-owned enterprises, rents, and sales of goods and services. These revenues complement tax income and contribute to financing public expenditure.",Ministerio de Economía de Argentina,2026-07-16,27e14da8539d7a69
Non-Tax Revenue,millions of USD,,Annual,03_Fiscal Accounts and Public Debt,01_Central Government,136,7,1990,2025,"Non-Tax Revenue (Central Government) refers to the income collected by the central government from sources other than taxes, such as fees, royalties, dividends from state-owned enterprises, rents, and sales of goods and services. These revenues complement tax income and contribute to financing public expenditure.",Barbados Statistical Service,2026-07-16,86904636bf86c4ef
Non-Tax Revenue,millions of USD,,Annual,03_Fiscal Accounts and Public Debt,02_General Government,34,2,2008,2025,"Non-Tax Revenue (General Government) refers to the income collected by the general government from sources other than taxes, such as fees, royalties, dividends from state-owned enterprises, rents, and sales of goods and services. These revenues complement tax income and contribute to financing public expenditure.",Tesouro Nacional do Brasil,2026-07-16,95d588527a2b4173
Non-Tax Revenue,millions of USD,,Annual,03_Fiscal Accounts and Public Debt,03_Non Financial Public Sector,150,7,1990,2025,"Non-Tax Revenue (Non-Financial Public Sector) refers to the income collected by the non-financial public sector from sources other than taxes, such as fees, royalties, dividends from state-owned enterprises, rents, and sales of goods and services. These revenues complement tax income and contribute to financing public expenditure.",Ministerio de Economía de Argentina,2026-07-16,ae8ddf14cd48f96c
Non-Tax Revenue,millions of domestic currency,YoY %,Annual,03_Fiscal Accounts and Public Debt,01_Central Government,117,7,1991,2025,"Non-Tax Revenue (Central Government) refers to the income collected by the central government from sources other than taxes, such as fees, royalties, dividends from state-owned enterprises, rents, and sales of goods and services. These revenues complement tax income and contribute to financing public expenditure.",Barbados Statistical Service,2026-07-16,5adc07c574de24e6
Non-Tax Revenue,millions of domestic currency,YoY %,Annual,03_Fiscal Accounts and Public Debt,02_General Government,32,2,2009,2025,"Non-Tax Revenue (General Government) refers to the income collected by the general government from sources other than taxes, such as fees, royalties, dividends from state-owned enterprises, rents, and sales of goods and services. These revenues complement tax income and contribute to financing public expenditure.",Tesouro Nacional do Brasil,2026-07-16,5f6d75cc72e1302e
Non-Tax Revenue,millions of domestic currency,YoY %,Annual,03_Fiscal Accounts and Public Debt,03_Non Financial Public Sector,143,7,1991,2025,"Non-Tax Revenue (Non-Financial Public Sector) refers to the income collected by the non-financial public sector from sources other than taxes, such as fees, royalties, dividends from state-owned enterprises, rents, and sales of goods and services. These revenues complement tax income and contribute to financing public expenditure.",Ministerio de Economía de Argentina,2026-07-16,93f729c81ca3e6d6
Non-Tax Revenue,millions of domestic currency,,Annual,03_Fiscal Accounts and Public Debt,01_Central Government,136,7,1990,2025,"Non-Tax Revenue (Central Government) refers to the income collected by the central government from sources other than taxes, such as fees, royalties, dividends from state-owned enterprises, rents, and sales of goods and services. These revenues complement tax income and contribute to financing public expenditure.",Barbados Statistical Service,2026-07-16,9c026f654ab10dc7
Non-Tax Revenue,millions of domestic currency,,Annual,03_Fiscal Accounts and Public Debt,02_General Government,34,2,2008,2025,"Non-Tax Revenue (General Government) refers to the income collected by the general government from sources other than taxes, such as fees, royalties, dividends from state-owned enterprises, rents, and sales of goods and services. These revenues complement tax income and contribute to financing public expenditure.",Tesouro Nacional do Brasil,2026-07-16,49e56bda8a8d6b0c
Non-Tax Revenue,millions of domestic currency,,Annual,03_Fiscal Accounts and Public Debt,03_Non Financial Public Sector,150,7,1990,2025,"Non-Tax Revenue (Non-Financial Public Sector) refers to the income collected by the non-financial public sector from sources other than taxes, such as fees, royalties, dividends from state-owned enterprises, rents, and sales of goods and services. These revenues complement tax income and contribute to financing public expenditure.",Ministerio de Economía de Argentina,2026-07-16,97890bcf8084ab83
Other Investment Assets,"% of GDP, avg. of period",,Annual,04_External Accounts,05_International Investment Position,276,16,2000,2025,"Other investment assets are the stock of external financial assets held by residents that are not classified as direct investment, portfolio investment, financial derivatives or reserve assets. They typically include loans, trade credits, deposits and other accounts receivable. The definition may vary by country.",INDEC - Argentina,2026-07-16,1989401e42af9c50
Other Investment Assets,"% of GDP, end of period",,Annual,04_External Accounts,05_International Investment Position,280,16,1999,2025,"Other investment assets are the stock of external financial assets held by residents that are not classified as direct investment, portfolio investment, financial derivatives or reserve assets. They typically include loans, trade credits, deposits and other accounts receivable. The definition may vary by country.",INDEC - Argentina,2026-07-16,fe47c1d14bfdaef3
Other Investment Assets,"millions of USD, avg. of period",YoY %,Annual,04_External Accounts,05_International Investment Position,263,16,2001,2025,"Other investment assets are the stock of external financial assets held by residents that are not classified as direct investment, portfolio investment, financial derivatives or reserve assets. They typically include loans, trade credits, deposits and other accounts receivable. The definition may vary by country.",INDEC - Argentina,2026-07-16,6d5beb5aff2a531c
Other Investment Assets,"millions of USD, avg. of period",,Annual,04_External Accounts,05_International Investment Position,279,16,2000,2025,"Other investment assets are the stock of external financial assets held by residents that are not classified as direct investment, portfolio investment, financial derivatives or reserve assets. They typically include loans, trade credits, deposits and other accounts receivable. The definition may vary by country.",INDEC - Argentina,2026-07-16,ceac56a8e2d17546
Other Investment Assets,"millions of USD, end of period",YoY %,Annual,04_External Accounts,05_International Investment Position,267,16,2000,2025,"Other investment assets are the stock of external financial assets held by residents that are not classified as direct investment, portfolio investment, financial derivatives or reserve assets. They typically include loans, trade credits, deposits and other accounts receivable. The definition may vary by country.",INDEC - Argentina,2026-07-16,bbd6455b792e7abd
Other Investment Assets,"millions of USD, end of period",,Annual,04_External Accounts,05_International Investment Position,283,16,1999,2025,"Other investment assets are the stock of external financial assets held by residents that are not classified as direct investment, portfolio investment, financial derivatives or reserve assets. They typically include loans, trade credits, deposits and other accounts receivable. The definition may vary by country.",INDEC - Argentina,2026-07-16,82129ea84a178841
Other Investment Liabilities,"% of GDP, avg. of period",,Annual,04_External Accounts,05_International Investment Position,276,16,2000,2025,"Other investment liabilities are the stock of external financial obligations of residents that are not classified as direct investment, portfolio investment or financial derivatives. They typically include loans, trade credits, deposits and other accounts payable. The definition may vary by country.",INDEC - Argentina,2026-07-16,dda930fc56196118
Other Investment Liabilities,"% of GDP, end of period",,Annual,04_External Accounts,05_International Investment Position,280,16,1999,2025,"Other investment liabilities are the stock of external financial obligations of residents that are not classified as direct investment, portfolio investment or financial derivatives. They typically include loans, trade credits, deposits and other accounts payable. The definition may vary by country.",INDEC - Argentina,2026-07-16,16958cd037eec824
Other Investment Liabilities,"millions of USD, avg. of period",YoY %,Annual,04_External Accounts,05_International Investment Position,263,16,2001,2025,"Other investment liabilities are the stock of external financial obligations of residents that are not classified as direct investment, portfolio investment or financial derivatives. They typically include loans, trade credits, deposits and other accounts payable. The definition may vary by country.",INDEC - Argentina,2026-07-16,38e8e7da96d8fb15
Other Investment Liabilities,"millions of USD, avg. of period",,Annual,04_External Accounts,05_International Investment Position,279,16,2000,2025,"Other investment liabilities are the stock of external financial obligations of residents that are not classified as direct investment, portfolio investment or financial derivatives. They typically include loans, trade credits, deposits and other accounts payable. The definition may vary by country.",INDEC - Argentina,2026-07-16,21c5fe485dbdfbb5
Other Investment Liabilities,"millions of USD, end of period",YoY %,Annual,04_External Accounts,05_International Investment Position,267,16,2000,2025,"Other investment liabilities are the stock of external financial obligations of residents that are not classified as direct investment, portfolio investment or financial derivatives. They typically include loans, trade credits, deposits and other accounts payable. The definition may vary by country.",INDEC - Argentina,2026-07-16,e44e8be73c5c3bdc
Other Investment Liabilities,"millions of USD, end of period",,Annual,04_External Accounts,05_International Investment Position,283,16,1999,2025,"Other investment liabilities are the stock of external financial obligations of residents that are not classified as direct investment, portfolio investment or financial derivatives. They typically include loans, trade credits, deposits and other accounts payable. The definition may vary by country.",INDEC - Argentina,2026-07-16,7edc51182c7636f5
"Other Investment, Net",% of GDP,,Annual,04_External Accounts,01_Balance of Payments,236,11,1994,2025,"Other Investment, Net is the net value of cross-border financial transactions not classified as direct investment, portfolio investment, financial derivatives or reserve assets (loans, currency and deposits, trade credits and other accounts receivable/payable), computed as the net acquisition of financial assets minus the net incurrence of liabilities in the financial account.",INDEC - Argentina,2026-07-16,0c65becf93cbe6b0
"Other Investment, Net",millions of USD,,Annual,04_External Accounts,01_Balance of Payments,241,11,1994,2025,"Other Investment, Net is the net value of cross-border financial transactions not classified as direct investment, portfolio investment, financial derivatives or reserve assets (loans, currency and deposits, trade credits and other accounts receivable/payable), computed as the net acquisition of financial assets minus the net incurrence of liabilities in the financial account.",INDEC - Argentina,2026-07-16,a2c6ad2c77cc6d92
"Other Investment, Net Acquisition of Financial Assets",% of GDP,,Annual,04_External Accounts,01_Balance of Payments,199,9,1994,2025,"Other Investment (NAFA) is the net increase in resident claims on nonresidents in instruments not classified as direct investment, portfolio investment, financial derivatives or reserve assets: loans extended, currency and deposits held abroad, trade credits granted and other accounts receivable. Recorded as assets.",INDEC - Argentina,2026-07-16,1d7f18d7c1f64d55
"Other Investment, Net Acquisition of Financial Assets",millions of USD,,Annual,04_External Accounts,01_Balance of Payments,204,9,1994,2025,"Other Investment (NAFA) is the net increase in resident claims on nonresidents in instruments not classified as direct investment, portfolio investment, financial derivatives or reserve assets: loans extended, currency and deposits held abroad, trade credits granted and other accounts receivable. Recorded as assets.",INDEC - Argentina,2026-07-16,f5ee23f43c58ee9b
"Other Investment, Net Incurrence of Liabilities",% of GDP,,Annual,04_External Accounts,01_Balance of Payments,162,7,1994,2025,"Other Investment (NIL) is the net increase in nonresident claims on residents in instruments not classified as direct investment, portfolio investment, financial derivatives or reserve assets: loans received, nonresident currency and deposits, trade credits received and other accounts payable. Recorded as liabilities.",INDEC - Argentina,2026-07-16,0c5d8d6ac326b8e8
"Other Investment, Net Incurrence of Liabilities",millions of USD,,Annual,04_External Accounts,01_Balance of Payments,166,7,1994,2025,"Other Investment (NIL) is the net increase in nonresident claims on residents in instruments not classified as direct investment, portfolio investment, financial derivatives or reserve assets: loans received, nonresident currency and deposits, trade credits received and other accounts payable. Recorded as liabilities.",INDEC - Argentina,2026-07-16,15d3b0681bdec4bd
Other Reserve Assets,"% of GDP, avg. of period",,Annual,04_External Accounts,04_Stock of International Reserves,340,14,1990,2025,"Other reserve assets are all remaining components of international reserves not classified as foreign currency, gold, SDRs or the reserve position in the IMF. They may include other highly liquid external assets controlled by the monetary authority. The definition may vary by country.",Central Bank of Barbados,2026-07-16,9a8e67a5f9418f8b
Other Reserve Assets,"% of GDP, end of period",,Annual,04_External Accounts,04_Stock of International Reserves,341,14,1990,2025,"Other reserve assets are all remaining components of international reserves not classified as foreign currency, gold, SDRs or the reserve position in the IMF. They may include other highly liquid external assets controlled by the monetary authority. The definition may vary by country.",Central Bank of Barbados,2026-07-16,8cc047dd4fcf21ba
Other Reserve Assets,"millions of USD, avg. of period",YoY %,Annual,04_External Accounts,04_Stock of International Reserves,303,14,1991,2025,"Other reserve assets are all remaining components of international reserves not classified as foreign currency, gold, SDRs or the reserve position in the IMF. They may include other highly liquid external assets controlled by the monetary authority. The definition may vary by country.",Central Bank of Barbados,2026-07-16,1f409d5b6770459a
Other Reserve Assets,"millions of USD, avg. of period",,Annual,04_External Accounts,04_Stock of International Reserves,359,14,1990,2025,"Other reserve assets are all remaining components of international reserves not classified as foreign currency, gold, SDRs or the reserve position in the IMF. They may include other highly liquid external assets controlled by the monetary authority. The definition may vary by country.",Central Bank of Barbados,2026-07-16,b028837213eabe40
Other Reserve Assets,"millions of USD, end of period",YoY %,Annual,04_External Accounts,04_Stock of International Reserves,301,14,1991,2025,"Other reserve assets are all remaining components of international reserves not classified as foreign currency, gold, SDRs or the reserve position in the IMF. They may include other highly liquid external assets controlled by the monetary authority. The definition may vary by country.",Central Bank of Barbados,2026-07-16,69e1b63a837d1201
Other Reserve Assets,"millions of USD, end of period",,Annual,04_External Accounts,04_Stock of International Reserves,362,14,1990,2025,"Other reserve assets are all remaining components of international reserves not classified as foreign currency, gold, SDRs or the reserve position in the IMF. They may include other highly liquid external assets controlled by the monetary authority. The definition may vary by country.",Central Bank of Barbados,2026-07-16,d7f8dc5fc005a1be
Overall Fiscal Balance,% of GDP,,Annual,03_Fiscal Accounts and Public Debt,01_Central Government,243,13,1990,2025,"Overall Fiscal Balance (Central Government) is the difference between total fiscal revenue and total fiscal expenditure, including interest payments. It reflects the government’s overall borrowing needs or surplus, indicating whether it is running a fiscal deficit or surplus.",Barbados Statistical Service,2026-07-16,b54d15d51a2bb199
Overall Fiscal Balance,% of GDP,,Annual,03_Fiscal Accounts and Public Debt,02_General Government,50,4,1990,2025,"Overall Fiscal Balance (General Government) is the difference between total fiscal revenue and total fiscal expenditure, including interest payments. It reflects the government’s overall borrowing needs or surplus, indicating whether it is running a fiscal deficit or surplus.",Tesouro Nacional do Brasil,2026-07-16,6fd3f99b8d72495f
Overall Fiscal Balance,% of GDP,,Annual,03_Fiscal Accounts and Public Debt,03_Non Financial Public Sector,313,14,1990,2025,"Overall Fiscal Balance (Non-Financial Public Sector) is the difference between total fiscal revenue and total fiscal expenditure, including interest payments. It reflects the government’s overall borrowing needs or surplus, indicating whether it is running a fiscal deficit or surplus.",Ministerio de Economía de Argentina,2026-07-16,4e512cdab8ca3968
Overall Fiscal Balance,PPP adjusted,,Annual,03_Fiscal Accounts and Public Debt,01_Central Government,268,13,1990,2024,"Overall Fiscal Balance (Central Government) is the difference between total fiscal revenue and total fiscal expenditure, including interest payments. It reflects the government’s overall borrowing needs or surplus, indicating whether it is running a fiscal deficit or surplus.",Barbados Statistical Service,2026-07-16,0c7875fbb3e45e10
Overall Fiscal Balance,PPP adjusted,,Annual,03_Fiscal Accounts and Public Debt,02_General Government,54,4,1990,2024,"Overall Fiscal Balance (General Government) is the difference between total fiscal revenue and total fiscal expenditure, including interest payments. It reflects the government’s overall borrowing needs or surplus, indicating whether it is running a fiscal deficit or surplus.",Tesouro Nacional do Brasil,2026-07-16,593a3446a2bb6c19
Overall Fiscal Balance,PPP adjusted,,Annual,03_Fiscal Accounts and Public Debt,03_Non Financial Public Sector,325,14,1990,2024,"Overall Fiscal Balance (Non-Financial Public Sector) is the difference between total fiscal revenue and total fiscal expenditure, including interest payments. It reflects the government’s overall borrowing needs or surplus, indicating whether it is running a fiscal deficit or surplus.",Ministerio de Economía de Argentina,2026-07-16,f559b379caed686c
Overall Fiscal Balance,constant prices – CPI-deflated,,Annual,03_Fiscal Accounts and Public Debt,01_Central Government,260,13,1990,2025,"Overall Fiscal Balance (Central Government) is the difference between total fiscal revenue and total fiscal expenditure, including interest payments. It reflects the government’s overall borrowing needs or surplus, indicating whether it is running a fiscal deficit or surplus.",Barbados Statistical Service,2026-07-16,dfe4d7ed7ad12f49
Overall Fiscal Balance,constant prices – CPI-deflated,,Annual,03_Fiscal Accounts and Public Debt,02_General Government,55,4,1990,2025,"Overall Fiscal Balance (General Government) is the difference between total fiscal revenue and total fiscal expenditure, including interest payments. It reflects the government’s overall borrowing needs or surplus, indicating whether it is running a fiscal deficit or surplus.",Tesouro Nacional do Brasil,2026-07-16,afd7af0046360453
Overall Fiscal Balance,constant prices – CPI-deflated,,Annual,03_Fiscal Accounts and Public Debt,03_Non Financial Public Sector,324,14,1990,2025,"Overall Fiscal Balance (Non-Financial Public Sector) is the difference between total fiscal revenue and total fiscal expenditure, including interest payments. It reflects the government’s overall borrowing needs or surplus, indicating whether it is running a fiscal deficit or surplus.",Ministerio de Economía de Argentina,2026-07-16,6b1424c09da95f4f
Overall Fiscal Balance,fiscal year (Q4–Q3 aggregation),,Annual,03_Fiscal Accounts and Public Debt,01_Central Government,196,11,1991,2025,"Overall Fiscal Balance (Central Government) is the difference between total fiscal revenue and total fiscal expenditure, including interest payments. It reflects the government’s overall borrowing needs or surplus, indicating whether it is running a fiscal deficit or surplus.",Barbados Statistical Service,2026-07-16,8bdaec0db6b6a86d
Overall Fiscal Balance,fiscal year (Q4–Q3 aggregation),,Annual,03_Fiscal Accounts and Public Debt,02_General Government,20,3,1991,2025,"Overall Fiscal Balance (General Government) is the difference between total fiscal revenue and total fiscal expenditure, including interest payments. It reflects the government’s overall borrowing needs or surplus, indicating whether it is running a fiscal deficit or surplus.",Tesouro Nacional do Brasil,2026-07-16,4feaea2ad76d0728
Overall Fiscal Balance,fiscal year (Q4–Q3 aggregation),,Annual,03_Fiscal Accounts and Public Debt,03_Non Financial Public Sector,296,14,1991,2025,"Overall Fiscal Balance (Non-Financial Public Sector) is the difference between total fiscal revenue and total fiscal expenditure, including interest payments. It reflects the government’s overall borrowing needs or surplus, indicating whether it is running a fiscal deficit or surplus.",Ministerio de Economía de Argentina,2026-07-16,40b93c36bc2a1544
Overall Fiscal Balance,millions of USD,,Annual,03_Fiscal Accounts and Public Debt,01_Central Government,272,13,1990,2025,"Overall Fiscal Balance (Central Government) is the difference between total fiscal revenue and total fiscal expenditure, including interest payments. It reflects the government’s overall borrowing needs or surplus, indicating whether it is running a fiscal deficit or surplus.",Barbados Statistical Service,2026-07-16,d284342b9a116c70
Overall Fiscal Balance,millions of USD,,Annual,03_Fiscal Accounts and Public Debt,02_General Government,54,4,1990,2025,"Overall Fiscal Balance (General Government) is the difference between total fiscal revenue and total fiscal expenditure, including interest payments. It reflects the government’s overall borrowing needs or surplus, indicating whether it is running a fiscal deficit or surplus.",Tesouro Nacional do Brasil,2026-07-16,43154d368787d7b6
Overall Fiscal Balance,millions of USD,,Annual,03_Fiscal Accounts and Public Debt,03_Non Financial Public Sector,335,14,1990,2025,"Overall Fiscal Balance (Non-Financial Public Sector) is the difference between total fiscal revenue and total fiscal expenditure, including interest payments. It reflects the government’s overall borrowing needs or surplus, indicating whether it is running a fiscal deficit or surplus.",Ministerio de Economía de Argentina,2026-07-16,3f87a485101172f1
Overall Fiscal Balance,millions of domestic currency,,Annual,03_Fiscal Accounts and Public Debt,01_Central Government,275,13,1990,2025,"Overall Fiscal Balance (Central Government) is the difference between total fiscal revenue and total fiscal expenditure, including interest payments. It reflects the government’s overall borrowing needs or surplus, indicating whether it is running a fiscal deficit or surplus.",Barbados Statistical Service,2026-07-16,db25b0209466f3ef
Overall Fiscal Balance,millions of domestic currency,,Annual,03_Fiscal Accounts and Public Debt,02_General Government,56,4,1990,2025,"Overall Fiscal Balance (General Government) is the difference between total fiscal revenue and total fiscal expenditure, including interest payments. It reflects the government’s overall borrowing needs or surplus, indicating whether it is running a fiscal deficit or surplus.",Tesouro Nacional do Brasil,2026-07-16,d3b1a8699addc5d8
Overall Fiscal Balance,millions of domestic currency,,Annual,03_Fiscal Accounts and Public Debt,03_Non Financial Public Sector,335,14,1990,2025,"Overall Fiscal Balance (Non-Financial Public Sector) is the difference between total fiscal revenue and total fiscal expenditure, including interest payments. It reflects the government’s overall borrowing needs or surplus, indicating whether it is running a fiscal deficit or surplus.",Ministerio de Economía de Argentina,2026-07-16,a7c3dc9577e64e32
Policy Interest Rate,"rate, avg. of period",,Annual,06_Financial Markets,01_Interest Rates,452,20,1990,2025,The monetary policy rate is the benchmark interest rate set by the central bank to guide monetary conditions in the economy. The definition may vary by country.,Banco Central de la República Argentina,2026-07-16,476405192b8046e3
Policy Interest Rate,"rate, end of period",,Annual,06_Financial Markets,01_Interest Rates,457,20,1990,2025,The monetary policy rate is the benchmark interest rate set by the central bank to guide monetary conditions in the economy. The definition may vary by country.,Banco Central de la República Argentina,2026-07-16,f3a7e5dfeb39a581
Policy Interest Rate,"real terms, avg. of period",,Annual,06_Financial Markets,01_Interest Rates,397,20,1992,2025,The monetary policy rate is the benchmark interest rate set by the central bank to guide monetary conditions in the economy. The definition may vary by country.,Banco Central de la República Argentina,2026-07-16,79c00941bf312c52
Policy Interest Rate,"real terms, end of period",,Annual,06_Financial Markets,01_Interest Rates,389,20,1994,2025,The monetary policy rate is the benchmark interest rate set by the central bank to guide monetary conditions in the economy. The definition may vary by country.,Banco Central de la República Argentina,2026-07-16,f045e3eca1e95639
Population,millions of persons,YoY %,Annual,01_Economic Activity and Employment,03_Labor Market,838,24,1991,2025,Population is the total number of inhabitants of a country.,World Bank,2026-07-16,2423f1863821f37b
Population,millions of persons,,Annual,01_Economic Activity and Employment,03_Labor Market,852,24,1990,2025,Population is the total number of inhabitants of a country.,World Bank,2026-07-16,dccba66a28583770
Portfolio Investment Assets,"% of GDP, avg. of period",,Annual,04_External Accounts,05_International Investment Position,276,16,2000,2025,"Portfolio investment assets are the stock of cross-border holdings of equity and debt securities by residents of a country in nonresident issuers, excluding direct investment and reserve assets. They capture the exposure of the domestic economy to international capital markets. The definition may vary by country.",INDEC - Argentina,2026-07-16,1bcf1ef8c9a6ad85
Portfolio Investment Assets,"% of GDP, end of period",,Annual,04_External Accounts,05_International Investment Position,280,16,1999,2025,"Portfolio investment assets are the stock of cross-border holdings of equity and debt securities by residents of a country in nonresident issuers, excluding direct investment and reserve assets. They capture the exposure of the domestic economy to international capital markets. The definition may vary by country.",INDEC - Argentina,2026-07-16,4d9cac9529dcbd7a
Portfolio Investment Assets,"millions of USD, avg. of period",YoY %,Annual,04_External Accounts,05_International Investment Position,263,16,2001,2025,"Portfolio investment assets are the stock of cross-border holdings of equity and debt securities by residents of a country in nonresident issuers, excluding direct investment and reserve assets. They capture the exposure of the domestic economy to international capital markets. The definition may vary by country.",INDEC - Argentina,2026-07-16,4618d3d228bd40f1
Portfolio Investment Assets,"millions of USD, avg. of period",,Annual,04_External Accounts,05_International Investment Position,279,16,2000,2025,"Portfolio investment assets are the stock of cross-border holdings of equity and debt securities by residents of a country in nonresident issuers, excluding direct investment and reserve assets. They capture the exposure of the domestic economy to international capital markets. The definition may vary by country.",INDEC - Argentina,2026-07-16,cf0619a067316641
Portfolio Investment Assets,"millions of USD, end of period",YoY %,Annual,04_External Accounts,05_International Investment Position,267,16,2000,2025,"Portfolio investment assets are the stock of cross-border holdings of equity and debt securities by residents of a country in nonresident issuers, excluding direct investment and reserve assets. They capture the exposure of the domestic economy to international capital markets. The definition may vary by country.",INDEC - Argentina,2026-07-16,32145cc6901d4b55
Portfolio Investment Assets,"millions of USD, end of period",,Annual,04_External Accounts,05_International Investment Position,283,16,1999,2025,"Portfolio investment assets are the stock of cross-border holdings of equity and debt securities by residents of a country in nonresident issuers, excluding direct investment and reserve assets. They capture the exposure of the domestic economy to international capital markets. The definition may vary by country.",INDEC - Argentina,2026-07-16,ae98135093ece1cf
Portfolio Investment Liabilities,"% of GDP, avg. of period",,Annual,04_External Accounts,05_International Investment Position,276,16,2000,2025,"Portfolio investment liabilities are the stock of cross-border holdings of domestic equity and debt securities by nonresidents, excluding direct investment. They capture the extent to which the domestic economy is financed through international portfolio flows. The definition may vary by country.",INDEC - Argentina,2026-07-16,ce7d90d27aef7acb
Portfolio Investment Liabilities,"% of GDP, end of period",,Annual,04_External Accounts,05_International Investment Position,280,16,1999,2025,"Portfolio investment liabilities are the stock of cross-border holdings of domestic equity and debt securities by nonresidents, excluding direct investment. They capture the extent to which the domestic economy is financed through international portfolio flows. The definition may vary by country.",INDEC - Argentina,2026-07-16,c8486f838f181dd3
Portfolio Investment Liabilities,"millions of USD, avg. of period",YoY %,Annual,04_External Accounts,05_International Investment Position,263,16,2001,2025,"Portfolio investment liabilities are the stock of cross-border holdings of domestic equity and debt securities by nonresidents, excluding direct investment. They capture the extent to which the domestic economy is financed through international portfolio flows. The definition may vary by country.",INDEC - Argentina,2026-07-16,6398fb10736331da
Portfolio Investment Liabilities,"millions of USD, avg. of period",,Annual,04_External Accounts,05_International Investment Position,279,16,2000,2025,"Portfolio investment liabilities are the stock of cross-border holdings of domestic equity and debt securities by nonresidents, excluding direct investment. They capture the extent to which the domestic economy is financed through international portfolio flows. The definition may vary by country.",INDEC - Argentina,2026-07-16,662ad1f241612a0d
Portfolio Investment Liabilities,"millions of USD, end of period",YoY %,Annual,04_External Accounts,05_International Investment Position,267,16,2000,2025,"Portfolio investment liabilities are the stock of cross-border holdings of domestic equity and debt securities by nonresidents, excluding direct investment. They capture the extent to which the domestic economy is financed through international portfolio flows. The definition may vary by country.",INDEC - Argentina,2026-07-16,c32095b5c8491326
Portfolio Investment Liabilities,"millions of USD, end of period",,Annual,04_External Accounts,05_International Investment Position,283,16,1999,2025,"Portfolio investment liabilities are the stock of cross-border holdings of domestic equity and debt securities by nonresidents, excluding direct investment. They capture the extent to which the domestic economy is financed through international portfolio flows. The definition may vary by country.",INDEC - Argentina,2026-07-16,27b60065b33bf40d
"Portfolio Investment, Net",% of GDP,,Annual,04_External Accounts,01_Balance of Payments,415,21,1994,2025,"Portfolio Investment, Net is net cross-border investment in equity and debt securities not conferring significant control (typically under 10% of voting power), computed as the net acquisition of financial assets (resident holdings of foreign securities) minus the net incurrence of liabilities (nonresident holdings of domestic securities), in the financial account.",INDEC - Argentina,2026-07-16,fdd3b77323f072ac
"Portfolio Investment, Net",millions of USD,,Annual,04_External Accounts,01_Balance of Payments,424,21,1994,2025,"Portfolio Investment, Net is net cross-border investment in equity and debt securities not conferring significant control (typically under 10% of voting power), computed as the net acquisition of financial assets (resident holdings of foreign securities) minus the net incurrence of liabilities (nonresident holdings of domestic securities), in the financial account.",INDEC - Argentina,2026-07-16,2a49e5e9c053528a
"Portfolio Investment, Net Acquisition of Financial Assets",% of GDP,,Annual,04_External Accounts,01_Balance of Payments,345,18,1994,2025,"Portfolio Investment (NAFA) is the net acquisition of financial assets through cross-border transactions in equity and debt securities issued abroad and purchased by residents, without conferring significant control or influence (typically less than 10% of voting power).",INDEC - Argentina,2026-07-16,4f1a689d7b0b1686
"Portfolio Investment, Net Acquisition of Financial Assets",millions of USD,,Annual,04_External Accounts,01_Balance of Payments,353,18,1994,2025,"Portfolio Investment (NAFA) is the net acquisition of financial assets through cross-border transactions in equity and debt securities issued abroad and purchased by residents, without conferring significant control or influence (typically less than 10% of voting power).",INDEC - Argentina,2026-07-16,424fe4046f0b2cee
"Portfolio Investment, Net Incurrence of Liabilities",% of GDP,,Annual,04_External Accounts,01_Balance of Payments,277,14,1994,2025,"Portfolio Investment (NIL) is the net incurrence of liabilities through cross-border transactions in equity and debt securities issued by residents and purchased by nonresidents, without conferring significant control or influence (typically less than 10% of voting power).",INDEC - Argentina,2026-07-16,72e466042833e5c4
"Portfolio Investment, Net Incurrence of Liabilities",millions of USD,,Annual,04_External Accounts,01_Balance of Payments,284,14,1994,2025,"Portfolio Investment (NIL) is the net incurrence of liabilities through cross-border transactions in equity and debt securities issued by residents and purchased by nonresidents, without conferring significant control or influence (typically less than 10% of voting power).",INDEC - Argentina,2026-07-16,b2e4c5bb99f0b421
Primary Fiscal Balance,% of GDP,,Annual,03_Fiscal Accounts and Public Debt,01_Central Government,196,11,1990,2025,"Primary Fiscal Balance (Central Government) is the difference between total fiscal revenue and primary fiscal expenditure, excluding interest payments. It indicates whether the government is generating sufficient income to cover its non-debt-related spending and is a key measure of fiscal sustainability.",Barbados Statistical Service,2026-07-16,de2aaa95a1558387
Primary Fiscal Balance,% of GDP,,Annual,03_Fiscal Accounts and Public Debt,02_General Government,38,2,1996,2025,"Primary Fiscal Balance (General Government) is the difference between total fiscal revenue and primary fiscal expenditure, excluding interest payments. It indicates whether the government is generating sufficient income to cover its non-debt-related spending and is a key measure of fiscal sustainability.",Tesouro Nacional do Brasil,2026-07-16,b0d81e5630c3a2ba
Primary Fiscal Balance,% of GDP,,Annual,03_Fiscal Accounts and Public Debt,03_Non Financial Public Sector,289,14,1990,2025,"Primary Fiscal Balance (Non-Financial Public Sector) is the difference between total fiscal revenue and primary fiscal expenditure, excluding interest payments. It indicates whether the government is generating sufficient income to cover its non-debt-related spending and is a key measure of fiscal sustainability.",Ministerio de Economía de Argentina,2026-07-16,c50c1c413bcb87fc
Primary Fiscal Balance,PPP adjusted,,Annual,03_Fiscal Accounts and Public Debt,01_Central Government,219,11,1990,2024,"Primary Fiscal Balance (Central Government) is the difference between total fiscal revenue and primary fiscal expenditure, excluding interest payments. It indicates whether the government is generating sufficient income to cover its non-debt-related spending and is a key measure of fiscal sustainability.",Barbados Statistical Service,2026-07-16,2906396acae05668
Primary Fiscal Balance,PPP adjusted,,Annual,03_Fiscal Accounts and Public Debt,02_General Government,43,2,1990,2024,"Primary Fiscal Balance (General Government) is the difference between total fiscal revenue and primary fiscal expenditure, excluding interest payments. It indicates whether the government is generating sufficient income to cover its non-debt-related spending and is a key measure of fiscal sustainability.",Tesouro Nacional do Brasil,2026-07-16,d80898744e14d06f
Primary Fiscal Balance,PPP adjusted,,Annual,03_Fiscal Accounts and Public Debt,03_Non Financial Public Sector,297,14,1990,2024,"Primary Fiscal Balance (Non-Financial Public Sector) is the difference between total fiscal revenue and primary fiscal expenditure, excluding interest payments. It indicates whether the government is generating sufficient income to cover its non-debt-related spending and is a key measure of fiscal sustainability.",Ministerio de Economía de Argentina,2026-07-16,b003e83906f4c2d2
Primary Fiscal Balance,constant prices – CPI-deflated,,Annual,03_Fiscal Accounts and Public Debt,01_Central Government,210,11,1991,2025,"Primary Fiscal Balance (Central Government) is the difference between total fiscal revenue and primary fiscal expenditure, excluding interest payments. It indicates whether the government is generating sufficient income to cover its non-debt-related spending and is a key measure of fiscal sustainability.",Barbados Statistical Service,2026-07-16,34b63f3eb8a141ad
Primary Fiscal Balance,constant prices – CPI-deflated,,Annual,03_Fiscal Accounts and Public Debt,02_General Government,44,2,1990,2025,"Primary Fiscal Balance (General Government) is the difference between total fiscal revenue and primary fiscal expenditure, excluding interest payments. It indicates whether the government is generating sufficient income to cover its non-debt-related spending and is a key measure of fiscal sustainability.",Tesouro Nacional do Brasil,2026-07-16,573d55368b15eb93
Primary Fiscal Balance,constant prices – CPI-deflated,,Annual,03_Fiscal Accounts and Public Debt,03_Non Financial Public Sector,305,14,1990,2025,"Primary Fiscal Balance (Non-Financial Public Sector) is the difference between total fiscal revenue and primary fiscal expenditure, excluding interest payments. It indicates whether the government is generating sufficient income to cover its non-debt-related spending and is a key measure of fiscal sustainability.",Ministerio de Economía de Argentina,2026-07-16,5e3b26e0cd766f2d
Primary Fiscal Balance,fiscal year (Q4–Q3 aggregation),,Annual,03_Fiscal Accounts and Public Debt,01_Central Government,186,10,1992,2025,"Primary Fiscal Balance (Central Government) is the difference between total fiscal revenue and primary fiscal expenditure, excluding interest payments. It indicates whether the government is generating sufficient income to cover its non-debt-related spending and is a key measure of fiscal sustainability.",Barbados Statistical Service,2026-07-16,d758e1f19ad855d6
Primary Fiscal Balance,fiscal year (Q4–Q3 aggregation),,Annual,03_Fiscal Accounts and Public Debt,02_General Government,15,2,2011,2025,"Primary Fiscal Balance (General Government) is the difference between total fiscal revenue and primary fiscal expenditure, excluding interest payments. It indicates whether the government is generating sufficient income to cover its non-debt-related spending and is a key measure of fiscal sustainability.",Tesouro Nacional do Brasil,2026-07-16,f283b0bf84dceaef
Primary Fiscal Balance,fiscal year (Q4–Q3 aggregation),,Annual,03_Fiscal Accounts and Public Debt,03_Non Financial Public Sector,274,13,1991,2025,"Primary Fiscal Balance (Non-Financial Public Sector) is the difference between total fiscal revenue and primary fiscal expenditure, excluding interest payments. It indicates whether the government is generating sufficient income to cover its non-debt-related spending and is a key measure of fiscal sustainability.",Ministerio de Economía de Argentina,2026-07-16,bd880c7fcd7fe3a8
Primary Fiscal Balance,millions of USD,,Annual,03_Fiscal Accounts and Public Debt,01_Central Government,223,11,1990,2025,"Primary Fiscal Balance (Central Government) is the difference between total fiscal revenue and primary fiscal expenditure, excluding interest payments. It indicates whether the government is generating sufficient income to cover its non-debt-related spending and is a key measure of fiscal sustainability.",Barbados Statistical Service,2026-07-16,6afab48d08ad90f7
Primary Fiscal Balance,millions of USD,,Annual,03_Fiscal Accounts and Public Debt,02_General Government,44,2,1990,2025,"Primary Fiscal Balance (General Government) is the difference between total fiscal revenue and primary fiscal expenditure, excluding interest payments. It indicates whether the government is generating sufficient income to cover its non-debt-related spending and is a key measure of fiscal sustainability.",Tesouro Nacional do Brasil,2026-07-16,85450c937a31ae34
Primary Fiscal Balance,millions of USD,,Annual,03_Fiscal Accounts and Public Debt,03_Non Financial Public Sector,308,14,1990,2025,"Primary Fiscal Balance (Non-Financial Public Sector) is the difference between total fiscal revenue and primary fiscal expenditure, excluding interest payments. It indicates whether the government is generating sufficient income to cover its non-debt-related spending and is a key measure of fiscal sustainability.",Ministerio de Economía de Argentina,2026-07-16,14147a0201ded557
Primary Fiscal Balance,millions of domestic currency,,Annual,03_Fiscal Accounts and Public Debt,01_Central Government,225,11,1990,2025,"Primary Fiscal Balance (Central Government) is the difference between total fiscal revenue and primary fiscal expenditure, excluding interest payments. It indicates whether the government is generating sufficient income to cover its non-debt-related spending and is a key measure of fiscal sustainability.",Barbados Statistical Service,2026-07-16,a21aacf74a5a4069
Primary Fiscal Balance,millions of domestic currency,,Annual,03_Fiscal Accounts and Public Debt,02_General Government,44,2,1990,2025,"Primary Fiscal Balance (General Government) is the difference between total fiscal revenue and primary fiscal expenditure, excluding interest payments. It indicates whether the government is generating sufficient income to cover its non-debt-related spending and is a key measure of fiscal sustainability.",Tesouro Nacional do Brasil,2026-07-16,a9b73f66f71ce32e
Primary Fiscal Balance,millions of domestic currency,,Annual,03_Fiscal Accounts and Public Debt,03_Non Financial Public Sector,308,14,1990,2025,"Primary Fiscal Balance (Non-Financial Public Sector) is the difference between total fiscal revenue and primary fiscal expenditure, excluding interest payments. It indicates whether the government is generating sufficient income to cover its non-debt-related spending and is a key measure of fiscal sustainability.",Ministerio de Economía de Argentina,2026-07-16,4ab6f5711c303f62
Primary Fiscal Expenditure,% of GDP,,Annual,03_Fiscal Accounts and Public Debt,01_Central Government,196,11,1990,2025,"Primary Fiscal Expenditure (Central Government) refers to total spending by the central government, excluding interest payments on public debt. It includes expenditures such as wages, pensions, subsidies, and public investment, reflecting the fiscal policy stance of the government. The precise coverage and classification may vary across countries, so country-specific notes should be consulted.",Barbados Statistical Service,2026-07-16,f8fcae092ad0b9de
Primary Fiscal Expenditure,% of GDP,,Annual,03_Fiscal Accounts and Public Debt,02_General Government,46,2,1996,2025,"Primary Fiscal Expenditure (General Government) refers to total spending by the general government, excluding interest payments on public debt. It includes expenditures such as wages, pensions, subsidies, and public investment, reflecting the fiscal policy stance of the government. The precise coverage and classification may vary across countries, so country-specific notes should be consulted.",Tesouro Nacional do Brasil,2026-07-16,b4addf6db1abc4fa
Primary Fiscal Expenditure,% of GDP,,Annual,03_Fiscal Accounts and Public Debt,03_Non Financial Public Sector,281,13,1990,2025,"Primary Fiscal Expenditure (Non-Financial Public Sector) refers to total spending by the non-financial public sector, excluding interest payments on public debt. It includes expenditures such as wages, pensions, subsidies, and public investment, reflecting the fiscal policy stance of the government. The precise coverage and classification may vary across countries, so country-specific notes should be consulted.",Ministerio de Economía de Argentina,2026-07-16,4c15a7b6be8f645e
Primary Fiscal Expenditure,PPP adjusted,YoY %,Annual,03_Fiscal Accounts and Public Debt,01_Central Government,205,11,1991,2024,"Primary Fiscal Expenditure (Central Government) refers to total spending by the central government, excluding interest payments on public debt. It includes expenditures such as wages, pensions, subsidies, and public investment, reflecting the fiscal policy stance of the government. The precise coverage and classification may vary across countries, so country-specific notes should be consulted.",Barbados Statistical Service,2026-07-16,70285b92d53e9b95
Primary Fiscal Expenditure,PPP adjusted,YoY %,Annual,03_Fiscal Accounts and Public Debt,02_General Government,48,2,1991,2024,"Primary Fiscal Expenditure (General Government) refers to total spending by the general government, excluding interest payments on public debt. It includes expenditures such as wages, pensions, subsidies, and public investment, reflecting the fiscal policy stance of the government. The precise coverage and classification may vary across countries, so country-specific notes should be consulted.",Tesouro Nacional do Brasil,2026-07-16,9bd6996e2374b44e
Primary Fiscal Expenditure,PPP adjusted,YoY %,Annual,03_Fiscal Accounts and Public Debt,03_Non Financial Public Sector,277,13,1991,2024,"Primary Fiscal Expenditure (Non-Financial Public Sector) refers to total spending by the non-financial public sector, excluding interest payments on public debt. It includes expenditures such as wages, pensions, subsidies, and public investment, reflecting the fiscal policy stance of the government. The precise coverage and classification may vary across countries, so country-specific notes should be consulted.",Ministerio de Economía de Argentina,2026-07-16,2eb61940548bba1e
Primary Fiscal Expenditure,PPP adjusted,,Annual,03_Fiscal Accounts and Public Debt,01_Central Government,219,11,1990,2024,"Primary Fiscal Expenditure (Central Government) refers to total spending by the central government, excluding interest payments on public debt. It includes expenditures such as wages, pensions, subsidies, and public investment, reflecting the fiscal policy stance of the government. The precise coverage and classification may vary across countries, so country-specific notes should be consulted.",Barbados Statistical Service,2026-07-16,a728355e61e47144
Primary Fiscal Expenditure,PPP adjusted,,Annual,03_Fiscal Accounts and Public Debt,02_General Government,50,2,1990,2024,"Primary Fiscal Expenditure (General Government) refers to total spending by the general government, excluding interest payments on public debt. It includes expenditures such as wages, pensions, subsidies, and public investment, reflecting the fiscal policy stance of the government. The precise coverage and classification may vary across countries, so country-specific notes should be consulted.",Tesouro Nacional do Brasil,2026-07-16,e2d6418f834063c8
Primary Fiscal Expenditure,PPP adjusted,,Annual,03_Fiscal Accounts and Public Debt,03_Non Financial Public Sector,290,13,1990,2024,"Primary Fiscal Expenditure (Non-Financial Public Sector) refers to total spending by the non-financial public sector, excluding interest payments on public debt. It includes expenditures such as wages, pensions, subsidies, and public investment, reflecting the fiscal policy stance of the government. The precise coverage and classification may vary across countries, so country-specific notes should be consulted.",Ministerio de Economía de Argentina,2026-07-16,ee447017beb7072c
Primary Fiscal Expenditure,constant prices – CPI-deflated,,Annual,03_Fiscal Accounts and Public Debt,01_Central Government,210,11,1991,2025,"Primary Fiscal Expenditure (Central Government) refers to total spending by the central government, excluding interest payments on public debt. It includes expenditures such as wages, pensions, subsidies, and public investment, reflecting the fiscal policy stance of the government. The precise coverage and classification may vary across countries, so country-specific notes should be consulted.",Barbados Statistical Service,2026-07-16,dc05c78fa7ff887d
Primary Fiscal Expenditure,constant prices – CPI-deflated,,Annual,03_Fiscal Accounts and Public Debt,02_General Government,52,2,1990,2025,"Primary Fiscal Expenditure (General Government) refers to total spending by the general government, excluding interest payments on public debt. It includes expenditures such as wages, pensions, subsidies, and public investment, reflecting the fiscal policy stance of the government. The precise coverage and classification may vary across countries, so country-specific notes should be consulted.",Tesouro Nacional do Brasil,2026-07-16,8727841c65a7e59b
Primary Fiscal Expenditure,constant prices – CPI-deflated,,Annual,03_Fiscal Accounts and Public Debt,03_Non Financial Public Sector,297,13,1990,2025,"Primary Fiscal Expenditure (Non-Financial Public Sector) refers to total spending by the non-financial public sector, excluding interest payments on public debt. It includes expenditures such as wages, pensions, subsidies, and public investment, reflecting the fiscal policy stance of the government. The precise coverage and classification may vary across countries, so country-specific notes should be consulted.",Ministerio de Economía de Argentina,2026-07-16,24e3fdf2da02ad3d
Primary Fiscal Expenditure,fiscal year (Q4–Q3 aggregation),,Annual,03_Fiscal Accounts and Public Debt,01_Central Government,190,10,1992,2025,"Primary Fiscal Expenditure (Central Government) refers to total spending by the central government, excluding interest payments on public debt. It includes expenditures such as wages, pensions, subsidies, and public investment, reflecting the fiscal policy stance of the government. The precise coverage and classification may vary across countries, so country-specific notes should be consulted.",Barbados Statistical Service,2026-07-16,bcea22a38b757e01
Primary Fiscal Expenditure,fiscal year (Q4–Q3 aggregation),,Annual,03_Fiscal Accounts and Public Debt,02_General Government,53,3,1996,2025,"Primary Fiscal Expenditure (General Government) refers to total spending by the general government, excluding interest payments on public debt. It includes expenditures such as wages, pensions, subsidies, and public investment, reflecting the fiscal policy stance of the government. The precise coverage and classification may vary across countries, so country-specific notes should be consulted.",Tesouro Nacional do Brasil,2026-07-16,e8a7b135491aa703
Primary Fiscal Expenditure,fiscal year (Q4–Q3 aggregation),,Annual,03_Fiscal Accounts and Public Debt,03_Non Financial Public Sector,236,11,1991,2025,"Primary Fiscal Expenditure (Non-Financial Public Sector) refers to total spending by the non-financial public sector, excluding interest payments on public debt. It includes expenditures such as wages, pensions, subsidies, and public investment, reflecting the fiscal policy stance of the government. The precise coverage and classification may vary across countries, so country-specific notes should be consulted.",Ministerio de Economía de Argentina,2026-07-16,dc50358fa3dd18b6
Primary Fiscal Expenditure,millions of USD,YoY %,Annual,03_Fiscal Accounts and Public Debt,01_Central Government,209,11,1991,2025,"Primary Fiscal Expenditure (Central Government) refers to total spending by the central government, excluding interest payments on public debt. It includes expenditures such as wages, pensions, subsidies, and public investment, reflecting the fiscal policy stance of the government. The precise coverage and classification may vary across countries, so country-specific notes should be consulted.",Barbados Statistical Service,2026-07-16,786c5eba745ba7eb
Primary Fiscal Expenditure,millions of USD,YoY %,Annual,03_Fiscal Accounts and Public Debt,02_General Government,50,2,1991,2025,"Primary Fiscal Expenditure (General Government) refers to total spending by the general government, excluding interest payments on public debt. It includes expenditures such as wages, pensions, subsidies, and public investment, reflecting the fiscal policy stance of the government. The precise coverage and classification may vary across countries, so country-specific notes should be consulted.",Tesouro Nacional do Brasil,2026-07-16,86f83a581c6bba6a
Primary Fiscal Expenditure,millions of USD,YoY %,Annual,03_Fiscal Accounts and Public Debt,03_Non Financial Public Sector,287,13,1991,2025,"Primary Fiscal Expenditure (Non-Financial Public Sector) refers to total spending by the non-financial public sector, excluding interest payments on public debt. It includes expenditures such as wages, pensions, subsidies, and public investment, reflecting the fiscal policy stance of the government. The precise coverage and classification may vary across countries, so country-specific notes should be consulted.",Ministerio de Economía de Argentina,2026-07-16,b45c503bbc339e29
Primary Fiscal Expenditure,millions of USD,,Annual,03_Fiscal Accounts and Public Debt,01_Central Government,223,11,1990,2025,"Primary Fiscal Expenditure (Central Government) refers to total spending by the central government, excluding interest payments on public debt. It includes expenditures such as wages, pensions, subsidies, and public investment, reflecting the fiscal policy stance of the government. The precise coverage and classification may vary across countries, so country-specific notes should be consulted.",Barbados Statistical Service,2026-07-16,ae3f8f49018bf698
Primary Fiscal Expenditure,millions of USD,,Annual,03_Fiscal Accounts and Public Debt,02_General Government,52,2,1990,2025,"Primary Fiscal Expenditure (General Government) refers to total spending by the general government, excluding interest payments on public debt. It includes expenditures such as wages, pensions, subsidies, and public investment, reflecting the fiscal policy stance of the government. The precise coverage and classification may vary across countries, so country-specific notes should be consulted.",Tesouro Nacional do Brasil,2026-07-16,e1d4a36e5bab83e9
Primary Fiscal Expenditure,millions of USD,,Annual,03_Fiscal Accounts and Public Debt,03_Non Financial Public Sector,300,13,1990,2025,"Primary Fiscal Expenditure (Non-Financial Public Sector) refers to total spending by the non-financial public sector, excluding interest payments on public debt. It includes expenditures such as wages, pensions, subsidies, and public investment, reflecting the fiscal policy stance of the government. The precise coverage and classification may vary across countries, so country-specific notes should be consulted.",Ministerio de Economía de Argentina,2026-07-16,e6226f8ac1ddd4df
Primary Fiscal Expenditure,millions of domestic currency,YoY %,Annual,03_Fiscal Accounts and Public Debt,01_Central Government,211,11,1991,2025,"Primary Fiscal Expenditure (Central Government) refers to total spending by the central government, excluding interest payments on public debt. It includes expenditures such as wages, pensions, subsidies, and public investment, reflecting the fiscal policy stance of the government. The precise coverage and classification may vary across countries, so country-specific notes should be consulted.",Barbados Statistical Service,2026-07-16,ef990030764e1385
Primary Fiscal Expenditure,millions of domestic currency,YoY %,Annual,03_Fiscal Accounts and Public Debt,02_General Government,50,2,1991,2025,"Primary Fiscal Expenditure (General Government) refers to total spending by the general government, excluding interest payments on public debt. It includes expenditures such as wages, pensions, subsidies, and public investment, reflecting the fiscal policy stance of the government. The precise coverage and classification may vary across countries, so country-specific notes should be consulted.",Tesouro Nacional do Brasil,2026-07-16,b6b5957fd66c4d19
Primary Fiscal Expenditure,millions of domestic currency,YoY %,Annual,03_Fiscal Accounts and Public Debt,03_Non Financial Public Sector,287,13,1991,2025,"Primary Fiscal Expenditure (Non-Financial Public Sector) refers to total spending by the non-financial public sector, excluding interest payments on public debt. It includes expenditures such as wages, pensions, subsidies, and public investment, reflecting the fiscal policy stance of the government. The precise coverage and classification may vary across countries, so country-specific notes should be consulted.",Ministerio de Economía de Argentina,2026-07-16,4ec817c08661d94a
Primary Fiscal Expenditure,millions of domestic currency,,Annual,03_Fiscal Accounts and Public Debt,01_Central Government,225,11,1990,2025,"Primary Fiscal Expenditure (Central Government) refers to total spending by the central government, excluding interest payments on public debt. It includes expenditures such as wages, pensions, subsidies, and public investment, reflecting the fiscal policy stance of the government. The precise coverage and classification may vary across countries, so country-specific notes should be consulted.",Barbados Statistical Service,2026-07-16,858daab024e6ab12
Primary Fiscal Expenditure,millions of domestic currency,,Annual,03_Fiscal Accounts and Public Debt,02_General Government,52,2,1990,2025,"Primary Fiscal Expenditure (General Government) refers to total spending by the general government, excluding interest payments on public debt. It includes expenditures such as wages, pensions, subsidies, and public investment, reflecting the fiscal policy stance of the government. The precise coverage and classification may vary across countries, so country-specific notes should be consulted.",Tesouro Nacional do Brasil,2026-07-16,58a1f5776b2d251f
Primary Fiscal Expenditure,millions of domestic currency,,Annual,03_Fiscal Accounts and Public Debt,03_Non Financial Public Sector,300,13,1990,2025,"Primary Fiscal Expenditure (Non-Financial Public Sector) refers to total spending by the non-financial public sector, excluding interest payments on public debt. It includes expenditures such as wages, pensions, subsidies, and public investment, reflecting the fiscal policy stance of the government. The precise coverage and classification may vary across countries, so country-specific notes should be consulted.",Ministerio de Economía de Argentina,2026-07-16,de37bd4b229cc7ee
"Primary Income, Net",% of GDP,,Annual,04_External Accounts,01_Balance of Payments,482,24,1994,2025,"Primary Income, Net (also referred to as factor payments, net) is the difference between income received by residents from abroad and income paid to non-residents, related to the use of factors of production such as labor and capital. It includes wages, interest, dividends, and reinvested earnings. Primary income is recorded in the current account of the balance of payments and reflects the net return on international labor and investment.",INDEC - Argentina,2026-07-16,5912fc3cbb066ad5
"Primary Income, Net",% of total exports,,Annual,04_External Accounts,01_Balance of Payments,501,24,1991,2025,"Primary Income, Net (also referred to as factor payments, net) is the difference between income received by residents from abroad and income paid to non-residents, related to the use of factors of production such as labor and capital. It includes wages, interest, dividends, and reinvested earnings. Primary income is recorded in the current account of the balance of payments and reflects the net return on international labor and investment.",INDEC - Argentina,2026-07-16,1716a96eeafa74a5
"Primary Income, Net",% of total imports,,Annual,04_External Accounts,01_Balance of Payments,501,24,1991,2025,"Primary Income, Net (also referred to as factor payments, net) is the difference between income received by residents from abroad and income paid to non-residents, related to the use of factors of production such as labor and capital. It includes wages, interest, dividends, and reinvested earnings. Primary income is recorded in the current account of the balance of payments and reflects the net return on international labor and investment.",INDEC - Argentina,2026-07-16,452090b2ce618db1
"Primary Income, Net",fiscal year (Q4–Q3 aggregation),,Annual,04_External Accounts,01_Balance of Payments,456,24,1995,2025,"Primary Income, Net (also referred to as factor payments, net) is the difference between income received by residents from abroad and income paid to non-residents, related to the use of factors of production such as labor and capital. It includes wages, interest, dividends, and reinvested earnings. Primary income is recorded in the current account of the balance of payments and reflects the net return on international labor and investment.",INDEC - Argentina,2026-07-16,d9350fa54f6f8e70
"Primary Income, Net",millions of USD,,Annual,04_External Accounts,01_Balance of Payments,535,25,1991,2025,"Primary Income, Net (also referred to as factor payments, net) is the difference between income received by residents from abroad and income paid to non-residents, related to the use of factors of production such as labor and capital. It includes wages, interest, dividends, and reinvested earnings. Primary income is recorded in the current account of the balance of payments and reflects the net return on international labor and investment.",INDEC - Argentina,2026-07-16,1969480738a834ec
Private Consumption,% of GDP,,Annual,01_Economic Activity and Employment,01_National Accounts,504,18,1990,2025,"Private consumption is the value of final goods and services purchased by households and non-profit institutions serving households, measured within a country’s borders during a given period.",INDEC - Argentina,2026-07-16,8ecf48a0896fd291
Private Consumption,PPP adjusted,YoY %,Annual,01_Economic Activity and Employment,01_National Accounts,463,18,1991,2024,"Private consumption is the value of final goods and services purchased by households and non-profit institutions serving households, measured within a country’s borders during a given period.",INDEC - Argentina,2026-07-16,857d0a90d6510da5
Private Consumption,PPP adjusted,,Annual,01_Economic Activity and Employment,01_National Accounts,492,18,1990,2024,"Private consumption is the value of final goods and services purchased by households and non-profit institutions serving households, measured within a country’s borders during a given period.",INDEC - Argentina,2026-07-16,ef9dea5d09a19e08
Private Consumption,constant prices – national accounts deflator,YoY %,Annual,01_Economic Activity and Employment,01_National Accounts,434,17,1991,2025,"Private consumption is the value of final goods and services purchased by households and non-profit institutions serving households, measured within a country’s borders during a given period.",INDEC - Argentina,2026-07-16,1151e297a9b138dc
Private Consumption,constant prices – national accounts deflator,,Annual,01_Economic Activity and Employment,01_National Accounts,462,17,1990,2025,"Private consumption is the value of final goods and services purchased by households and non-profit institutions serving households, measured within a country’s borders during a given period.",INDEC - Argentina,2026-07-16,9450391fa913144d
Private Consumption,millions of USD,YoY %,Annual,01_Economic Activity and Employment,01_National Accounts,470,18,1991,2025,"Private consumption is the value of final goods and services purchased by households and non-profit institutions serving households, measured within a country’s borders during a given period.",INDEC - Argentina,2026-07-16,87dcdd54ec21e86a
Private Consumption,millions of USD,,Annual,01_Economic Activity and Employment,01_National Accounts,499,18,1990,2025,"Private consumption is the value of final goods and services purchased by households and non-profit institutions serving households, measured within a country’s borders during a given period.",INDEC - Argentina,2026-07-16,9ebc61a5c32b97b3
Private Consumption,millions of domestic currency,YoY %,Annual,01_Economic Activity and Employment,01_National Accounts,475,18,1991,2025,"Private consumption is the value of final goods and services purchased by households and non-profit institutions serving households, measured within a country’s borders during a given period.",INDEC - Argentina,2026-07-16,7c60102f4b5b1feb
Private Consumption,millions of domestic currency,,Annual,01_Economic Activity and Employment,01_National Accounts,504,18,1990,2025,"Private consumption is the value of final goods and services purchased by households and non-profit institutions serving households, measured within a country’s borders during a given period.",INDEC - Argentina,2026-07-16,8dc5eb670647bb68
Private External Debt,"% of GDP, avg. of period",,Annual,04_External Accounts,03_External Debt,299,14,1996,2025,"Private external debt is the stock of outstanding debt owed by the private sector of a country to nonresidents. It covers the obligations of private corporations, financial institutions and households, including loans, bonds and other financial liabilities denominated in foreign or domestic currency when the creditors are abroad. This indicator reflects the external borrowing of the private sector and its exposure to foreign financial risks. The definition may vary by country.",INDEC - Argentina,2026-07-16,1cb65659ee584093
Private External Debt,"% of GDP, end of period",,Annual,04_External Accounts,03_External Debt,302,14,1996,2025,"Private external debt is the stock of outstanding debt owed by the private sector of a country to nonresidents. It covers the obligations of private corporations, financial institutions and households, including loans, bonds and other financial liabilities denominated in foreign or domestic currency when the creditors are abroad. This indicator reflects the external borrowing of the private sector and its exposure to foreign financial risks. The definition may vary by country.",INDEC - Argentina,2026-07-16,8c1b59397350162c
Private External Debt,"% of total exports, avg. of period",,Annual,04_External Accounts,03_External Debt,275,14,1995,2025,"Private external debt is the stock of outstanding debt owed by the private sector of a country to nonresidents. It covers the obligations of private corporations, financial institutions and households, including loans, bonds and other financial liabilities denominated in foreign or domestic currency when the creditors are abroad. This indicator reflects the external borrowing of the private sector and its exposure to foreign financial risks. The definition may vary by country.",INDEC - Argentina,2026-07-16,6f32557214c3acc9
Private External Debt,"% of total exports, end of period",,Annual,04_External Accounts,03_External Debt,277,14,1995,2025,"Private external debt is the stock of outstanding debt owed by the private sector of a country to nonresidents. It covers the obligations of private corporations, financial institutions and households, including loans, bonds and other financial liabilities denominated in foreign or domestic currency when the creditors are abroad. This indicator reflects the external borrowing of the private sector and its exposure to foreign financial risks. The definition may vary by country.",INDEC - Argentina,2026-07-16,3c403317dd7b6b96
Private External Debt,"% of total external debt, avg. of period",,Annual,04_External Accounts,03_External Debt,307,14,1990,2025,"Private external debt is the stock of outstanding debt owed by the private sector of a country to nonresidents. It covers the obligations of private corporations, financial institutions and households, including loans, bonds and other financial liabilities denominated in foreign or domestic currency when the creditors are abroad. This indicator reflects the external borrowing of the private sector and its exposure to foreign financial risks. The definition may vary by country.",INDEC - Argentina,2026-07-16,a2d71b0b6795c34c
Private External Debt,"% of total external debt, end of period",,Annual,04_External Accounts,03_External Debt,309,14,1990,2025,"Private external debt is the stock of outstanding debt owed by the private sector of a country to nonresidents. It covers the obligations of private corporations, financial institutions and households, including loans, bonds and other financial liabilities denominated in foreign or domestic currency when the creditors are abroad. This indicator reflects the external borrowing of the private sector and its exposure to foreign financial risks. The definition may vary by country.",INDEC - Argentina,2026-07-16,778bbde36c118423
Private External Debt,"% of total imports, avg. of period",,Annual,04_External Accounts,03_External Debt,275,14,1995,2025,"Private external debt is the stock of outstanding debt owed by the private sector of a country to nonresidents. It covers the obligations of private corporations, financial institutions and households, including loans, bonds and other financial liabilities denominated in foreign or domestic currency when the creditors are abroad. This indicator reflects the external borrowing of the private sector and its exposure to foreign financial risks. The definition may vary by country.",INDEC - Argentina,2026-07-16,35b3a5e9452a1259
Private External Debt,"% of total imports, end of period",,Annual,04_External Accounts,03_External Debt,277,14,1995,2025,"Private external debt is the stock of outstanding debt owed by the private sector of a country to nonresidents. It covers the obligations of private corporations, financial institutions and households, including loans, bonds and other financial liabilities denominated in foreign or domestic currency when the creditors are abroad. This indicator reflects the external borrowing of the private sector and its exposure to foreign financial risks. The definition may vary by country.",INDEC - Argentina,2026-07-16,aee721af4a9cbaf1
Private External Debt,fiscal year (Q4–Q3 aggregation),,Annual,04_External Accounts,03_External Debt,201,10,1991,2025,"Private external debt is the stock of outstanding debt owed by the private sector of a country to nonresidents. It covers the obligations of private corporations, financial institutions and households, including loans, bonds and other financial liabilities denominated in foreign or domestic currency when the creditors are abroad. This indicator reflects the external borrowing of the private sector and its exposure to foreign financial risks. The definition may vary by country.",The Central Bank of Belize,2026-07-16,31a6ddb197071aa4
Private External Debt,"fiscal year (Q4–Q3 aggregation), avg. of period",,Annual,04_External Accounts,03_External Debt,69,3,2002,2025,"Private external debt is the stock of outstanding debt owed by the private sector of a country to nonresidents. It covers the obligations of private corporations, financial institutions and households, including loans, bonds and other financial liabilities denominated in foreign or domestic currency when the creditors are abroad. This indicator reflects the external borrowing of the private sector and its exposure to foreign financial risks. The definition may vary by country.",Banco Central de Chile,2026-07-16,78d237f4c5ae35c7
Private External Debt,"fiscal year (Q4–Q3 aggregation), end of period",,Annual,04_External Accounts,03_External Debt,88,4,2002,2025,"Private external debt is the stock of outstanding debt owed by the private sector of a country to nonresidents. It covers the obligations of private corporations, financial institutions and households, including loans, bonds and other financial liabilities denominated in foreign or domestic currency when the creditors are abroad. This indicator reflects the external borrowing of the private sector and its exposure to foreign financial risks. The definition may vary by country.",INDEC - Argentina,2026-07-16,ba460dfa809f72c8
Private External Debt,"millions of USD, avg. of period",YoY %,Annual,04_External Accounts,03_External Debt,293,14,1991,2025,"Private external debt is the stock of outstanding debt owed by the private sector of a country to nonresidents. It covers the obligations of private corporations, financial institutions and households, including loans, bonds and other financial liabilities denominated in foreign or domestic currency when the creditors are abroad. This indicator reflects the external borrowing of the private sector and its exposure to foreign financial risks. The definition may vary by country.",INDEC - Argentina,2026-07-16,0f465691ad0286c5
Private External Debt,"millions of USD, avg. of period",,Annual,04_External Accounts,03_External Debt,307,14,1990,2025,"Private external debt is the stock of outstanding debt owed by the private sector of a country to nonresidents. It covers the obligations of private corporations, financial institutions and households, including loans, bonds and other financial liabilities denominated in foreign or domestic currency when the creditors are abroad. This indicator reflects the external borrowing of the private sector and its exposure to foreign financial risks. The definition may vary by country.",INDEC - Argentina,2026-07-16,814368e723df54cd
Private External Debt,"millions of USD, end of period",YoY %,Annual,04_External Accounts,03_External Debt,296,14,1991,2025,"Private external debt is the stock of outstanding debt owed by the private sector of a country to nonresidents. It covers the obligations of private corporations, financial institutions and households, including loans, bonds and other financial liabilities denominated in foreign or domestic currency when the creditors are abroad. This indicator reflects the external borrowing of the private sector and its exposure to foreign financial risks. The definition may vary by country.",INDEC - Argentina,2026-07-16,674a7e7ece217402
Private External Debt,"millions of USD, end of period",,Annual,04_External Accounts,03_External Debt,310,14,1990,2025,"Private external debt is the stock of outstanding debt owed by the private sector of a country to nonresidents. It covers the obligations of private corporations, financial institutions and households, including loans, bonds and other financial liabilities denominated in foreign or domestic currency when the creditors are abroad. This indicator reflects the external borrowing of the private sector and its exposure to foreign financial risks. The definition may vary by country.",INDEC - Argentina,2026-07-16,65b62cdd74d73abd
Producer Price Index (PPI),"index (2023 = 100), avg. of period",YoY %,Annual,02_Prices and Wages,01_Prices,334,15,1991,2025,The Producer Price Index (PPI) measures the average change in the prices received by domestic producers for their output at different stages of production.,INDEC - Argentina,2026-07-16,fe53043d093d499d
Producer Price Index (PPI),"index (2023 = 100), avg. of period",,Annual,02_Prices and Wages,01_Prices,349,15,1990,2025,The Producer Price Index (PPI) measures the average change in the prices received by domestic producers for their output at different stages of production.,INDEC - Argentina,2026-07-16,dd9481d9498051a1
Producer Price Index (PPI),"index (2023 = 100), end of period",YoY %,Annual,02_Prices and Wages,01_Prices,341,15,1991,2025,The Producer Price Index (PPI) measures the average change in the prices received by domestic producers for their output at different stages of production.,INDEC - Argentina,2026-07-16,7d076686652d97d8
Producer Price Index (PPI),"index (2023 = 100), end of period",,Annual,02_Prices and Wages,01_Prices,356,15,1990,2025,The Producer Price Index (PPI) measures the average change in the prices received by domestic producers for their output at different stages of production.,INDEC - Argentina,2026-07-16,d91c4a764a9ea7a4
Producer Price Index (PPI),"index, avg. of period",YoY %,Annual,02_Prices and Wages,01_Prices,334,15,1991,2025,The Producer Price Index (PPI) measures the average change in the prices received by domestic producers for their output at different stages of production.,INDEC - Argentina,2026-07-16,4bbe7a067d7f9e9a
Producer Price Index (PPI),"index, avg. of period",,Annual,02_Prices and Wages,01_Prices,349,15,1990,2025,The Producer Price Index (PPI) measures the average change in the prices received by domestic producers for their output at different stages of production.,INDEC - Argentina,2026-07-16,9d066ed08a07c3c1
Producer Price Index (PPI),"index, end of period",YoY %,Annual,02_Prices and Wages,01_Prices,341,15,1991,2025,The Producer Price Index (PPI) measures the average change in the prices received by domestic producers for their output at different stages of production.,INDEC - Argentina,2026-07-16,4b1817b0924a99ba
Producer Price Index (PPI),"index, end of period",,Annual,02_Prices and Wages,01_Prices,356,15,1990,2025,The Producer Price Index (PPI) measures the average change in the prices received by domestic producers for their output at different stages of production.,INDEC - Argentina,2026-07-16,6aa70d3b72727552
Public Consumption,% of GDP,,Annual,01_Economic Activity and Employment,01_National Accounts,504,18,1990,2025,"Public consumption is the value of final goods and services purchased by the government to provide goods and services, measured within a country’s borders during a given period.",INDEC - Argentina,2026-07-16,9da2452391ab3e68
Public Consumption,PPP adjusted,YoY %,Annual,01_Economic Activity and Employment,01_National Accounts,463,18,1991,2024,"Public consumption is the value of final goods and services purchased by the government to provide goods and services, measured within a country’s borders during a given period.",INDEC - Argentina,2026-07-16,93994a5d165df789
Public Consumption,PPP adjusted,,Annual,01_Economic Activity and Employment,01_National Accounts,492,18,1990,2024,"Public consumption is the value of final goods and services purchased by the government to provide goods and services, measured within a country’s borders during a given period.",INDEC - Argentina,2026-07-16,b326a7681849d9a1
Public Consumption,constant prices – national accounts deflator,YoY %,Annual,01_Economic Activity and Employment,01_National Accounts,434,17,1991,2025,"Public consumption is the value of final goods and services purchased by the government to provide goods and services, measured within a country’s borders during a given period.",INDEC - Argentina,2026-07-16,b15d339fe4cbfa5b
Public Consumption,constant prices – national accounts deflator,,Annual,01_Economic Activity and Employment,01_National Accounts,462,17,1990,2025,"Public consumption is the value of final goods and services purchased by the government to provide goods and services, measured within a country’s borders during a given period.",INDEC - Argentina,2026-07-16,28ba6258c191b7bc
Public Consumption,millions of USD,YoY %,Annual,01_Economic Activity and Employment,01_National Accounts,470,18,1991,2025,"Public consumption is the value of final goods and services purchased by the government to provide goods and services, measured within a country’s borders during a given period.",INDEC - Argentina,2026-07-16,b5d15f838317917e
Public Consumption,millions of USD,,Annual,01_Economic Activity and Employment,01_National Accounts,499,18,1990,2025,"Public consumption is the value of final goods and services purchased by the government to provide goods and services, measured within a country’s borders during a given period.",INDEC - Argentina,2026-07-16,e6e819b45e9d09b3
Public Consumption,millions of domestic currency,YoY %,Annual,01_Economic Activity and Employment,01_National Accounts,475,18,1991,2025,"Public consumption is the value of final goods and services purchased by the government to provide goods and services, measured within a country’s borders during a given period.",INDEC - Argentina,2026-07-16,a6dd59ee834c2e91
Public Consumption,millions of domestic currency,,Annual,01_Economic Activity and Employment,01_National Accounts,504,18,1990,2025,"Public consumption is the value of final goods and services purchased by the government to provide goods and services, measured within a country’s borders during a given period.",INDEC - Argentina,2026-07-16,f02c9b4b2ed6a5c9
Public Debt in Domestic Currency,"% of GDP, avg. of period",,Annual,03_Fiscal Accounts and Public Debt,01_Central Government,45,2,2003,2025,"Public Debt in Domestic Currency (Central Government) refers to the outstanding stock of public debt denominated in the domestic currency, contracted by the central government with both resident and non-resident creditors. It includes loans, bonds, and other financial instruments issued or payable in local currency. This indicator reflects reliance on local currency financing and the government’s exposure to domestic monetary and financial conditions.",Tesouro Nacional do Brasil,2026-07-16,672b7cf5a54abb80
Public Debt in Domestic Currency,"% of GDP, avg. of period",,Annual,03_Fiscal Accounts and Public Debt,03_Non Financial Public Sector,37,2,2000,2025,"Public Debt in Domestic Currency (Non-Financial Public Sector) refers to the outstanding stock of public debt denominated in the domestic currency, contracted by the non-financial public sector with both resident and non-resident creditors. It includes loans, bonds, and other financial instruments issued or payable in local currency. This indicator reflects reliance on local currency financing and the government’s exposure to domestic monetary and financial conditions.",Ministerio de Economía y Hacienda de Rep. Dominicana,2026-08-03,90567aceed27ae49
Public Debt in Domestic Currency,"% of GDP, end of period",,Annual,03_Fiscal Accounts and Public Debt,01_Central Government,53,2,1995,2025,"Public Debt in Domestic Currency (Central Government) refers to the outstanding stock of public debt denominated in the domestic currency, contracted by the central government with both resident and non-resident creditors. It includes loans, bonds, and other financial instruments issued or payable in local currency. This indicator reflects reliance on local currency financing and the government’s exposure to domestic monetary and financial conditions.",Tesouro Nacional do Brasil,2026-07-16,2893c3d6a009476a
Public Debt in Domestic Currency,"% of GDP, end of period",,Annual,03_Fiscal Accounts and Public Debt,03_Non Financial Public Sector,38,2,1999,2025,"Public Debt in Domestic Currency (Non-Financial Public Sector) refers to the outstanding stock of public debt denominated in the domestic currency, contracted by the non-financial public sector with both resident and non-resident creditors. It includes loans, bonds, and other financial instruments issued or payable in local currency. This indicator reflects reliance on local currency financing and the government’s exposure to domestic monetary and financial conditions.",Ministerio de Economía y Hacienda de Rep. Dominicana,2026-08-03,63376158018fd581
Public Debt in Domestic Currency,"constant prices – CPI-deflated, avg. of period",,Annual,03_Fiscal Accounts and Public Debt,01_Central Government,45,2,2003,2025,"Public Debt in Domestic Currency (Central Government) refers to the outstanding stock of public debt denominated in the domestic currency, contracted by the central government with both resident and non-resident creditors. It includes loans, bonds, and other financial instruments issued or payable in local currency. This indicator reflects reliance on local currency financing and the government’s exposure to domestic monetary and financial conditions.",Tesouro Nacional do Brasil,2026-07-16,af14ad898a5dfab5
Public Debt in Domestic Currency,"constant prices – CPI-deflated, avg. of period",,Annual,03_Fiscal Accounts and Public Debt,03_Non Financial Public Sector,37,2,2000,2025,"Public Debt in Domestic Currency (Non-Financial Public Sector) refers to the outstanding stock of public debt denominated in the domestic currency, contracted by the non-financial public sector with both resident and non-resident creditors. It includes loans, bonds, and other financial instruments issued or payable in local currency. This indicator reflects reliance on local currency financing and the government’s exposure to domestic monetary and financial conditions.",Ministerio de Economía y Hacienda de Rep. Dominicana,2026-08-03,e087c3a68ab91360
Public Debt in Domestic Currency,"constant prices – CPI-deflated, end of period",,Annual,03_Fiscal Accounts and Public Debt,01_Central Government,53,2,1995,2025,"Public Debt in Domestic Currency (Central Government) refers to the outstanding stock of public debt denominated in the domestic currency, contracted by the central government with both resident and non-resident creditors. It includes loans, bonds, and other financial instruments issued or payable in local currency. This indicator reflects reliance on local currency financing and the government’s exposure to domestic monetary and financial conditions.",Tesouro Nacional do Brasil,2026-07-16,9e000530f3b6ddde
Public Debt in Domestic Currency,"constant prices – CPI-deflated, end of period",,Annual,03_Fiscal Accounts and Public Debt,03_Non Financial Public Sector,38,2,1999,2025,"Public Debt in Domestic Currency (Non-Financial Public Sector) refers to the outstanding stock of public debt denominated in the domestic currency, contracted by the non-financial public sector with both resident and non-resident creditors. It includes loans, bonds, and other financial instruments issued or payable in local currency. This indicator reflects reliance on local currency financing and the government’s exposure to domestic monetary and financial conditions.",Ministerio de Economía y Hacienda de Rep. Dominicana,2026-08-03,b455833d7e6e7776
Public Debt in Domestic Currency,fiscal year (Q4–Q3 aggregation),,Annual,03_Fiscal Accounts and Public Debt,03_Non Financial Public Sector,26,1,2000,2025,"Public Debt in Domestic Currency (Non-Financial Public Sector) refers to the outstanding stock of public debt denominated in the domestic currency, contracted by the non-financial public sector with both resident and non-resident creditors. It includes loans, bonds, and other financial instruments issued or payable in local currency. This indicator reflects reliance on local currency financing and the government’s exposure to domestic monetary and financial conditions.",Ministerio de Economía y Finanzas de Uruguay,2026-07-16,464fea4521340519
Public Debt in Domestic Currency,"fiscal year (Q4–Q3 aggregation), avg. of period",,Annual,03_Fiscal Accounts and Public Debt,01_Central Government,43,2,2004,2025,"Public Debt in Domestic Currency (Central Government) refers to the outstanding stock of public debt denominated in the domestic currency, contracted by the central government with both resident and non-resident creditors. It includes loans, bonds, and other financial instruments issued or payable in local currency. This indicator reflects reliance on local currency financing and the government’s exposure to domestic monetary and financial conditions.",Tesouro Nacional do Brasil,2026-07-16,fdcb285a5904e02a
Public Debt in Domestic Currency,"fiscal year (Q4–Q3 aggregation), end of period",,Annual,03_Fiscal Accounts and Public Debt,01_Central Government,43,2,2004,2025,"Public Debt in Domestic Currency (Central Government) refers to the outstanding stock of public debt denominated in the domestic currency, contracted by the central government with both resident and non-resident creditors. It includes loans, bonds, and other financial instruments issued or payable in local currency. This indicator reflects reliance on local currency financing and the government’s exposure to domestic monetary and financial conditions.",Tesouro Nacional do Brasil,2026-07-16,fa513b50c7462889
Public Debt in Domestic Currency,"fiscal year (Q4–Q3 aggregation), end of period",,Annual,03_Fiscal Accounts and Public Debt,03_Non Financial Public Sector,10,1,2016,2025,"Public Debt in Domestic Currency (Non-Financial Public Sector) refers to the outstanding stock of public debt denominated in the domestic currency, contracted by the non-financial public sector with both resident and non-resident creditors. It includes loans, bonds, and other financial instruments issued or payable in local currency. This indicator reflects reliance on local currency financing and the government’s exposure to domestic monetary and financial conditions.",Ministerio de Economía y Hacienda de Rep. Dominicana,2026-08-03,c0628a9bc1c7fe94
Public Debt in Domestic Currency,"millions of USD, avg. of period",YoY %,Annual,03_Fiscal Accounts and Public Debt,01_Central Government,43,2,2004,2025,"Public Debt in Domestic Currency (Central Government) refers to the outstanding stock of public debt denominated in the domestic currency, contracted by the central government with both resident and non-resident creditors. It includes loans, bonds, and other financial instruments issued or payable in local currency. This indicator reflects reliance on local currency financing and the government’s exposure to domestic monetary and financial conditions.",Tesouro Nacional do Brasil,2026-07-16,982fe1b30f878cc0
Public Debt in Domestic Currency,"millions of USD, avg. of period",YoY %,Annual,03_Fiscal Accounts and Public Debt,03_Non Financial Public Sector,35,2,2001,2025,"Public Debt in Domestic Currency (Non-Financial Public Sector) refers to the outstanding stock of public debt denominated in the domestic currency, contracted by the non-financial public sector with both resident and non-resident creditors. It includes loans, bonds, and other financial instruments issued or payable in local currency. This indicator reflects reliance on local currency financing and the government’s exposure to domestic monetary and financial conditions.",Ministerio de Economía y Hacienda de Rep. Dominicana,2026-08-03,47bb81d314861bf0
Public Debt in Domestic Currency,"millions of USD, avg. of period",,Annual,03_Fiscal Accounts and Public Debt,01_Central Government,45,2,2003,2025,"Public Debt in Domestic Currency (Central Government) refers to the outstanding stock of public debt denominated in the domestic currency, contracted by the central government with both resident and non-resident creditors. It includes loans, bonds, and other financial instruments issued or payable in local currency. This indicator reflects reliance on local currency financing and the government’s exposure to domestic monetary and financial conditions.",Tesouro Nacional do Brasil,2026-07-16,3b265a506b556372
Public Debt in Domestic Currency,"millions of USD, avg. of period",,Annual,03_Fiscal Accounts and Public Debt,03_Non Financial Public Sector,37,2,2000,2025,"Public Debt in Domestic Currency (Non-Financial Public Sector) refers to the outstanding stock of public debt denominated in the domestic currency, contracted by the non-financial public sector with both resident and non-resident creditors. It includes loans, bonds, and other financial instruments issued or payable in local currency. This indicator reflects reliance on local currency financing and the government’s exposure to domestic monetary and financial conditions.",Ministerio de Economía y Hacienda de Rep. Dominicana,2026-08-03,48ed08b4e0893717
Public Debt in Domestic Currency,"millions of USD, end of period",YoY %,Annual,03_Fiscal Accounts and Public Debt,01_Central Government,51,2,1996,2025,"Public Debt in Domestic Currency (Central Government) refers to the outstanding stock of public debt denominated in the domestic currency, contracted by the central government with both resident and non-resident creditors. It includes loans, bonds, and other financial instruments issued or payable in local currency. This indicator reflects reliance on local currency financing and the government’s exposure to domestic monetary and financial conditions.",Tesouro Nacional do Brasil,2026-07-16,ca3450ffe0132a2d
Public Debt in Domestic Currency,"millions of USD, end of period",YoY %,Annual,03_Fiscal Accounts and Public Debt,03_Non Financial Public Sector,36,2,2000,2025,"Public Debt in Domestic Currency (Non-Financial Public Sector) refers to the outstanding stock of public debt denominated in the domestic currency, contracted by the non-financial public sector with both resident and non-resident creditors. It includes loans, bonds, and other financial instruments issued or payable in local currency. This indicator reflects reliance on local currency financing and the government’s exposure to domestic monetary and financial conditions.",Ministerio de Economía y Hacienda de Rep. Dominicana,2026-08-03,5a318cf7ee68727d
Public Debt in Domestic Currency,"millions of USD, end of period",,Annual,03_Fiscal Accounts and Public Debt,01_Central Government,53,2,1995,2025,"Public Debt in Domestic Currency (Central Government) refers to the outstanding stock of public debt denominated in the domestic currency, contracted by the central government with both resident and non-resident creditors. It includes loans, bonds, and other financial instruments issued or payable in local currency. This indicator reflects reliance on local currency financing and the government’s exposure to domestic monetary and financial conditions.",Tesouro Nacional do Brasil,2026-07-16,9ee58274d755f368
Public Debt in Domestic Currency,"millions of USD, end of period",,Annual,03_Fiscal Accounts and Public Debt,03_Non Financial Public Sector,38,2,1999,2025,"Public Debt in Domestic Currency (Non-Financial Public Sector) refers to the outstanding stock of public debt denominated in the domestic currency, contracted by the non-financial public sector with both resident and non-resident creditors. It includes loans, bonds, and other financial instruments issued or payable in local currency. This indicator reflects reliance on local currency financing and the government’s exposure to domestic monetary and financial conditions.",Ministerio de Economía y Hacienda de Rep. Dominicana,2026-08-03,146d886eaad748fc
Public Debt in Domestic Currency,"millions of domestic currency, avg. of period",YoY %,Annual,03_Fiscal Accounts and Public Debt,01_Central Government,43,2,2004,2025,"Public Debt in Domestic Currency (Central Government) refers to the outstanding stock of public debt denominated in the domestic currency, contracted by the central government with both resident and non-resident creditors. It includes loans, bonds, and other financial instruments issued or payable in local currency. This indicator reflects reliance on local currency financing and the government’s exposure to domestic monetary and financial conditions.",Tesouro Nacional do Brasil,2026-07-16,01ab5bb206c521b2
Public Debt in Domestic Currency,"millions of domestic currency, avg. of period",YoY %,Annual,03_Fiscal Accounts and Public Debt,03_Non Financial Public Sector,35,2,2001,2025,"Public Debt in Domestic Currency (Non-Financial Public Sector) refers to the outstanding stock of public debt denominated in the domestic currency, contracted by the non-financial public sector with both resident and non-resident creditors. It includes loans, bonds, and other financial instruments issued or payable in local currency. This indicator reflects reliance on local currency financing and the government’s exposure to domestic monetary and financial conditions.",Ministerio de Economía y Hacienda de Rep. Dominicana,2026-08-03,9e9549abe37f1056
Public Debt in Domestic Currency,"millions of domestic currency, avg. of period",,Annual,03_Fiscal Accounts and Public Debt,01_Central Government,45,2,2003,2025,"Public Debt in Domestic Currency (Central Government) refers to the outstanding stock of public debt denominated in the domestic currency, contracted by the central government with both resident and non-resident creditors. It includes loans, bonds, and other financial instruments issued or payable in local currency. This indicator reflects reliance on local currency financing and the government’s exposure to domestic monetary and financial conditions.",Tesouro Nacional do Brasil,2026-07-16,a0670272d2c587ed
Public Debt in Domestic Currency,"millions of domestic currency, avg. of period",,Annual,03_Fiscal Accounts and Public Debt,03_Non Financial Public Sector,37,2,2000,2025,"Public Debt in Domestic Currency (Non-Financial Public Sector) refers to the outstanding stock of public debt denominated in the domestic currency, contracted by the non-financial public sector with both resident and non-resident creditors. It includes loans, bonds, and other financial instruments issued or payable in local currency. This indicator reflects reliance on local currency financing and the government’s exposure to domestic monetary and financial conditions.",Ministerio de Economía y Hacienda de Rep. Dominicana,2026-08-03,70e6603239747068
Public Debt in Domestic Currency,"millions of domestic currency, end of period",YoY %,Annual,03_Fiscal Accounts and Public Debt,01_Central Government,51,2,1996,2025,"Public Debt in Domestic Currency (Central Government) refers to the outstanding stock of public debt denominated in the domestic currency, contracted by the central government with both resident and non-resident creditors. It includes loans, bonds, and other financial instruments issued or payable in local currency. This indicator reflects reliance on local currency financing and the government’s exposure to domestic monetary and financial conditions.",Tesouro Nacional do Brasil,2026-07-16,f75c2c4eb1cb7d1c
Public Debt in Domestic Currency,"millions of domestic currency, end of period",YoY %,Annual,03_Fiscal Accounts and Public Debt,03_Non Financial Public Sector,36,2,2000,2025,"Public Debt in Domestic Currency (Non-Financial Public Sector) refers to the outstanding stock of public debt denominated in the domestic currency, contracted by the non-financial public sector with both resident and non-resident creditors. It includes loans, bonds, and other financial instruments issued or payable in local currency. This indicator reflects reliance on local currency financing and the government’s exposure to domestic monetary and financial conditions.",Ministerio de Economía y Hacienda de Rep. Dominicana,2026-08-03,137998686a5bde5c
Public Debt in Domestic Currency,"millions of domestic currency, end of period",,Annual,03_Fiscal Accounts and Public Debt,01_Central Government,53,2,1995,2025,"Public Debt in Domestic Currency (Central Government) refers to the outstanding stock of public debt denominated in the domestic currency, contracted by the central government with both resident and non-resident creditors. It includes loans, bonds, and other financial instruments issued or payable in local currency. This indicator reflects reliance on local currency financing and the government’s exposure to domestic monetary and financial conditions.",Tesouro Nacional do Brasil,2026-07-16,343fd71d12fa6c7f
Public Debt in Domestic Currency,"millions of domestic currency, end of period",,Annual,03_Fiscal Accounts and Public Debt,03_Non Financial Public Sector,38,2,1999,2025,"Public Debt in Domestic Currency (Non-Financial Public Sector) refers to the outstanding stock of public debt denominated in the domestic currency, contracted by the non-financial public sector with both resident and non-resident creditors. It includes loans, bonds, and other financial instruments issued or payable in local currency. This indicator reflects reliance on local currency financing and the government’s exposure to domestic monetary and financial conditions.",Ministerio de Economía y Hacienda de Rep. Dominicana,2026-08-03,2789939ddb0f2fc2
Public Debt in Foreign Currency,"% of GDP, avg. of period",,Annual,03_Fiscal Accounts and Public Debt,01_Central Government,45,2,2003,2025,"Public Debt in Foreign Currency (Central Government) refers to the outstanding stock of public debt denominated in foreign currencies, contracted by the central government with both resident and non-resident creditors. It includes loans, bonds, and other financial instruments issued or payable in foreign currency. This indicator reflects exposure to exchange rate risk and external financial vulnerabilities.",Tesouro Nacional do Brasil,2026-07-16,5ea8b449f3da69da
Public Debt in Foreign Currency,"% of GDP, avg. of period",,Annual,03_Fiscal Accounts and Public Debt,03_Non Financial Public Sector,46,3,2000,2025,"Public Debt in Foreign Currency (Non-Financial Public Sector) refers to the outstanding stock of public debt denominated in foreign currencies, contracted by the non-financial public sector with both resident and non-resident creditors. It includes loans, bonds, and other financial instruments issued or payable in foreign currency. This indicator reflects exposure to exchange rate risk and external financial vulnerabilities.",Ministerio de Economía y Hacienda de Rep. Dominicana,2026-08-03,6fc2d9d71c47e0a0
Public Debt in Foreign Currency,"% of GDP, end of period",,Annual,03_Fiscal Accounts and Public Debt,01_Central Government,53,2,1995,2025,"Public Debt in Foreign Currency (Central Government) refers to the outstanding stock of public debt denominated in foreign currencies, contracted by the central government with both resident and non-resident creditors. It includes loans, bonds, and other financial instruments issued or payable in foreign currency. This indicator reflects exposure to exchange rate risk and external financial vulnerabilities.",Tesouro Nacional do Brasil,2026-07-16,54b2d4009369bf84
Public Debt in Foreign Currency,"% of GDP, end of period",,Annual,03_Fiscal Accounts and Public Debt,03_Non Financial Public Sector,47,3,1999,2025,"Public Debt in Foreign Currency (Non-Financial Public Sector) refers to the outstanding stock of public debt denominated in foreign currencies, contracted by the non-financial public sector with both resident and non-resident creditors. It includes loans, bonds, and other financial instruments issued or payable in foreign currency. This indicator reflects exposure to exchange rate risk and external financial vulnerabilities.",Ministerio de Economía y Hacienda de Rep. Dominicana,2026-08-03,b58ebe2a4df1c364
Public Debt in Foreign Currency,fiscal year (Q4–Q3 aggregation),,Annual,03_Fiscal Accounts and Public Debt,03_Non Financial Public Sector,26,1,2000,2025,"Public Debt in Foreign Currency (Non-Financial Public Sector) refers to the outstanding stock of public debt denominated in foreign currencies, contracted by the non-financial public sector with both resident and non-resident creditors. It includes loans, bonds, and other financial instruments issued or payable in foreign currency. This indicator reflects exposure to exchange rate risk and external financial vulnerabilities.",Ministerio de Economía y Finanzas de Uruguay,2026-07-16,6f5f872a47af6f25
Public Debt in Foreign Currency,"fiscal year (Q4–Q3 aggregation), avg. of period",,Annual,03_Fiscal Accounts and Public Debt,01_Central Government,43,2,2004,2025,"Public Debt in Foreign Currency (Central Government) refers to the outstanding stock of public debt denominated in foreign currencies, contracted by the central government with both resident and non-resident creditors. It includes loans, bonds, and other financial instruments issued or payable in foreign currency. This indicator reflects exposure to exchange rate risk and external financial vulnerabilities.",Tesouro Nacional do Brasil,2026-07-16,f730a57e36666861
Public Debt in Foreign Currency,"fiscal year (Q4–Q3 aggregation), avg. of period",,Annual,03_Fiscal Accounts and Public Debt,03_Non Financial Public Sector,8,1,2018,2025,"Public Debt in Foreign Currency (Non-Financial Public Sector) refers to the outstanding stock of public debt denominated in foreign currencies, contracted by the non-financial public sector with both resident and non-resident creditors. It includes loans, bonds, and other financial instruments issued or payable in foreign currency. This indicator reflects exposure to exchange rate risk and external financial vulnerabilities.",Ministerio de Economía y Finanzas de Perú,2026-07-16,c909566d9c28acbd
Public Debt in Foreign Currency,"fiscal year (Q4–Q3 aggregation), end of period",,Annual,03_Fiscal Accounts and Public Debt,01_Central Government,43,2,2004,2025,"Public Debt in Foreign Currency (Central Government) refers to the outstanding stock of public debt denominated in foreign currencies, contracted by the central government with both resident and non-resident creditors. It includes loans, bonds, and other financial instruments issued or payable in foreign currency. This indicator reflects exposure to exchange rate risk and external financial vulnerabilities.",Tesouro Nacional do Brasil,2026-07-16,eeaf1d07ab93a385
Public Debt in Foreign Currency,"fiscal year (Q4–Q3 aggregation), end of period",,Annual,03_Fiscal Accounts and Public Debt,03_Non Financial Public Sector,18,2,2016,2025,"Public Debt in Foreign Currency (Non-Financial Public Sector) refers to the outstanding stock of public debt denominated in foreign currencies, contracted by the non-financial public sector with both resident and non-resident creditors. It includes loans, bonds, and other financial instruments issued or payable in foreign currency. This indicator reflects exposure to exchange rate risk and external financial vulnerabilities.",Ministerio de Economía y Hacienda de Rep. Dominicana,2026-08-03,9b2379334685a681
Public Debt in Foreign Currency,"millions of USD, avg. of period",YoY %,Annual,03_Fiscal Accounts and Public Debt,01_Central Government,43,2,2004,2025,"Public Debt in Foreign Currency (Central Government) refers to the outstanding stock of public debt denominated in foreign currencies, contracted by the central government with both resident and non-resident creditors. It includes loans, bonds, and other financial instruments issued or payable in foreign currency. This indicator reflects exposure to exchange rate risk and external financial vulnerabilities.",Tesouro Nacional do Brasil,2026-07-16,aed9d7d6f56d56e3
Public Debt in Foreign Currency,"millions of USD, avg. of period",YoY %,Annual,03_Fiscal Accounts and Public Debt,03_Non Financial Public Sector,43,3,2001,2025,"Public Debt in Foreign Currency (Non-Financial Public Sector) refers to the outstanding stock of public debt denominated in foreign currencies, contracted by the non-financial public sector with both resident and non-resident creditors. It includes loans, bonds, and other financial instruments issued or payable in foreign currency. This indicator reflects exposure to exchange rate risk and external financial vulnerabilities.",Ministerio de Economía y Hacienda de Rep. Dominicana,2026-08-03,c5e919509aa3ce4c
Public Debt in Foreign Currency,"millions of USD, avg. of period",,Annual,03_Fiscal Accounts and Public Debt,01_Central Government,45,2,2003,2025,"Public Debt in Foreign Currency (Central Government) refers to the outstanding stock of public debt denominated in foreign currencies, contracted by the central government with both resident and non-resident creditors. It includes loans, bonds, and other financial instruments issued or payable in foreign currency. This indicator reflects exposure to exchange rate risk and external financial vulnerabilities.",Tesouro Nacional do Brasil,2026-07-16,8c8258cff503df58
Public Debt in Foreign Currency,"millions of USD, avg. of period",,Annual,03_Fiscal Accounts and Public Debt,03_Non Financial Public Sector,46,3,2000,2025,"Public Debt in Foreign Currency (Non-Financial Public Sector) refers to the outstanding stock of public debt denominated in foreign currencies, contracted by the non-financial public sector with both resident and non-resident creditors. It includes loans, bonds, and other financial instruments issued or payable in foreign currency. This indicator reflects exposure to exchange rate risk and external financial vulnerabilities.",Ministerio de Economía y Hacienda de Rep. Dominicana,2026-08-03,de26389c5b6a8517
Public Debt in Foreign Currency,"millions of USD, end of period",YoY %,Annual,03_Fiscal Accounts and Public Debt,01_Central Government,51,2,1996,2025,"Public Debt in Foreign Currency (Central Government) refers to the outstanding stock of public debt denominated in foreign currencies, contracted by the central government with both resident and non-resident creditors. It includes loans, bonds, and other financial instruments issued or payable in foreign currency. This indicator reflects exposure to exchange rate risk and external financial vulnerabilities.",Tesouro Nacional do Brasil,2026-07-16,e2d1fefb53dd86f4
Public Debt in Foreign Currency,"millions of USD, end of period",YoY %,Annual,03_Fiscal Accounts and Public Debt,03_Non Financial Public Sector,44,3,2000,2025,"Public Debt in Foreign Currency (Non-Financial Public Sector) refers to the outstanding stock of public debt denominated in foreign currencies, contracted by the non-financial public sector with both resident and non-resident creditors. It includes loans, bonds, and other financial instruments issued or payable in foreign currency. This indicator reflects exposure to exchange rate risk and external financial vulnerabilities.",Ministerio de Economía y Hacienda de Rep. Dominicana,2026-08-03,f901629e46c1da84
Public Debt in Foreign Currency,"millions of USD, end of period",,Annual,03_Fiscal Accounts and Public Debt,01_Central Government,53,2,1995,2025,"Public Debt in Foreign Currency (Central Government) refers to the outstanding stock of public debt denominated in foreign currencies, contracted by the central government with both resident and non-resident creditors. It includes loans, bonds, and other financial instruments issued or payable in foreign currency. This indicator reflects exposure to exchange rate risk and external financial vulnerabilities.",Tesouro Nacional do Brasil,2026-07-16,493baafa90f89a2a
Public Debt in Foreign Currency,"millions of USD, end of period",,Annual,03_Fiscal Accounts and Public Debt,03_Non Financial Public Sector,47,3,1999,2025,"Public Debt in Foreign Currency (Non-Financial Public Sector) refers to the outstanding stock of public debt denominated in foreign currencies, contracted by the non-financial public sector with both resident and non-resident creditors. It includes loans, bonds, and other financial instruments issued or payable in foreign currency. This indicator reflects exposure to exchange rate risk and external financial vulnerabilities.",Ministerio de Economía y Hacienda de Rep. Dominicana,2026-08-03,89b7cab0cf6c0cbc
Public External Debt,"% of GDP, avg. of period",,Annual,04_External Accounts,03_External Debt,317,14,1990,2025,"Public external debt is the stock of outstanding debt owed by the public sector of a country to nonresidents. It includes the obligations of all entities that report under public external debt statistics, such as the central government, local governments and public enterprises. These obligations may take the form of loans, bonds or other financial liabilities denominated in foreign or domestic currency, provided the creditors are abroad. This indicator reflects the external borrowing of the public sector and its exposure to foreign financial risks. The definition may vary by country.",INDEC - Argentina,2026-07-16,f81f29d6a1d8bc5d
Public External Debt,"% of GDP, end of period",,Annual,04_External Accounts,03_External Debt,321,14,1990,2025,"Public external debt is the stock of outstanding debt owed by the public sector of a country to nonresidents. It includes the obligations of all entities that report under public external debt statistics, such as the central government, local governments and public enterprises. These obligations may take the form of loans, bonds or other financial liabilities denominated in foreign or domestic currency, provided the creditors are abroad. This indicator reflects the external borrowing of the public sector and its exposure to foreign financial risks. The definition may vary by country.",INDEC - Argentina,2026-07-16,d5d5a408ebba04cf
Public External Debt,"% of total exports, avg. of period",,Annual,04_External Accounts,03_External Debt,271,14,1995,2025,"Public external debt is the stock of outstanding debt owed by the public sector of a country to nonresidents. It includes the obligations of all entities that report under public external debt statistics, such as the central government, local governments and public enterprises. These obligations may take the form of loans, bonds or other financial liabilities denominated in foreign or domestic currency, provided the creditors are abroad. This indicator reflects the external borrowing of the public sector and its exposure to foreign financial risks. The definition may vary by country.",INDEC - Argentina,2026-07-16,9f302343e77fd2e5
Public External Debt,"% of total exports, end of period",,Annual,04_External Accounts,03_External Debt,273,14,1995,2025,"Public external debt is the stock of outstanding debt owed by the public sector of a country to nonresidents. It includes the obligations of all entities that report under public external debt statistics, such as the central government, local governments and public enterprises. These obligations may take the form of loans, bonds or other financial liabilities denominated in foreign or domestic currency, provided the creditors are abroad. This indicator reflects the external borrowing of the public sector and its exposure to foreign financial risks. The definition may vary by country.",INDEC - Argentina,2026-07-16,ab0408f6e1c04595
Public External Debt,"% of total external debt, avg. of period",,Annual,04_External Accounts,03_External Debt,292,14,1990,2025,"Public external debt is the stock of outstanding debt owed by the public sector of a country to nonresidents. It includes the obligations of all entities that report under public external debt statistics, such as the central government, local governments and public enterprises. These obligations may take the form of loans, bonds or other financial liabilities denominated in foreign or domestic currency, provided the creditors are abroad. This indicator reflects the external borrowing of the public sector and its exposure to foreign financial risks. The definition may vary by country.",INDEC - Argentina,2026-07-16,8f55da4cf098549a
Public External Debt,"% of total external debt, end of period",,Annual,04_External Accounts,03_External Debt,296,14,1990,2025,"Public external debt is the stock of outstanding debt owed by the public sector of a country to nonresidents. It includes the obligations of all entities that report under public external debt statistics, such as the central government, local governments and public enterprises. These obligations may take the form of loans, bonds or other financial liabilities denominated in foreign or domestic currency, provided the creditors are abroad. This indicator reflects the external borrowing of the public sector and its exposure to foreign financial risks. The definition may vary by country.",INDEC - Argentina,2026-07-16,575003cba0afa200
Public External Debt,"% of total imports, avg. of period",,Annual,04_External Accounts,03_External Debt,271,14,1995,2025,"Public external debt is the stock of outstanding debt owed by the public sector of a country to nonresidents. It includes the obligations of all entities that report under public external debt statistics, such as the central government, local governments and public enterprises. These obligations may take the form of loans, bonds or other financial liabilities denominated in foreign or domestic currency, provided the creditors are abroad. This indicator reflects the external borrowing of the public sector and its exposure to foreign financial risks. The definition may vary by country.",INDEC - Argentina,2026-07-16,3eef80052e1e213d
Public External Debt,"% of total imports, end of period",,Annual,04_External Accounts,03_External Debt,273,14,1995,2025,"Public external debt is the stock of outstanding debt owed by the public sector of a country to nonresidents. It includes the obligations of all entities that report under public external debt statistics, such as the central government, local governments and public enterprises. These obligations may take the form of loans, bonds or other financial liabilities denominated in foreign or domestic currency, provided the creditors are abroad. This indicator reflects the external borrowing of the public sector and its exposure to foreign financial risks. The definition may vary by country.",INDEC - Argentina,2026-07-16,668e7d641be28508
Public External Debt,fiscal year (Q4–Q3 aggregation),,Annual,04_External Accounts,03_External Debt,185,9,1991,2025,"Public external debt is the stock of outstanding debt owed by the public sector of a country to nonresidents. It includes the obligations of all entities that report under public external debt statistics, such as the central government, local governments and public enterprises. These obligations may take the form of loans, bonds or other financial liabilities denominated in foreign or domestic currency, provided the creditors are abroad. This indicator reflects the external borrowing of the public sector and its exposure to foreign financial risks. The definition may vary by country.",Banco Central do Brasil,2026-07-16,0679eee1d9142b33
Public External Debt,"fiscal year (Q4–Q3 aggregation), avg. of period",,Annual,04_External Accounts,03_External Debt,104,4,1991,2025,"Public external debt is the stock of outstanding debt owed by the public sector of a country to nonresidents. It includes the obligations of all entities that report under public external debt statistics, such as the central government, local governments and public enterprises. These obligations may take the form of loans, bonds or other financial liabilities denominated in foreign or domestic currency, provided the creditors are abroad. This indicator reflects the external borrowing of the public sector and its exposure to foreign financial risks. The definition may vary by country.",The Central Bank of Belize,2026-07-16,326dc077b9d0fa43
Public External Debt,"fiscal year (Q4–Q3 aggregation), end of period",,Annual,04_External Accounts,03_External Debt,123,5,1991,2025,"Public external debt is the stock of outstanding debt owed by the public sector of a country to nonresidents. It includes the obligations of all entities that report under public external debt statistics, such as the central government, local governments and public enterprises. These obligations may take the form of loans, bonds or other financial liabilities denominated in foreign or domestic currency, provided the creditors are abroad. This indicator reflects the external borrowing of the public sector and its exposure to foreign financial risks. The definition may vary by country.",INDEC - Argentina,2026-07-16,58fbaf3d458ab2cd
Public External Debt,"millions of USD, avg. of period",YoY %,Annual,04_External Accounts,03_External Debt,311,14,1991,2025,"Public external debt is the stock of outstanding debt owed by the public sector of a country to nonresidents. It includes the obligations of all entities that report under public external debt statistics, such as the central government, local governments and public enterprises. These obligations may take the form of loans, bonds or other financial liabilities denominated in foreign or domestic currency, provided the creditors are abroad. This indicator reflects the external borrowing of the public sector and its exposure to foreign financial risks. The definition may vary by country.",INDEC - Argentina,2026-07-16,fec88d78db228b23
Public External Debt,"millions of USD, avg. of period",,Annual,04_External Accounts,03_External Debt,325,14,1990,2025,"Public external debt is the stock of outstanding debt owed by the public sector of a country to nonresidents. It includes the obligations of all entities that report under public external debt statistics, such as the central government, local governments and public enterprises. These obligations may take the form of loans, bonds or other financial liabilities denominated in foreign or domestic currency, provided the creditors are abroad. This indicator reflects the external borrowing of the public sector and its exposure to foreign financial risks. The definition may vary by country.",INDEC - Argentina,2026-07-16,ee63a1e89f384156
Public External Debt,"millions of USD, end of period",YoY %,Annual,04_External Accounts,03_External Debt,315,14,1991,2025,"Public external debt is the stock of outstanding debt owed by the public sector of a country to nonresidents. It includes the obligations of all entities that report under public external debt statistics, such as the central government, local governments and public enterprises. These obligations may take the form of loans, bonds or other financial liabilities denominated in foreign or domestic currency, provided the creditors are abroad. This indicator reflects the external borrowing of the public sector and its exposure to foreign financial risks. The definition may vary by country.",INDEC - Argentina,2026-07-16,c4b4018be986edc6
Public External Debt,"millions of USD, end of period",,Annual,04_External Accounts,03_External Debt,329,14,1990,2025,"Public external debt is the stock of outstanding debt owed by the public sector of a country to nonresidents. It includes the obligations of all entities that report under public external debt statistics, such as the central government, local governments and public enterprises. These obligations may take the form of loans, bonds or other financial liabilities denominated in foreign or domestic currency, provided the creditors are abroad. This indicator reflects the external borrowing of the public sector and its exposure to foreign financial risks. The definition may vary by country.",INDEC - Argentina,2026-07-16,2394252f68071cfb
Quasi-money,"% of GDP, avg. of period",,Annual,05_Money and Banking,01_Money Aggregates,531,20,1990,2025,"Quasi-money is defined as M3 minus M1. It includes highly liquid financial assets that are not immediately usable for payments but can be quickly converted into cash or demand deposits at low cost. It typically covers savings deposits, small time deposits and foreign currency deposits held by residents.",Internal calculations based on BCRA,2026-07-16,c46593dce49802e8
Quasi-money,"% of GDP, end of period",,Annual,05_Money and Banking,01_Money Aggregates,534,20,1990,2025,"Quasi-money is defined as M3 minus M1. It includes highly liquid financial assets that are not immediately usable for payments but can be quickly converted into cash or demand deposits at low cost. It typically covers savings deposits, small time deposits and foreign currency deposits held by residents.",Internal calculations based on BCRA,2026-07-16,ad38e100fac6deb6
Quasi-money,"constant prices – CPI-deflated, avg. of period",,Annual,05_Money and Banking,01_Money Aggregates,549,20,1990,2025,"Quasi-money is defined as M3 minus M1. It includes highly liquid financial assets that are not immediately usable for payments but can be quickly converted into cash or demand deposits at low cost. It typically covers savings deposits, small time deposits and foreign currency deposits held by residents.",Internal calculations based on BCRA,2026-07-16,cdbe26593fc41708
Quasi-money,"constant prices – CPI-deflated, end of period",,Annual,05_Money and Banking,01_Money Aggregates,535,20,1990,2025,"Quasi-money is defined as M3 minus M1. It includes highly liquid financial assets that are not immediately usable for payments but can be quickly converted into cash or demand deposits at low cost. It typically covers savings deposits, small time deposits and foreign currency deposits held by residents.",Internal calculations based on BCRA,2026-07-16,eac61633e2ae6fcc
Quasi-money,"millions of USD, avg. of period",YoY %,Annual,05_Money and Banking,01_Money Aggregates,547,20,1991,2025,"Quasi-money is defined as M3 minus M1. It includes highly liquid financial assets that are not immediately usable for payments but can be quickly converted into cash or demand deposits at low cost. It typically covers savings deposits, small time deposits and foreign currency deposits held by residents.",Internal calculations based on BCRA,2026-07-16,cd97e62434fba8df
Quasi-money,"millions of USD, avg. of period",,Annual,05_Money and Banking,01_Money Aggregates,567,20,1990,2025,"Quasi-money is defined as M3 minus M1. It includes highly liquid financial assets that are not immediately usable for payments but can be quickly converted into cash or demand deposits at low cost. It typically covers savings deposits, small time deposits and foreign currency deposits held by residents.",Internal calculations based on BCRA,2026-07-16,3665a33f36978c95
Quasi-money,"millions of USD, end of period",YoY %,Annual,05_Money and Banking,01_Money Aggregates,551,20,1991,2025,"Quasi-money is defined as M3 minus M1. It includes highly liquid financial assets that are not immediately usable for payments but can be quickly converted into cash or demand deposits at low cost. It typically covers savings deposits, small time deposits and foreign currency deposits held by residents.",Internal calculations based on BCRA,2026-07-16,ae5a155edf1ea403
Quasi-money,"millions of USD, end of period",,Annual,05_Money and Banking,01_Money Aggregates,571,20,1990,2025,"Quasi-money is defined as M3 minus M1. It includes highly liquid financial assets that are not immediately usable for payments but can be quickly converted into cash or demand deposits at low cost. It typically covers savings deposits, small time deposits and foreign currency deposits held by residents.",Internal calculations based on BCRA,2026-07-16,74c5b858b681a3c7
Quasi-money,"millions of domestic currency, avg. of period",YoY %,Annual,05_Money and Banking,01_Money Aggregates,549,20,1991,2025,"Quasi-money is defined as M3 minus M1. It includes highly liquid financial assets that are not immediately usable for payments but can be quickly converted into cash or demand deposits at low cost. It typically covers savings deposits, small time deposits and foreign currency deposits held by residents.",Internal calculations based on BCRA,2026-07-16,85f1176e08079973
Quasi-money,"millions of domestic currency, avg. of period",,Annual,05_Money and Banking,01_Money Aggregates,569,20,1990,2025,"Quasi-money is defined as M3 minus M1. It includes highly liquid financial assets that are not immediately usable for payments but can be quickly converted into cash or demand deposits at low cost. It typically covers savings deposits, small time deposits and foreign currency deposits held by residents.",Internal calculations based on BCRA,2026-07-16,9484ad6cf3964d99
Quasi-money,"millions of domestic currency, end of period",YoY %,Annual,05_Money and Banking,01_Money Aggregates,553,20,1991,2025,"Quasi-money is defined as M3 minus M1. It includes highly liquid financial assets that are not immediately usable for payments but can be quickly converted into cash or demand deposits at low cost. It typically covers savings deposits, small time deposits and foreign currency deposits held by residents.",Internal calculations based on BCRA,2026-07-16,88028e272733634c
Quasi-money,"millions of domestic currency, end of period",,Annual,05_Money and Banking,01_Money Aggregates,573,20,1990,2025,"Quasi-money is defined as M3 minus M1. It includes highly liquid financial assets that are not immediately usable for payments but can be quickly converted into cash or demand deposits at low cost. It typically covers savings deposits, small time deposits and foreign currency deposits held by residents.",Internal calculations based on BCRA,2026-07-16,9fe4dd8ebf098010
RER Bilateral vis à vis the US$,"index (2023 = 100), avg. of period",YoY %,Annual,02_Prices and Wages,03_Real Exchange Rates,699,23,1991,2025,The Real Exchange Rate (RER) bilateral vis-à-vis the US dollar is an index that measures the relative price of domestic goods and services compared to those of the United States. It is calculated by adjusting the nominal exchange rate with the ratio of the domestic Consumer Price Index (CPI) to the U.S. CPI.,Internal calculations based on BCRA,2026-07-16,9da63ebec62a333e
RER Bilateral vis à vis the US$,"index (2023 = 100), avg. of period",,Annual,02_Prices and Wages,03_Real Exchange Rates,722,23,1990,2025,The Real Exchange Rate (RER) bilateral vis-à-vis the US dollar is an index that measures the relative price of domestic goods and services compared to those of the United States. It is calculated by adjusting the nominal exchange rate with the ratio of the domestic Consumer Price Index (CPI) to the U.S. CPI.,Internal calculations based on BCRA,2026-07-16,8bf63cd224f0a001
RER Bilateral vis à vis the US$,"index (2023 = 100), end of period",YoY %,Annual,02_Prices and Wages,03_Real Exchange Rates,708,23,1991,2025,The Real Exchange Rate (RER) bilateral vis-à-vis the US dollar is an index that measures the relative price of domestic goods and services compared to those of the United States. It is calculated by adjusting the nominal exchange rate with the ratio of the domestic Consumer Price Index (CPI) to the U.S. CPI.,Internal calculations based on BCRA,2026-07-16,242c16fe7e2b391e
RER Bilateral vis à vis the US$,"index (2023 = 100), end of period",,Annual,02_Prices and Wages,03_Real Exchange Rates,731,23,1990,2025,The Real Exchange Rate (RER) bilateral vis-à-vis the US dollar is an index that measures the relative price of domestic goods and services compared to those of the United States. It is calculated by adjusting the nominal exchange rate with the ratio of the domestic Consumer Price Index (CPI) to the U.S. CPI.,Internal calculations based on BCRA,2026-07-16,2f2f6aaab8e55aac
RER Bilateral vis à vis the US$,"index, avg. of period",YoY %,Annual,02_Prices and Wages,03_Real Exchange Rates,699,23,1991,2025,The Real Exchange Rate (RER) bilateral vis-à-vis the US dollar is an index that measures the relative price of domestic goods and services compared to those of the United States. It is calculated by adjusting the nominal exchange rate with the ratio of the domestic Consumer Price Index (CPI) to the U.S. CPI.,Internal calculations based on BCRA,2026-07-16,b4539f4c1084c0e1
RER Bilateral vis à vis the US$,"index, avg. of period",,Annual,02_Prices and Wages,03_Real Exchange Rates,722,23,1990,2025,The Real Exchange Rate (RER) bilateral vis-à-vis the US dollar is an index that measures the relative price of domestic goods and services compared to those of the United States. It is calculated by adjusting the nominal exchange rate with the ratio of the domestic Consumer Price Index (CPI) to the U.S. CPI.,Internal calculations based on BCRA,2026-07-16,4fa76210b28f2eab
RER Bilateral vis à vis the US$,"index, end of period",YoY %,Annual,02_Prices and Wages,03_Real Exchange Rates,708,23,1991,2025,The Real Exchange Rate (RER) bilateral vis-à-vis the US dollar is an index that measures the relative price of domestic goods and services compared to those of the United States. It is calculated by adjusting the nominal exchange rate with the ratio of the domestic Consumer Price Index (CPI) to the U.S. CPI.,Internal calculations based on BCRA,2026-07-16,3d860a66dee7c4dd
RER Bilateral vis à vis the US$,"index, end of period",,Annual,02_Prices and Wages,03_Real Exchange Rates,731,23,1990,2025,The Real Exchange Rate (RER) bilateral vis-à-vis the US dollar is an index that measures the relative price of domestic goods and services compared to those of the United States. It is calculated by adjusting the nominal exchange rate with the ratio of the domestic Consumer Price Index (CPI) to the U.S. CPI.,Internal calculations based on BCRA,2026-07-16,59dbf8456aab794b
Ratio of Broad Money to Monetary Base (M3/M0),"ratio, avg. of period",,Annual,05_Money and Banking,01_Money Aggregates,556,19,1990,2025,The ratio of broad money to the monetary base (M3/M0) measures how many units of broad money are supported by each unit of the monetary base. It is an indicator of the degree of money creation by the banking system.,Internal calculations based on BCRA,2026-07-16,baff0004255a4048
Ratio of Broad Money to Monetary Base (M3/M0),"ratio, end of period",,Annual,05_Money and Banking,01_Money Aggregates,559,19,1990,2025,The ratio of broad money to the monetary base (M3/M0) measures how many units of broad money are supported by each unit of the monetary base. It is an indicator of the degree of money creation by the banking system.,Internal calculations based on BCRA,2026-07-16,7f85831c9b61563e
Ratio of Reserves to Monetary Base (R/M0),"ratio, avg. of period",,Annual,05_Money and Banking,01_Money Aggregates,519,18,1990,2025,The ratio of reserves to the monetary base (R/M0) measures the share of the monetary base accounted for by bank reserves at the central bank. It provides information on the composition of the base between reserves and currency in circulation.,Internal calculations based on BCRA,2026-07-16,ab84bc00f4d1ac14
Ratio of Reserves to Monetary Base (R/M0),"ratio, end of period",,Annual,05_Money and Banking,01_Money Aggregates,521,18,1990,2025,The ratio of reserves to the monetary base (R/M0) measures the share of the monetary base accounted for by bank reserves at the central bank. It provides information on the composition of the base between reserves and currency in circulation.,Internal calculations based on BCRA,2026-07-16,2c76272e604cf668
Re-exports (Trade Balance),% of GDP,,Annual,04_External Accounts,02_Trade Balance,100,4,1990,2025,"Re-exports (Trade Balance) are the value of foreign goods that were previously imported and are subsequently exported to the rest of the world in substantially the same condition as imported, without significant transformation, based on customs data. Re-exports are a sub-component of total customs exports. This measure covers only goods, excludes services and relies on customs declarations.",Barbados Statistical Service,2026-07-16,bb5bc4e5e4a48c28
Re-exports (Trade Balance),millions of USD,YoY %,Annual,04_External Accounts,02_Trade Balance,121,4,1991,2025,"Re-exports (Trade Balance) are the value of foreign goods that were previously imported and are subsequently exported to the rest of the world in substantially the same condition as imported, without significant transformation, based on customs data. Re-exports are a sub-component of total customs exports. This measure covers only goods, excludes services and relies on customs declarations.",Barbados Statistical Service,2026-07-16,5d2ea7b03fec13b8
Re-exports (Trade Balance),millions of USD,,Annual,04_External Accounts,02_Trade Balance,125,4,1990,2025,"Re-exports (Trade Balance) are the value of foreign goods that were previously imported and are subsequently exported to the rest of the world in substantially the same condition as imported, without significant transformation, based on customs data. Re-exports are a sub-component of total customs exports. This measure covers only goods, excludes services and relies on customs declarations.",Barbados Statistical Service,2026-07-16,0aebeaceb1081042
"Remittances, Net",% of GDP,,Annual,04_External Accounts,01_Balance of Payments,384,20,1996,2025,Net remittances are the balance between remittances received from abroad and remittances sent abroad by residents. They represent a component of secondary income in the current account of the balance of payments and measure the net transfer of resources associated with cross-border personal transfers.,INDEC - Argentina,2026-07-16,a32de23434bdad43
"Remittances, Net",% of total exports,,Annual,04_External Accounts,01_Balance of Payments,381,20,1995,2025,Net remittances are the balance between remittances received from abroad and remittances sent abroad by residents. They represent a component of secondary income in the current account of the balance of payments and measure the net transfer of resources associated with cross-border personal transfers.,INDEC - Argentina,2026-07-16,24d4b0254ce61591
"Remittances, Net",% of total imports,,Annual,04_External Accounts,01_Balance of Payments,381,20,1995,2025,Net remittances are the balance between remittances received from abroad and remittances sent abroad by residents. They represent a component of secondary income in the current account of the balance of payments and measure the net transfer of resources associated with cross-border personal transfers.,INDEC - Argentina,2026-07-16,b373e2e4e493d122
"Remittances, Net",fiscal year (Q4–Q3 aggregation),,Annual,04_External Accounts,01_Balance of Payments,343,19,1996,2025,Net remittances are the balance between remittances received from abroad and remittances sent abroad by residents. They represent a component of secondary income in the current account of the balance of payments and measure the net transfer of resources associated with cross-border personal transfers.,INDEC - Argentina,2026-07-16,df0f581139469ade
"Remittances, Net",millions of USD,,Annual,04_External Accounts,01_Balance of Payments,393,20,1995,2025,Net remittances are the balance between remittances received from abroad and remittances sent abroad by residents. They represent a component of secondary income in the current account of the balance of payments and measure the net transfer of resources associated with cross-border personal transfers.,INDEC - Argentina,2026-07-16,1da96137a275a3e1
"Remittances, Received",% of GDP,,Annual,04_External Accounts,01_Balance of Payments,193,9,2000,2025,"Remittances, Received are the personal transfers received from abroad by resident households, typically from family members working as nonresidents. Recorded as a credit under secondary income in the current account.",INDEC - Argentina,2026-07-16,55b4d2ae0ef87810
"Remittances, Received",millions of USD,,Annual,04_External Accounts,01_Balance of Payments,198,9,1999,2025,"Remittances, Received are the personal transfers received from abroad by resident households, typically from family members working as nonresidents. Recorded as a credit under secondary income in the current account.",INDEC - Argentina,2026-07-16,1e41c5ad9a067940
"Remittances, Sent",% of GDP,,Annual,04_External Accounts,01_Balance of Payments,185,10,2000,2025,"Remittances, Sent are the personal transfers sent abroad by resident households to nonresident households. Recorded as a debit under secondary income in the current account.",INDEC - Argentina,2026-07-16,638c573cfe9d5e2e
"Remittances, Sent",millions of USD,,Annual,04_External Accounts,01_Balance of Payments,190,10,1999,2025,"Remittances, Sent are the personal transfers sent abroad by resident households to nonresident households. Recorded as a debit under secondary income in the current account.",INDEC - Argentina,2026-07-16,0ffac51def29442a
Reserve Assets,% of GDP,,Annual,04_External Accounts,01_Balance of Payments,467,23,1990,2025,"Reserve Assets (BOP) are the net transactions in reserve assets recorded in the financial account: the change in the monetary authority's reserve assets, which are external claims held on nonresidents, arising from transactions during the period and excluding valuation changes and other adjustments. It is a flow and differs from the stock of Gross International Reserves.",INDEC - Argentina,2026-07-16,35a68836ee0b693a
Reserve Assets,"% of GDP, avg. of period",,Annual,04_External Accounts,05_International Investment Position,250,15,2000,2025,"Reserve assets (IIP) represent the stock of financial claims on nonresidents that are held by and under the effective control of monetary authorities. The instruments included are foreign currency deposits and securities held abroad, monetary gold, Special Drawing Rights (SDRs), and reserve positions in the IMF.",INDEC - Argentina,2026-07-16,653b2fea1fecb620
Reserve Assets,"% of GDP, end of period",,Annual,04_External Accounts,05_International Investment Position,254,15,1999,2025,"Reserve assets (IIP) represent the stock of financial claims on nonresidents that are held by and under the effective control of monetary authorities. The instruments included are foreign currency deposits and securities held abroad, monetary gold, Special Drawing Rights (SDRs), and reserve positions in the IMF.",INDEC - Argentina,2026-07-16,ef853480d3bf9f4a
Reserve Assets,millions of USD,,Annual,04_External Accounts,01_Balance of Payments,516,24,1990,2025,"Reserve Assets (BOP) are the net transactions in reserve assets recorded in the financial account: the change in the monetary authority's reserve assets, which are external claims held on nonresidents, arising from transactions during the period and excluding valuation changes and other adjustments. It is a flow and differs from the stock of Gross International Reserves.",INDEC - Argentina,2026-07-16,21ea26e54ecaacc4
Reserve Assets,"millions of USD, avg. of period",YoY %,Annual,04_External Accounts,05_International Investment Position,238,15,2001,2025,"Reserve assets (IIP) represent the stock of financial claims on nonresidents that are held by and under the effective control of monetary authorities. The instruments included are foreign currency deposits and securities held abroad, monetary gold, Special Drawing Rights (SDRs), and reserve positions in the IMF.",INDEC - Argentina,2026-07-16,eb11bf01e22f4b8c
Reserve Assets,"millions of USD, avg. of period",,Annual,04_External Accounts,05_International Investment Position,253,15,2000,2025,"Reserve assets (IIP) represent the stock of financial claims on nonresidents that are held by and under the effective control of monetary authorities. The instruments included are foreign currency deposits and securities held abroad, monetary gold, Special Drawing Rights (SDRs), and reserve positions in the IMF.",INDEC - Argentina,2026-07-16,34c5042e281ed592
Reserve Assets,"millions of USD, end of period",YoY %,Annual,04_External Accounts,05_International Investment Position,242,15,2000,2025,"Reserve assets (IIP) represent the stock of financial claims on nonresidents that are held by and under the effective control of monetary authorities. The instruments included are foreign currency deposits and securities held abroad, monetary gold, Special Drawing Rights (SDRs), and reserve positions in the IMF.",INDEC - Argentina,2026-07-16,8f1a6e4d34900b11
Reserve Assets,"millions of USD, end of period",,Annual,04_External Accounts,05_International Investment Position,257,15,1999,2025,"Reserve assets (IIP) represent the stock of financial claims on nonresidents that are held by and under the effective control of monetary authorities. The instruments included are foreign currency deposits and securities held abroad, monetary gold, Special Drawing Rights (SDRs), and reserve positions in the IMF.",INDEC - Argentina,2026-07-16,312de1ed6619adc8
SDR Holdings,"% of GDP, avg. of period",,Annual,04_External Accounts,04_Stock of International Reserves,320,13,1990,2025,Holdings of Special Drawing Rights (SDRs) are the portion of international reserves held in the form of SDRs allocated by the International Monetary Fund (IMF). SDRs are an international reserve asset created by the IMF and can be exchanged among member countries to supplement official reserves.,Central Bank of Barbados,2026-07-16,3d6474dd841f4622
SDR Holdings,"% of GDP, end of period",,Annual,04_External Accounts,04_Stock of International Reserves,322,13,1990,2025,Holdings of Special Drawing Rights (SDRs) are the portion of international reserves held in the form of SDRs allocated by the International Monetary Fund (IMF). SDRs are an international reserve asset created by the IMF and can be exchanged among member countries to supplement official reserves.,Central Bank of Barbados,2026-07-16,567c5e349e7e436b
SDR Holdings,"millions of USD, avg. of period",YoY %,Annual,04_External Accounts,04_Stock of International Reserves,307,13,1991,2025,Holdings of Special Drawing Rights (SDRs) are the portion of international reserves held in the form of SDRs allocated by the International Monetary Fund (IMF). SDRs are an international reserve asset created by the IMF and can be exchanged among member countries to supplement official reserves.,Central Bank of Barbados,2026-07-16,77b5cf3a9c5e5ac0
SDR Holdings,"millions of USD, avg. of period",,Annual,04_External Accounts,04_Stock of International Reserves,339,13,1990,2025,Holdings of Special Drawing Rights (SDRs) are the portion of international reserves held in the form of SDRs allocated by the International Monetary Fund (IMF). SDRs are an international reserve asset created by the IMF and can be exchanged among member countries to supplement official reserves.,Central Bank of Barbados,2026-07-16,ca7a3dfb65f90765
SDR Holdings,"millions of USD, end of period",YoY %,Annual,04_External Accounts,04_Stock of International Reserves,309,13,1991,2025,Holdings of Special Drawing Rights (SDRs) are the portion of international reserves held in the form of SDRs allocated by the International Monetary Fund (IMF). SDRs are an international reserve asset created by the IMF and can be exchanged among member countries to supplement official reserves.,Central Bank of Barbados,2026-07-16,f0df2122dda76666
SDR Holdings,"millions of USD, end of period",,Annual,04_External Accounts,04_Stock of International Reserves,343,13,1990,2025,Holdings of Special Drawing Rights (SDRs) are the portion of international reserves held in the form of SDRs allocated by the International Monetary Fund (IMF). SDRs are an international reserve asset created by the IMF and can be exchanged among member countries to supplement official reserves.,Central Bank of Barbados,2026-07-16,7e21624763105394
Saving Deposits,"% of GDP, avg. of period",,Annual,05_Money and Banking,02_Bank Deposits,664,25,1990,2025,"Saving deposits are deposits held by residents in depository institutions that earn interest and can usually be withdrawn on demand, though with certain restrictions.",Banco Central de la República Argentina,2026-07-16,ee941618abb39a5a
Saving Deposits,"% of GDP, end of period",,Annual,05_Money and Banking,02_Bank Deposits,686,25,1990,2025,"Saving deposits are deposits held by residents in depository institutions that earn interest and can usually be withdrawn on demand, though with certain restrictions.",Banco Central de la República Argentina,2026-07-16,98f71a091411a520
Saving Deposits,"% of M2, avg. of period",,Annual,05_Money and Banking,02_Bank Deposits,688,24,1990,2025,"Saving deposits are deposits held by residents in depository institutions that earn interest and can usually be withdrawn on demand, though with certain restrictions.",Banco Central de la República Argentina,2026-07-16,455ab369909c2cd4
Saving Deposits,"% of M2, end of period",,Annual,05_Money and Banking,02_Bank Deposits,693,24,1990,2025,"Saving deposits are deposits held by residents in depository institutions that earn interest and can usually be withdrawn on demand, though with certain restrictions.",Banco Central de la República Argentina,2026-07-16,5ae12fe12f0034ce
Saving Deposits,"% of total deposits, avg. of period",,Annual,05_Money and Banking,02_Bank Deposits,683,24,1990,2025,"Saving deposits are deposits held by residents in depository institutions that earn interest and can usually be withdrawn on demand, though with certain restrictions.",Banco Central de la República Argentina,2026-07-16,9c66834d48d0f73c
Saving Deposits,"% of total deposits, end of period",,Annual,05_Money and Banking,02_Bank Deposits,699,24,1990,2025,"Saving deposits are deposits held by residents in depository institutions that earn interest and can usually be withdrawn on demand, though with certain restrictions.",Banco Central de la República Argentina,2026-07-16,2d8abf0034b6f0b1
Saving Deposits,"constant prices – CPI-deflated, avg. of period",,Annual,05_Money and Banking,02_Bank Deposits,706,26,1990,2025,"Saving deposits are deposits held by residents in depository institutions that earn interest and can usually be withdrawn on demand, though with certain restrictions.",Banco Central de la República Argentina,2026-07-16,4ab56c14e18acd7c
Saving Deposits,"constant prices – CPI-deflated, end of period",,Annual,05_Money and Banking,02_Bank Deposits,716,26,1990,2025,"Saving deposits are deposits held by residents in depository institutions that earn interest and can usually be withdrawn on demand, though with certain restrictions.",Banco Central de la República Argentina,2026-07-16,64c20d238e241e32
Saving Deposits,"millions of USD, avg. of period",YoY %,Annual,05_Money and Banking,02_Bank Deposits,698,25,1991,2025,"Saving deposits are deposits held by residents in depository institutions that earn interest and can usually be withdrawn on demand, though with certain restrictions.",Banco Central de la República Argentina,2026-07-16,a6260487d34e3512
Saving Deposits,"millions of USD, avg. of period",,Annual,05_Money and Banking,02_Bank Deposits,723,25,1990,2025,"Saving deposits are deposits held by residents in depository institutions that earn interest and can usually be withdrawn on demand, though with certain restrictions.",Banco Central de la República Argentina,2026-07-16,7293c3fb8d15d6f5
Saving Deposits,"millions of USD, end of period",YoY %,Annual,05_Money and Banking,02_Bank Deposits,721,25,1991,2025,"Saving deposits are deposits held by residents in depository institutions that earn interest and can usually be withdrawn on demand, though with certain restrictions.",Banco Central de la República Argentina,2026-07-16,ae089bac3ddd6ad0
Saving Deposits,"millions of USD, end of period",,Annual,05_Money and Banking,02_Bank Deposits,745,25,1990,2025,"Saving deposits are deposits held by residents in depository institutions that earn interest and can usually be withdrawn on demand, though with certain restrictions.",Banco Central de la República Argentina,2026-07-16,0199fd336d5054f1
Saving Deposits,"millions of domestic currency, avg. of period",YoY %,Annual,05_Money and Banking,02_Bank Deposits,733,26,1991,2025,"Saving deposits are deposits held by residents in depository institutions that earn interest and can usually be withdrawn on demand, though with certain restrictions.",Banco Central de la República Argentina,2026-07-16,efb9d41a676f5af7
Saving Deposits,"millions of domestic currency, avg. of period",,Annual,05_Money and Banking,02_Bank Deposits,759,26,1990,2025,"Saving deposits are deposits held by residents in depository institutions that earn interest and can usually be withdrawn on demand, though with certain restrictions.",Banco Central de la República Argentina,2026-07-16,9f751bb35a736e2a
Saving Deposits,"millions of domestic currency, end of period",YoY %,Annual,05_Money and Banking,02_Bank Deposits,757,26,1991,2025,"Saving deposits are deposits held by residents in depository institutions that earn interest and can usually be withdrawn on demand, though with certain restrictions.",Banco Central de la República Argentina,2026-07-16,2e6c7c03745984ce
Saving Deposits,"millions of domestic currency, end of period",,Annual,05_Money and Banking,02_Bank Deposits,782,26,1990,2025,"Saving deposits are deposits held by residents in depository institutions that earn interest and can usually be withdrawn on demand, though with certain restrictions.",Banco Central de la República Argentina,2026-07-16,6154e6c0f218cd4b
"Secondary Income, Net",% of GDP,,Annual,04_External Accounts,01_Balance of Payments,482,24,1994,2025,"Secondary Income, Net (also referred to as unilateral current transfers, net) is the difference between current transfers received from abroad and those sent to the rest of the world, with no corresponding exchange of goods or services. These transfers include remittances, foreign aid, and pensions. Secondary income is recorded in the current account of the balance of payments and reflects one-way flows of resources between residents and non-residents.",INDEC - Argentina,2026-07-16,6b032b393c571915
"Secondary Income, Net",% of total exports,,Annual,04_External Accounts,01_Balance of Payments,501,24,1991,2025,"Secondary Income, Net (also referred to as unilateral current transfers, net) is the difference between current transfers received from abroad and those sent to the rest of the world, with no corresponding exchange of goods or services. These transfers include remittances, foreign aid, and pensions. Secondary income is recorded in the current account of the balance of payments and reflects one-way flows of resources between residents and non-residents.",INDEC - Argentina,2026-07-16,630e8bd14c1f67b4
"Secondary Income, Net",% of total imports,,Annual,04_External Accounts,01_Balance of Payments,501,24,1991,2025,"Secondary Income, Net (also referred to as unilateral current transfers, net) is the difference between current transfers received from abroad and those sent to the rest of the world, with no corresponding exchange of goods or services. These transfers include remittances, foreign aid, and pensions. Secondary income is recorded in the current account of the balance of payments and reflects one-way flows of resources between residents and non-residents.",INDEC - Argentina,2026-07-16,34ecf55caacbdf51
"Secondary Income, Net",fiscal year (Q4–Q3 aggregation),,Annual,04_External Accounts,01_Balance of Payments,456,24,1995,2025,"Secondary Income, Net (also referred to as unilateral current transfers, net) is the difference between current transfers received from abroad and those sent to the rest of the world, with no corresponding exchange of goods or services. These transfers include remittances, foreign aid, and pensions. Secondary income is recorded in the current account of the balance of payments and reflects one-way flows of resources between residents and non-residents.",INDEC - Argentina,2026-07-16,56fa56950d21068f
"Secondary Income, Net",millions of USD,,Annual,04_External Accounts,01_Balance of Payments,535,25,1991,2025,"Secondary Income, Net (also referred to as unilateral current transfers, net) is the difference between current transfers received from abroad and those sent to the rest of the world, with no corresponding exchange of goods or services. These transfers include remittances, foreign aid, and pensions. Secondary income is recorded in the current account of the balance of payments and reflects one-way flows of resources between residents and non-residents.",INDEC - Argentina,2026-07-16,a5019db5cd4a7216
Services Balance (BOP),% of GDP,,Annual,04_External Accounts,01_Balance of Payments,467,23,1990,2025,"Services Balance (Balance of Payments) is the difference between the value of services exported and the value of services imported by residents with non-residents. It covers categories such as transport, travel, financial services, telecommunications and professional services.",INDEC - Argentina,2026-07-16,275e96847331e993
Services Balance (BOP),fiscal year (Q4–Q3 aggregation),,Annual,04_External Accounts,01_Balance of Payments,428,23,1995,2025,"Services Balance (Balance of Payments) is the difference between the value of services exported and the value of services imported by residents with non-residents. It covers categories such as transport, travel, financial services, telecommunications and professional services.",INDEC - Argentina,2026-07-16,bc326bc0d0441242
Services Balance (BOP),millions of USD,,Annual,04_External Accounts,01_Balance of Payments,487,23,1990,2025,"Services Balance (Balance of Payments) is the difference between the value of services exported and the value of services imported by residents with non-residents. It covers categories such as transport, travel, financial services, telecommunications and professional services.",INDEC - Argentina,2026-07-16,56f1e0a403daf102
Short-term External Debt,"% of GDP, avg. of period",,Annual,04_External Accounts,03_External Debt,324,17,1996,2025,"Short-term external debt is the stock of outstanding debt owed by residents of a country, both public and private sectors, to nonresidents with an original maturity of one year or less. It includes loans, trade credits, deposits and other financial liabilities denominated in foreign or domestic currency, provided the creditors are abroad. This indicator is a key measure of rollover risk and short-term exposure to external financing pressures. The definition may vary by country.",INDEC - Argentina,2026-07-16,1fa2625a83d9cf8d
Short-term External Debt,"% of GDP, end of period",,Annual,04_External Accounts,03_External Debt,328,17,1996,2025,"Short-term external debt is the stock of outstanding debt owed by residents of a country, both public and private sectors, to nonresidents with an original maturity of one year or less. It includes loans, trade credits, deposits and other financial liabilities denominated in foreign or domestic currency, provided the creditors are abroad. This indicator is a key measure of rollover risk and short-term exposure to external financing pressures. The definition may vary by country.",INDEC - Argentina,2026-07-16,6e52647a17d7eb3e
Short-term External Debt,"% of total exports, avg. of period",,Annual,04_External Accounts,03_External Debt,314,17,1995,2025,"Short-term external debt is the stock of outstanding debt owed by residents of a country, both public and private sectors, to nonresidents with an original maturity of one year or less. It includes loans, trade credits, deposits and other financial liabilities denominated in foreign or domestic currency, provided the creditors are abroad. This indicator is a key measure of rollover risk and short-term exposure to external financing pressures. The definition may vary by country.",INDEC - Argentina,2026-07-16,97b82043bc6be3c2
Short-term External Debt,"% of total exports, end of period",,Annual,04_External Accounts,03_External Debt,316,17,1995,2025,"Short-term external debt is the stock of outstanding debt owed by residents of a country, both public and private sectors, to nonresidents with an original maturity of one year or less. It includes loans, trade credits, deposits and other financial liabilities denominated in foreign or domestic currency, provided the creditors are abroad. This indicator is a key measure of rollover risk and short-term exposure to external financing pressures. The definition may vary by country.",INDEC - Argentina,2026-07-16,c011e5960c64a38f
Short-term External Debt,"% of total external debt, avg. of period",,Annual,04_External Accounts,03_External Debt,335,17,1990,2026,"Short-term external debt is the stock of outstanding debt owed by residents of a country, both public and private sectors, to nonresidents with an original maturity of one year or less. It includes loans, trade credits, deposits and other financial liabilities denominated in foreign or domestic currency, provided the creditors are abroad. This indicator is a key measure of rollover risk and short-term exposure to external financing pressures. The definition may vary by country.",INDEC - Argentina,2026-07-16,05b7177e4f0902a5
Short-term External Debt,"% of total external debt, end of period",,Annual,04_External Accounts,03_External Debt,337,17,1990,2025,"Short-term external debt is the stock of outstanding debt owed by residents of a country, both public and private sectors, to nonresidents with an original maturity of one year or less. It includes loans, trade credits, deposits and other financial liabilities denominated in foreign or domestic currency, provided the creditors are abroad. This indicator is a key measure of rollover risk and short-term exposure to external financing pressures. The definition may vary by country.",INDEC - Argentina,2026-07-16,500b41bcfca99ad5
Short-term External Debt,"% of total imports, avg. of period",,Annual,04_External Accounts,03_External Debt,314,17,1995,2025,"Short-term external debt is the stock of outstanding debt owed by residents of a country, both public and private sectors, to nonresidents with an original maturity of one year or less. It includes loans, trade credits, deposits and other financial liabilities denominated in foreign or domestic currency, provided the creditors are abroad. This indicator is a key measure of rollover risk and short-term exposure to external financing pressures. The definition may vary by country.",INDEC - Argentina,2026-07-16,381399ca7952a551
Short-term External Debt,"% of total imports, end of period",,Annual,04_External Accounts,03_External Debt,316,17,1995,2025,"Short-term external debt is the stock of outstanding debt owed by residents of a country, both public and private sectors, to nonresidents with an original maturity of one year or less. It includes loans, trade credits, deposits and other financial liabilities denominated in foreign or domestic currency, provided the creditors are abroad. This indicator is a key measure of rollover risk and short-term exposure to external financing pressures. The definition may vary by country.",INDEC - Argentina,2026-07-16,18544f3c6c874897
Short-term External Debt,fiscal year (Q4–Q3 aggregation),,Annual,04_External Accounts,03_External Debt,269,15,1991,2026,"Short-term external debt is the stock of outstanding debt owed by residents of a country, both public and private sectors, to nonresidents with an original maturity of one year or less. It includes loans, trade credits, deposits and other financial liabilities denominated in foreign or domestic currency, provided the creditors are abroad. This indicator is a key measure of rollover risk and short-term exposure to external financing pressures. The definition may vary by country.",INDEC - Argentina,2026-07-16,04a1b6d3e630794d
Short-term External Debt,"fiscal year (Q4–Q3 aggregation), avg. of period",,Annual,04_External Accounts,03_External Debt,46,2,2002,2025,"Short-term external debt is the stock of outstanding debt owed by residents of a country, both public and private sectors, to nonresidents with an original maturity of one year or less. It includes loans, trade credits, deposits and other financial liabilities denominated in foreign or domestic currency, provided the creditors are abroad. This indicator is a key measure of rollover risk and short-term exposure to external financing pressures. The definition may vary by country.",Banco Central de Chile,2026-07-16,314087af41ee27ca
Short-term External Debt,"fiscal year (Q4–Q3 aggregation), end of period",,Annual,04_External Accounts,03_External Debt,46,2,2002,2025,"Short-term external debt is the stock of outstanding debt owed by residents of a country, both public and private sectors, to nonresidents with an original maturity of one year or less. It includes loans, trade credits, deposits and other financial liabilities denominated in foreign or domestic currency, provided the creditors are abroad. This indicator is a key measure of rollover risk and short-term exposure to external financing pressures. The definition may vary by country.",Banco Central de Chile,2026-07-16,a6cc36db93db34da
Short-term External Debt,"in months of total imports, avg. of period",,Annual,04_External Accounts,03_External Debt,314,17,1995,2025,"Short-term external debt is the stock of outstanding debt owed by residents of a country, both public and private sectors, to nonresidents with an original maturity of one year or less. It includes loans, trade credits, deposits and other financial liabilities denominated in foreign or domestic currency, provided the creditors are abroad. This indicator is a key measure of rollover risk and short-term exposure to external financing pressures. The definition may vary by country.",INDEC - Argentina,2026-07-16,12c5fc0834756096
Short-term External Debt,"in months of total imports, end of period",,Annual,04_External Accounts,03_External Debt,316,17,1995,2025,"Short-term external debt is the stock of outstanding debt owed by residents of a country, both public and private sectors, to nonresidents with an original maturity of one year or less. It includes loans, trade credits, deposits and other financial liabilities denominated in foreign or domestic currency, provided the creditors are abroad. This indicator is a key measure of rollover risk and short-term exposure to external financing pressures. The definition may vary by country.",INDEC - Argentina,2026-07-16,70cd27979983c91b
Short-term External Debt,"millions of USD, avg. of period",YoY %,Annual,04_External Accounts,03_External Debt,318,17,1991,2026,"Short-term external debt is the stock of outstanding debt owed by residents of a country, both public and private sectors, to nonresidents with an original maturity of one year or less. It includes loans, trade credits, deposits and other financial liabilities denominated in foreign or domestic currency, provided the creditors are abroad. This indicator is a key measure of rollover risk and short-term exposure to external financing pressures. The definition may vary by country.",INDEC - Argentina,2026-07-16,fb11f09166d1f5db
Short-term External Debt,"millions of USD, avg. of period",,Annual,04_External Accounts,03_External Debt,335,17,1990,2026,"Short-term external debt is the stock of outstanding debt owed by residents of a country, both public and private sectors, to nonresidents with an original maturity of one year or less. It includes loans, trade credits, deposits and other financial liabilities denominated in foreign or domestic currency, provided the creditors are abroad. This indicator is a key measure of rollover risk and short-term exposure to external financing pressures. The definition may vary by country.",INDEC - Argentina,2026-07-16,a9228dfb8ee13b39
Short-term External Debt,"millions of USD, end of period",YoY %,Annual,04_External Accounts,03_External Debt,322,17,1991,2026,"Short-term external debt is the stock of outstanding debt owed by residents of a country, both public and private sectors, to nonresidents with an original maturity of one year or less. It includes loans, trade credits, deposits and other financial liabilities denominated in foreign or domestic currency, provided the creditors are abroad. This indicator is a key measure of rollover risk and short-term exposure to external financing pressures. The definition may vary by country.",INDEC - Argentina,2026-07-16,d32b743cf156b33d
Short-term External Debt,"millions of USD, end of period",,Annual,04_External Accounts,03_External Debt,339,17,1990,2026,"Short-term external debt is the stock of outstanding debt owed by residents of a country, both public and private sectors, to nonresidents with an original maturity of one year or less. It includes loans, trade credits, deposits and other financial liabilities denominated in foreign or domestic currency, provided the creditors are abroad. This indicator is a key measure of rollover risk and short-term exposure to external financing pressures. The definition may vary by country.",INDEC - Argentina,2026-07-16,f597046e67052013
Short-term Public External Debt,"% of GDP, avg. of period",,Annual,04_External Accounts,03_External Debt,132,7,2001,2025,"Short-term public external debt is the stock of outstanding debt owed by the public sector of a country to nonresidents with an original maturity of one year or less. It covers obligations such as loans, trade credits, deposits and other financial liabilities denominated in foreign or domestic currency, provided the creditors are abroad. This indicator highlights the short-term external borrowing of the public sector and its exposure to rollover risk. The definition may vary by country.",INDEC - Argentina,2026-07-16,c43a971fe2f2968d
Short-term Public External Debt,"% of GDP, end of period",,Annual,04_External Accounts,03_External Debt,133,7,2001,2025,"Short-term public external debt is the stock of outstanding debt owed by the public sector of a country to nonresidents with an original maturity of one year or less. It covers obligations such as loans, trade credits, deposits and other financial liabilities denominated in foreign or domestic currency, provided the creditors are abroad. This indicator highlights the short-term external borrowing of the public sector and its exposure to rollover risk. The definition may vary by country.",INDEC - Argentina,2026-07-16,cc798ca4b3d504b7
Short-term Public External Debt,"% of short-term external public debt, avg. of period",,Annual,04_External Accounts,03_External Debt,132,7,2001,2025,"Short-term public external debt is the stock of outstanding debt owed by the public sector of a country to nonresidents with an original maturity of one year or less. It covers obligations such as loans, trade credits, deposits and other financial liabilities denominated in foreign or domestic currency, provided the creditors are abroad. This indicator highlights the short-term external borrowing of the public sector and its exposure to rollover risk. The definition may vary by country.",INDEC - Argentina,2026-07-16,25ec7b0950688f3c
Short-term Public External Debt,"% of short-term external public debt, end of period",,Annual,04_External Accounts,03_External Debt,134,7,2001,2025,"Short-term public external debt is the stock of outstanding debt owed by the public sector of a country to nonresidents with an original maturity of one year or less. It covers obligations such as loans, trade credits, deposits and other financial liabilities denominated in foreign or domestic currency, provided the creditors are abroad. This indicator highlights the short-term external borrowing of the public sector and its exposure to rollover risk. The definition may vary by country.",INDEC - Argentina,2026-07-16,57dfe12030c67ed7
Short-term Public External Debt,"% of total exports, avg. of period",,Annual,04_External Accounts,03_External Debt,131,7,2001,2025,"Short-term public external debt is the stock of outstanding debt owed by the public sector of a country to nonresidents with an original maturity of one year or less. It covers obligations such as loans, trade credits, deposits and other financial liabilities denominated in foreign or domestic currency, provided the creditors are abroad. This indicator highlights the short-term external borrowing of the public sector and its exposure to rollover risk. The definition may vary by country.",INDEC - Argentina,2026-07-16,507a83116142022a
Short-term Public External Debt,"% of total exports, end of period",,Annual,04_External Accounts,03_External Debt,132,7,2001,2025,"Short-term public external debt is the stock of outstanding debt owed by the public sector of a country to nonresidents with an original maturity of one year or less. It covers obligations such as loans, trade credits, deposits and other financial liabilities denominated in foreign or domestic currency, provided the creditors are abroad. This indicator highlights the short-term external borrowing of the public sector and its exposure to rollover risk. The definition may vary by country.",INDEC - Argentina,2026-07-16,ea6569081518be26
Short-term Public External Debt,"% of total external debt, avg. of period",,Annual,04_External Accounts,03_External Debt,132,7,2001,2025,"Short-term public external debt is the stock of outstanding debt owed by the public sector of a country to nonresidents with an original maturity of one year or less. It covers obligations such as loans, trade credits, deposits and other financial liabilities denominated in foreign or domestic currency, provided the creditors are abroad. This indicator highlights the short-term external borrowing of the public sector and its exposure to rollover risk. The definition may vary by country.",INDEC - Argentina,2026-07-16,21b1109db26edf75
Short-term Public External Debt,"% of total external debt, end of period",,Annual,04_External Accounts,03_External Debt,134,7,2001,2025,"Short-term public external debt is the stock of outstanding debt owed by the public sector of a country to nonresidents with an original maturity of one year or less. It covers obligations such as loans, trade credits, deposits and other financial liabilities denominated in foreign or domestic currency, provided the creditors are abroad. This indicator highlights the short-term external borrowing of the public sector and its exposure to rollover risk. The definition may vary by country.",INDEC - Argentina,2026-07-16,3e1f4896f423530d
Short-term Public External Debt,"% of total imports, avg. of period",,Annual,04_External Accounts,03_External Debt,131,7,2001,2025,"Short-term public external debt is the stock of outstanding debt owed by the public sector of a country to nonresidents with an original maturity of one year or less. It covers obligations such as loans, trade credits, deposits and other financial liabilities denominated in foreign or domestic currency, provided the creditors are abroad. This indicator highlights the short-term external borrowing of the public sector and its exposure to rollover risk. The definition may vary by country.",INDEC - Argentina,2026-07-16,f36c121ca2c0eb94
Short-term Public External Debt,"% of total imports, end of period",,Annual,04_External Accounts,03_External Debt,132,7,2001,2025,"Short-term public external debt is the stock of outstanding debt owed by the public sector of a country to nonresidents with an original maturity of one year or less. It covers obligations such as loans, trade credits, deposits and other financial liabilities denominated in foreign or domestic currency, provided the creditors are abroad. This indicator highlights the short-term external borrowing of the public sector and its exposure to rollover risk. The definition may vary by country.",INDEC - Argentina,2026-07-16,fee7ae8a7ab60ba7
Short-term Public External Debt,fiscal year (Q4–Q3 aggregation),,Annual,04_External Accounts,03_External Debt,73,4,2004,2025,"Short-term public external debt is the stock of outstanding debt owed by the public sector of a country to nonresidents with an original maturity of one year or less. It covers obligations such as loans, trade credits, deposits and other financial liabilities denominated in foreign or domestic currency, provided the creditors are abroad. This indicator highlights the short-term external borrowing of the public sector and its exposure to rollover risk. The definition may vary by country.",INDEC - Argentina,2026-07-16,644d7e632da85f3a
Short-term Public External Debt,"fiscal year (Q4–Q3 aggregation), avg. of period",,Annual,04_External Accounts,03_External Debt,55,3,2002,2025,"Short-term public external debt is the stock of outstanding debt owed by the public sector of a country to nonresidents with an original maturity of one year or less. It covers obligations such as loans, trade credits, deposits and other financial liabilities denominated in foreign or domestic currency, provided the creditors are abroad. This indicator highlights the short-term external borrowing of the public sector and its exposure to rollover risk. The definition may vary by country.",Banco Central de Chile,2026-07-16,c9e4a2665db7ecdb
Short-term Public External Debt,"fiscal year (Q4–Q3 aggregation), end of period",,Annual,04_External Accounts,03_External Debt,55,3,2002,2025,"Short-term public external debt is the stock of outstanding debt owed by the public sector of a country to nonresidents with an original maturity of one year or less. It covers obligations such as loans, trade credits, deposits and other financial liabilities denominated in foreign or domestic currency, provided the creditors are abroad. This indicator highlights the short-term external borrowing of the public sector and its exposure to rollover risk. The definition may vary by country.",Banco Central de Chile,2026-07-16,4b1c7f83ca20b63b
Short-term Public External Debt,"millions of USD, avg. of period",YoY %,Annual,04_External Accounts,03_External Debt,125,7,2002,2025,"Short-term public external debt is the stock of outstanding debt owed by the public sector of a country to nonresidents with an original maturity of one year or less. It covers obligations such as loans, trade credits, deposits and other financial liabilities denominated in foreign or domestic currency, provided the creditors are abroad. This indicator highlights the short-term external borrowing of the public sector and its exposure to rollover risk. The definition may vary by country.",INDEC - Argentina,2026-07-16,da31882c27cc9b9c
Short-term Public External Debt,"millions of USD, avg. of period",,Annual,04_External Accounts,03_External Debt,133,7,2001,2025,"Short-term public external debt is the stock of outstanding debt owed by the public sector of a country to nonresidents with an original maturity of one year or less. It covers obligations such as loans, trade credits, deposits and other financial liabilities denominated in foreign or domestic currency, provided the creditors are abroad. This indicator highlights the short-term external borrowing of the public sector and its exposure to rollover risk. The definition may vary by country.",INDEC - Argentina,2026-07-16,1523f6fd63eee738
Short-term Public External Debt,"millions of USD, end of period",YoY %,Annual,04_External Accounts,03_External Debt,125,7,2001,2025,"Short-term public external debt is the stock of outstanding debt owed by the public sector of a country to nonresidents with an original maturity of one year or less. It covers obligations such as loans, trade credits, deposits and other financial liabilities denominated in foreign or domestic currency, provided the creditors are abroad. This indicator highlights the short-term external borrowing of the public sector and its exposure to rollover risk. The definition may vary by country.",INDEC - Argentina,2026-07-16,72d7abe0f5156581
Short-term Public External Debt,"millions of USD, end of period",,Annual,04_External Accounts,03_External Debt,134,7,2001,2025,"Short-term public external debt is the stock of outstanding debt owed by the public sector of a country to nonresidents with an original maturity of one year or less. It covers obligations such as loans, trade credits, deposits and other financial liabilities denominated in foreign or domestic currency, provided the creditors are abroad. This indicator highlights the short-term external borrowing of the public sector and its exposure to rollover risk. The definition may vary by country.",INDEC - Argentina,2026-07-16,da3a561b6d2663a8
Stock Market Index,"constant prices – CPI-deflated, avg. of period",,Annual,06_Financial Markets,02_Stock Market Indices,318,13,1990,2025,The Stock Market Index is a composite index of selected stocks that measures their aggregate performance. It reflects changes in the market prices of these stocks over time. Well-known examples include the S&P 500 in the United States. The definition may vary by country.,Ambito Financiero,2026-07-16,cc35290579695335
Stock Market Index,"constant prices – CPI-deflated, end of period",,Annual,06_Financial Markets,02_Stock Market Indices,328,13,1990,2025,The Stock Market Index is a composite index of selected stocks that measures their aggregate performance. It reflects changes in the market prices of these stocks over time. Well-known examples include the S&P 500 in the United States. The definition may vary by country.,Ambito Financiero,2026-07-16,d192c4b4b36abf13
Stock Market Index,"index (2023 = 100), avg. of period",YoY %,Annual,06_Financial Markets,02_Stock Market Indices,315,13,1991,2025,The Stock Market Index is a composite index of selected stocks that measures their aggregate performance. It reflects changes in the market prices of these stocks over time. Well-known examples include the S&P 500 in the United States. The definition may vary by country.,Ambito Financiero,2026-07-16,38b6f16de369c25a
Stock Market Index,"index (2023 = 100), avg. of period",,Annual,06_Financial Markets,02_Stock Market Indices,328,13,1990,2025,The Stock Market Index is a composite index of selected stocks that measures their aggregate performance. It reflects changes in the market prices of these stocks over time. Well-known examples include the S&P 500 in the United States. The definition may vary by country.,Ambito Financiero,2026-07-16,606e4351b0f921d4
Stock Market Index,"index (2023 = 100), end of period",YoY %,Annual,06_Financial Markets,02_Stock Market Indices,311,13,1991,2025,The Stock Market Index is a composite index of selected stocks that measures their aggregate performance. It reflects changes in the market prices of these stocks over time. Well-known examples include the S&P 500 in the United States. The definition may vary by country.,Ambito Financiero,2026-07-16,ce596c264d4a4691
Stock Market Index,"index (2023 = 100), end of period",,Annual,06_Financial Markets,02_Stock Market Indices,332,13,1990,2025,The Stock Market Index is a composite index of selected stocks that measures their aggregate performance. It reflects changes in the market prices of these stocks over time. Well-known examples include the S&P 500 in the United States. The definition may vary by country.,Ambito Financiero,2026-07-16,7f60f4d750b68f50
Stock Market Index,"index, avg. of period",YoY %,Annual,06_Financial Markets,02_Stock Market Indices,315,13,1991,2025,The Stock Market Index is a composite index of selected stocks that measures their aggregate performance. It reflects changes in the market prices of these stocks over time. Well-known examples include the S&P 500 in the United States. The definition may vary by country.,Ambito Financiero,2026-07-16,3bd804dd5da38b17
Stock Market Index,"index, avg. of period",,Annual,06_Financial Markets,02_Stock Market Indices,328,13,1990,2025,The Stock Market Index is a composite index of selected stocks that measures their aggregate performance. It reflects changes in the market prices of these stocks over time. Well-known examples include the S&P 500 in the United States. The definition may vary by country.,Ambito Financiero,2026-07-16,79085c24331b5ef1
Stock Market Index,"index, end of period",YoY %,Annual,06_Financial Markets,02_Stock Market Indices,311,13,1991,2025,The Stock Market Index is a composite index of selected stocks that measures their aggregate performance. It reflects changes in the market prices of these stocks over time. Well-known examples include the S&P 500 in the United States. The definition may vary by country.,Ambito Financiero,2026-07-16,48d43c64fe608e58
Stock Market Index,"index, end of period",,Annual,06_Financial Markets,02_Stock Market Indices,332,13,1990,2025,The Stock Market Index is a composite index of selected stocks that measures their aggregate performance. It reflects changes in the market prices of these stocks over time. Well-known examples include the S&P 500 in the United States. The definition may vary by country.,Ambito Financiero,2026-07-16,40dc99e245ddebdb
Tax Revenue,% of GDP,,Annual,03_Fiscal Accounts and Public Debt,01_Central Government,112,7,1993,2025,"Tax Revenue (Central Government) refers to the income collected by the central government from compulsory levies imposed on individuals and businesses, including taxes on income, profits, property, goods, and services, as well as international trade. It constitutes the main source of government revenue and reflects the fiscal capacity of the state.",Barbados Statistical Service,2026-07-16,921f115ca49841ea
Tax Revenue,% of GDP,,Annual,03_Fiscal Accounts and Public Debt,02_General Government,65,3,1995,2025,"Tax Revenue (General Government) refers to the income collected by the general government from compulsory levies imposed on individuals and businesses, including taxes on income, profits, property, goods, and services, as well as international trade. It constitutes the main source of government revenue and reflects the fiscal capacity of the state.",Tesouro Nacional do Brasil,2026-07-16,f6655cbcfcad9fd6
Tax Revenue,% of GDP,,Annual,03_Fiscal Accounts and Public Debt,03_Non Financial Public Sector,112,6,1993,2025,"Tax Revenue (Non-Financial Public Sector) refers to the income collected by the non-financial public sector from compulsory levies imposed on individuals and businesses, including taxes on income, profits, property, goods, and services, as well as international trade. It constitutes the main source of government revenue and reflects the fiscal capacity of the state.",Ministerio de Economía de Argentina,2026-07-16,1a5dcd6137770d4e
Tax Revenue,constant prices – CPI-deflated,,Annual,03_Fiscal Accounts and Public Debt,01_Central Government,117,7,1990,2025,"Tax Revenue (Central Government) refers to the income collected by the central government from compulsory levies imposed on individuals and businesses, including taxes on income, profits, property, goods, and services, as well as international trade. It constitutes the main source of government revenue and reflects the fiscal capacity of the state.",Barbados Statistical Service,2026-07-16,9c1126a1ce6770c1
Tax Revenue,constant prices – CPI-deflated,,Annual,03_Fiscal Accounts and Public Debt,02_General Government,65,3,1995,2025,"Tax Revenue (General Government) refers to the income collected by the general government from compulsory levies imposed on individuals and businesses, including taxes on income, profits, property, goods, and services, as well as international trade. It constitutes the main source of government revenue and reflects the fiscal capacity of the state.",Tesouro Nacional do Brasil,2026-07-16,30a06ebfef5a241a
Tax Revenue,constant prices – CPI-deflated,,Annual,03_Fiscal Accounts and Public Debt,03_Non Financial Public Sector,120,6,1993,2025,"Tax Revenue (Non-Financial Public Sector) refers to the income collected by the non-financial public sector from compulsory levies imposed on individuals and businesses, including taxes on income, profits, property, goods, and services, as well as international trade. It constitutes the main source of government revenue and reflects the fiscal capacity of the state.",Ministerio de Economía de Argentina,2026-07-16,4d9c0e51cf1497d9
Tax Revenue,fiscal year (Q4–Q3 aggregation),,Annual,03_Fiscal Accounts and Public Debt,01_Central Government,145,7,1991,2025,"Tax Revenue (Central Government) refers to the income collected by the central government from compulsory levies imposed on individuals and businesses, including taxes on income, profits, property, goods, and services, as well as international trade. It constitutes the main source of government revenue and reflects the fiscal capacity of the state.",Barbados Statistical Service,2026-07-16,90adbe967f8ac5ac
Tax Revenue,fiscal year (Q4–Q3 aggregation),,Annual,03_Fiscal Accounts and Public Debt,02_General Government,45,2,1996,2025,"Tax Revenue (General Government) refers to the income collected by the general government from compulsory levies imposed on individuals and businesses, including taxes on income, profits, property, goods, and services, as well as international trade. It constitutes the main source of government revenue and reflects the fiscal capacity of the state.",Tesouro Nacional do Brasil,2026-07-16,c9802eff28218b6c
Tax Revenue,fiscal year (Q4–Q3 aggregation),,Annual,03_Fiscal Accounts and Public Debt,03_Non Financial Public Sector,114,6,1994,2025,"Tax Revenue (Non-Financial Public Sector) refers to the income collected by the non-financial public sector from compulsory levies imposed on individuals and businesses, including taxes on income, profits, property, goods, and services, as well as international trade. It constitutes the main source of government revenue and reflects the fiscal capacity of the state.",Ministerio de Economía de Argentina,2026-07-16,742486b01cca28b3
Tax Revenue,millions of USD,YoY %,Annual,03_Fiscal Accounts and Public Debt,01_Central Government,125,8,1991,2025,"Tax Revenue (Central Government) refers to the income collected by the central government from compulsory levies imposed on individuals and businesses, including taxes on income, profits, property, goods, and services, as well as international trade. It constitutes the main source of government revenue and reflects the fiscal capacity of the state.",Barbados Statistical Service,2026-07-16,4bad5dbe158a4d7d
Tax Revenue,millions of USD,YoY %,Annual,03_Fiscal Accounts and Public Debt,02_General Government,54,3,2004,2025,"Tax Revenue (General Government) refers to the income collected by the general government from compulsory levies imposed on individuals and businesses, including taxes on income, profits, property, goods, and services, as well as international trade. It constitutes the main source of government revenue and reflects the fiscal capacity of the state.",Tesouro Nacional do Brasil,2026-07-16,7c48950b34467864
Tax Revenue,millions of USD,YoY %,Annual,03_Fiscal Accounts and Public Debt,03_Non Financial Public Sector,117,6,1991,2025,"Tax Revenue (Non-Financial Public Sector) refers to the income collected by the non-financial public sector from compulsory levies imposed on individuals and businesses, including taxes on income, profits, property, goods, and services, as well as international trade. It constitutes the main source of government revenue and reflects the fiscal capacity of the state.",Ministerio de Economía de Argentina,2026-07-16,da31d27d68db2979
Tax Revenue,millions of USD,,Annual,03_Fiscal Accounts and Public Debt,01_Central Government,136,7,1990,2025,"Tax Revenue (Central Government) refers to the income collected by the central government from compulsory levies imposed on individuals and businesses, including taxes on income, profits, property, goods, and services, as well as international trade. It constitutes the main source of government revenue and reflects the fiscal capacity of the state.",Barbados Statistical Service,2026-07-16,f57a03af25c70c1d
Tax Revenue,millions of USD,,Annual,03_Fiscal Accounts and Public Debt,02_General Government,65,3,1995,2025,"Tax Revenue (General Government) refers to the income collected by the general government from compulsory levies imposed on individuals and businesses, including taxes on income, profits, property, goods, and services, as well as international trade. It constitutes the main source of government revenue and reflects the fiscal capacity of the state.",Tesouro Nacional do Brasil,2026-07-16,aaa370b88e276804
Tax Revenue,millions of USD,,Annual,03_Fiscal Accounts and Public Debt,03_Non Financial Public Sector,123,6,1990,2025,"Tax Revenue (Non-Financial Public Sector) refers to the income collected by the non-financial public sector from compulsory levies imposed on individuals and businesses, including taxes on income, profits, property, goods, and services, as well as international trade. It constitutes the main source of government revenue and reflects the fiscal capacity of the state.",Ministerio de Economía de Argentina,2026-07-16,5f2e486232d0d0f7
Tax Revenue,millions of domestic currency,YoY %,Annual,03_Fiscal Accounts and Public Debt,01_Central Government,125,8,1991,2025,"Tax Revenue (Central Government) refers to the income collected by the central government from compulsory levies imposed on individuals and businesses, including taxes on income, profits, property, goods, and services, as well as international trade. It constitutes the main source of government revenue and reflects the fiscal capacity of the state.",Barbados Statistical Service,2026-07-16,c301b423c7c92834
Tax Revenue,millions of domestic currency,YoY %,Annual,03_Fiscal Accounts and Public Debt,02_General Government,54,3,2004,2025,"Tax Revenue (General Government) refers to the income collected by the general government from compulsory levies imposed on individuals and businesses, including taxes on income, profits, property, goods, and services, as well as international trade. It constitutes the main source of government revenue and reflects the fiscal capacity of the state.",Tesouro Nacional do Brasil,2026-07-16,e476cc47ab01ac2b
Tax Revenue,millions of domestic currency,YoY %,Annual,03_Fiscal Accounts and Public Debt,03_Non Financial Public Sector,117,6,1991,2025,"Tax Revenue (Non-Financial Public Sector) refers to the income collected by the non-financial public sector from compulsory levies imposed on individuals and businesses, including taxes on income, profits, property, goods, and services, as well as international trade. It constitutes the main source of government revenue and reflects the fiscal capacity of the state.",Ministerio de Economía de Argentina,2026-07-16,5bb8a53c8ddf477f
Tax Revenue,millions of domestic currency,,Annual,03_Fiscal Accounts and Public Debt,01_Central Government,136,7,1990,2025,"Tax Revenue (Central Government) refers to the income collected by the central government from compulsory levies imposed on individuals and businesses, including taxes on income, profits, property, goods, and services, as well as international trade. It constitutes the main source of government revenue and reflects the fiscal capacity of the state.",Barbados Statistical Service,2026-07-16,164443d6911c0ca0
Tax Revenue,millions of domestic currency,,Annual,03_Fiscal Accounts and Public Debt,02_General Government,65,3,1995,2025,"Tax Revenue (General Government) refers to the income collected by the general government from compulsory levies imposed on individuals and businesses, including taxes on income, profits, property, goods, and services, as well as international trade. It constitutes the main source of government revenue and reflects the fiscal capacity of the state.",Tesouro Nacional do Brasil,2026-07-16,ec452e2c1c60d52f
Tax Revenue,millions of domestic currency,,Annual,03_Fiscal Accounts and Public Debt,03_Non Financial Public Sector,123,6,1990,2025,"Tax Revenue (Non-Financial Public Sector) refers to the income collected by the non-financial public sector from compulsory levies imposed on individuals and businesses, including taxes on income, profits, property, goods, and services, as well as international trade. It constitutes the main source of government revenue and reflects the fiscal capacity of the state.",Ministerio de Economía de Argentina,2026-07-16,7d71fd399a70261c
Terms of Trade,"index (2023 = 100), avg. of period",YoY %,Annual,02_Prices and Wages,04_Trade Prices,345,12,1991,2025,"Terms of Trade (ToT) is an index that measures the ratio of export prices to import prices, reflecting the purchasing power of a country’s exports in terms of imports. This indicator is used to assess changes in a country’s external purchasing power.",INDEC - Argentina,2026-07-16,a9b6bdd337940cf7
Terms of Trade,"index (2023 = 100), avg. of period",,Annual,02_Prices and Wages,04_Trade Prices,357,12,1990,2025,"Terms of Trade (ToT) is an index that measures the ratio of export prices to import prices, reflecting the purchasing power of a country’s exports in terms of imports. This indicator is used to assess changes in a country’s external purchasing power.",INDEC - Argentina,2026-07-16,81457e87c65da63e
Terms of Trade,"index (2023 = 100), end of period",YoY %,Annual,02_Prices and Wages,04_Trade Prices,345,12,1991,2025,"Terms of Trade (ToT) is an index that measures the ratio of export prices to import prices, reflecting the purchasing power of a country’s exports in terms of imports. This indicator is used to assess changes in a country’s external purchasing power.",INDEC - Argentina,2026-07-16,603ec9ad8e8a82f3
Terms of Trade,"index (2023 = 100), end of period",,Annual,02_Prices and Wages,04_Trade Prices,357,12,1990,2025,"Terms of Trade (ToT) is an index that measures the ratio of export prices to import prices, reflecting the purchasing power of a country’s exports in terms of imports. This indicator is used to assess changes in a country’s external purchasing power.",INDEC - Argentina,2026-07-16,d86753865425a416
Terms of Trade,"index, avg. of period",YoY %,Annual,02_Prices and Wages,04_Trade Prices,345,12,1991,2025,"Terms of Trade (ToT) is an index that measures the ratio of export prices to import prices, reflecting the purchasing power of a country’s exports in terms of imports. This indicator is used to assess changes in a country’s external purchasing power.",INDEC - Argentina,2026-07-16,6d5996f682aa0fde
Terms of Trade,"index, avg. of period",,Annual,02_Prices and Wages,04_Trade Prices,357,12,1990,2025,"Terms of Trade (ToT) is an index that measures the ratio of export prices to import prices, reflecting the purchasing power of a country’s exports in terms of imports. This indicator is used to assess changes in a country’s external purchasing power.",INDEC - Argentina,2026-07-16,3788534e1e86888d
Terms of Trade,"index, end of period",YoY %,Annual,02_Prices and Wages,04_Trade Prices,345,12,1991,2025,"Terms of Trade (ToT) is an index that measures the ratio of export prices to import prices, reflecting the purchasing power of a country’s exports in terms of imports. This indicator is used to assess changes in a country’s external purchasing power.",INDEC - Argentina,2026-07-16,0950925a05351651
Terms of Trade,"index, end of period",,Annual,02_Prices and Wages,04_Trade Prices,357,12,1990,2025,"Terms of Trade (ToT) is an index that measures the ratio of export prices to import prices, reflecting the purchasing power of a country’s exports in terms of imports. This indicator is used to assess changes in a country’s external purchasing power.",INDEC - Argentina,2026-07-16,24df2306cb9b9d90
Time Deposits,"% of GDP, avg. of period",,Annual,05_Money and Banking,02_Bank Deposits,417,15,1990,2025,Time deposits are deposits held in depository institutions that are fixed for a specific period of time and typically pay higher interest rates than demand or saving deposits.,Central Bank of Barbados,2026-07-16,5f82c48f3db22b38
Time Deposits,"% of GDP, end of period",,Annual,05_Money and Banking,02_Bank Deposits,437,15,1990,2025,Time deposits are deposits held in depository institutions that are fixed for a specific period of time and typically pay higher interest rates than demand or saving deposits.,Central Bank of Barbados,2026-07-16,a4b873cd31b80e40
Time Deposits,"% of M2, avg. of period",,Annual,05_Money and Banking,02_Bank Deposits,420,14,1990,2025,Time deposits are deposits held in depository institutions that are fixed for a specific period of time and typically pay higher interest rates than demand or saving deposits.,The Central Bank of Belize,2026-07-16,d172d5d42837be12
Time Deposits,"% of M2, end of period",,Annual,05_Money and Banking,02_Bank Deposits,423,14,1990,2025,Time deposits are deposits held in depository institutions that are fixed for a specific period of time and typically pay higher interest rates than demand or saving deposits.,The Central Bank of Belize,2026-07-16,82d2f2e01ea10760
Time Deposits,"% of total deposits, avg. of period",,Annual,05_Money and Banking,02_Bank Deposits,412,14,1990,2025,Time deposits are deposits held in depository institutions that are fixed for a specific period of time and typically pay higher interest rates than demand or saving deposits.,Central Bank of Barbados,2026-07-16,9e24c327cb546118
Time Deposits,"% of total deposits, end of period",,Annual,05_Money and Banking,02_Bank Deposits,424,14,1990,2025,Time deposits are deposits held in depository institutions that are fixed for a specific period of time and typically pay higher interest rates than demand or saving deposits.,Central Bank of Barbados,2026-07-16,03ed96265bd9cd8e
Time Deposits,"constant prices – CPI-deflated, avg. of period",,Annual,05_Money and Banking,02_Bank Deposits,432,15,1990,2025,Time deposits are deposits held in depository institutions that are fixed for a specific period of time and typically pay higher interest rates than demand or saving deposits.,Central Bank of Barbados,2026-07-16,f15d06b1a7c4822a
Time Deposits,"constant prices – CPI-deflated, end of period",,Annual,05_Money and Banking,02_Bank Deposits,432,15,1990,2025,Time deposits are deposits held in depository institutions that are fixed for a specific period of time and typically pay higher interest rates than demand or saving deposits.,Central Bank of Barbados,2026-07-16,2b1da945eabda3a0
Time Deposits,"millions of USD, avg. of period",YoY %,Annual,05_Money and Banking,02_Bank Deposits,423,15,1991,2025,Time deposits are deposits held in depository institutions that are fixed for a specific period of time and typically pay higher interest rates than demand or saving deposits.,Central Bank of Barbados,2026-07-16,c9d88392eadd2793
Time Deposits,"millions of USD, avg. of period",,Annual,05_Money and Banking,02_Bank Deposits,438,15,1990,2025,Time deposits are deposits held in depository institutions that are fixed for a specific period of time and typically pay higher interest rates than demand or saving deposits.,Central Bank of Barbados,2026-07-16,d383148e6bddeaab
Time Deposits,"millions of USD, end of period",YoY %,Annual,05_Money and Banking,02_Bank Deposits,443,15,1991,2025,Time deposits are deposits held in depository institutions that are fixed for a specific period of time and typically pay higher interest rates than demand or saving deposits.,Central Bank of Barbados,2026-07-16,9fc7d9d287d2daf8
Time Deposits,"millions of USD, end of period",,Annual,05_Money and Banking,02_Bank Deposits,457,15,1990,2025,Time deposits are deposits held in depository institutions that are fixed for a specific period of time and typically pay higher interest rates than demand or saving deposits.,Central Bank of Barbados,2026-07-16,39e60bfeb36ebe1a
Time Deposits,"millions of domestic currency, avg. of period",YoY %,Annual,05_Money and Banking,02_Bank Deposits,424,15,1991,2025,Time deposits are deposits held in depository institutions that are fixed for a specific period of time and typically pay higher interest rates than demand or saving deposits.,Central Bank of Barbados,2026-07-16,2c274d3c1f4e763d
Time Deposits,"millions of domestic currency, avg. of period",,Annual,05_Money and Banking,02_Bank Deposits,439,15,1990,2025,Time deposits are deposits held in depository institutions that are fixed for a specific period of time and typically pay higher interest rates than demand or saving deposits.,Central Bank of Barbados,2026-07-16,880fc7068fd9030a
Time Deposits,"millions of domestic currency, end of period",YoY %,Annual,05_Money and Banking,02_Bank Deposits,445,15,1991,2025,Time deposits are deposits held in depository institutions that are fixed for a specific period of time and typically pay higher interest rates than demand or saving deposits.,Central Bank of Barbados,2026-07-16,0e4d0d863803d579
Time Deposits,"millions of domestic currency, end of period",,Annual,05_Money and Banking,02_Bank Deposits,459,15,1990,2025,Time deposits are deposits held in depository institutions that are fixed for a specific period of time and typically pay higher interest rates than demand or saving deposits.,Central Bank of Barbados,2026-07-16,67ebc138f3206a3d
Total Credit,"% of GDP, avg. of period",,Annual,05_Money and Banking,03_Bank Credit,567,22,1990,2025,"Total credit is the stock of credit provided by depository institutions to all sectors of the domestic economy, including both private and public sectors, and denominated in local or foreign currency.",Banco Central de la República Argentina,2026-07-16,9cedd2eb0ec67118
Total Credit,"% of GDP, end of period",,Annual,05_Money and Banking,03_Bank Credit,589,22,1990,2025,"Total credit is the stock of credit provided by depository institutions to all sectors of the domestic economy, including both private and public sectors, and denominated in local or foreign currency.",Banco Central de la República Argentina,2026-07-16,a75e1041635a7224
Total Credit,"% of M2, avg. of period",,Annual,05_Money and Banking,03_Bank Credit,575,21,1990,2025,"Total credit is the stock of credit provided by depository institutions to all sectors of the domestic economy, including both private and public sectors, and denominated in local or foreign currency.",Banco Central de la República Argentina,2026-07-16,2a0c74cfebc9d3ab
Total Credit,"% of M2, end of period",,Annual,05_Money and Banking,03_Bank Credit,579,21,1990,2025,"Total credit is the stock of credit provided by depository institutions to all sectors of the domestic economy, including both private and public sectors, and denominated in local or foreign currency.",Banco Central de la República Argentina,2026-07-16,b1ab53c0c6e9da78
Total Credit,"constant prices – CPI-deflated, avg. of period",,Annual,05_Money and Banking,03_Bank Credit,567,22,1990,2025,"Total credit is the stock of credit provided by depository institutions to all sectors of the domestic economy, including both private and public sectors, and denominated in local or foreign currency.",Banco Central de la República Argentina,2026-07-16,09b303c18e4558af
Total Credit,"constant prices – CPI-deflated, end of period",,Annual,05_Money and Banking,03_Bank Credit,597,22,1990,2025,"Total credit is the stock of credit provided by depository institutions to all sectors of the domestic economy, including both private and public sectors, and denominated in local or foreign currency.",Banco Central de la República Argentina,2026-07-16,27666737c9b54496
Total Credit,"millions of USD, avg. of period",YoY %,Annual,05_Money and Banking,03_Bank Credit,574,22,1991,2025,"Total credit is the stock of credit provided by depository institutions to all sectors of the domestic economy, including both private and public sectors, and denominated in local or foreign currency.",Banco Central de la República Argentina,2026-07-16,32da00b67d1fb7a5
Total Credit,"millions of USD, avg. of period",,Annual,05_Money and Banking,03_Bank Credit,596,22,1990,2025,"Total credit is the stock of credit provided by depository institutions to all sectors of the domestic economy, including both private and public sectors, and denominated in local or foreign currency.",Banco Central de la República Argentina,2026-07-16,4d848ee406c4023f
Total Credit,"millions of USD, end of period",YoY %,Annual,05_Money and Banking,03_Bank Credit,596,22,1991,2025,"Total credit is the stock of credit provided by depository institutions to all sectors of the domestic economy, including both private and public sectors, and denominated in local or foreign currency.",Banco Central de la República Argentina,2026-07-16,16e5a80348df7d93
Total Credit,"millions of USD, end of period",,Annual,05_Money and Banking,03_Bank Credit,617,22,1990,2025,"Total credit is the stock of credit provided by depository institutions to all sectors of the domestic economy, including both private and public sectors, and denominated in local or foreign currency.",Banco Central de la República Argentina,2026-07-16,ea6532487e52a175
Total Credit,"millions of domestic currency, avg. of period",YoY %,Annual,05_Money and Banking,03_Bank Credit,576,22,1991,2026,"Total credit is the stock of credit provided by depository institutions to all sectors of the domestic economy, including both private and public sectors, and denominated in local or foreign currency.",Banco Central de la República Argentina,2026-07-16,b215ba91dc9ab450
Total Credit,"millions of domestic currency, avg. of period",,Annual,05_Money and Banking,03_Bank Credit,598,22,1990,2026,"Total credit is the stock of credit provided by depository institutions to all sectors of the domestic economy, including both private and public sectors, and denominated in local or foreign currency.",Banco Central de la República Argentina,2026-07-16,09aa672fe9e5d5a5
Total Credit,"millions of domestic currency, end of period",YoY %,Annual,05_Money and Banking,03_Bank Credit,598,22,1991,2025,"Total credit is the stock of credit provided by depository institutions to all sectors of the domestic economy, including both private and public sectors, and denominated in local or foreign currency.",Banco Central de la República Argentina,2026-07-16,5f377a005911566e
Total Credit,"millions of domestic currency, end of period",,Annual,05_Money and Banking,03_Bank Credit,619,22,1990,2025,"Total credit is the stock of credit provided by depository institutions to all sectors of the domestic economy, including both private and public sectors, and denominated in local or foreign currency.",Banco Central de la República Argentina,2026-07-16,834a3b090bea7a08
Total Deposits,"% of GDP, avg. of period",,Annual,05_Money and Banking,02_Bank Deposits,603,23,1990,2025,"Total deposits are the stock of deposits held by residents in depository institutions, covering all types of currency and maturity.",Central Bank of Barbados,2026-07-16,4335bba773757618
Total Deposits,"% of GDP, end of period",,Annual,05_Money and Banking,02_Bank Deposits,618,23,1990,2025,"Total deposits are the stock of deposits held by residents in depository institutions, covering all types of currency and maturity.",Central Bank of Barbados,2026-07-16,476eed5b66794883
Total Deposits,"% of M2, avg. of period",,Annual,05_Money and Banking,02_Bank Deposits,618,22,1990,2025,"Total deposits are the stock of deposits held by residents in depository institutions, covering all types of currency and maturity.",The Central Bank of Belize,2026-07-16,5f658a2ed97d1bcd
Total Deposits,"% of M2, end of period",,Annual,05_Money and Banking,02_Bank Deposits,625,22,1990,2025,"Total deposits are the stock of deposits held by residents in depository institutions, covering all types of currency and maturity.",The Central Bank of Belize,2026-07-16,57a1014486cf9441
Total Deposits,"constant prices – CPI-deflated, avg. of period",,Annual,05_Money and Banking,02_Bank Deposits,609,23,1990,2025,"Total deposits are the stock of deposits held by residents in depository institutions, covering all types of currency and maturity.",Central Bank of Barbados,2026-07-16,757709783d37d57d
Total Deposits,"constant prices – CPI-deflated, end of period",,Annual,05_Money and Banking,02_Bank Deposits,612,23,1990,2025,"Total deposits are the stock of deposits held by residents in depository institutions, covering all types of currency and maturity.",Central Bank of Barbados,2026-07-16,2992754bca920ed5
Total Deposits,"millions of USD, avg. of period",YoY %,Annual,05_Money and Banking,02_Bank Deposits,621,23,1991,2025,"Total deposits are the stock of deposits held by residents in depository institutions, covering all types of currency and maturity.",Central Bank of Barbados,2026-07-16,21b7bff47d843811
Total Deposits,"millions of USD, avg. of period",,Annual,05_Money and Banking,02_Bank Deposits,644,23,1990,2025,"Total deposits are the stock of deposits held by residents in depository institutions, covering all types of currency and maturity.",Central Bank of Barbados,2026-07-16,96f84e21e9ad01d7
Total Deposits,"millions of USD, end of period",YoY %,Annual,05_Money and Banking,02_Bank Deposits,637,23,1991,2025,"Total deposits are the stock of deposits held by residents in depository institutions, covering all types of currency and maturity.",Central Bank of Barbados,2026-07-16,b7b4571abe0115fb
Total Deposits,"millions of USD, end of period",,Annual,05_Money and Banking,02_Bank Deposits,659,23,1990,2025,"Total deposits are the stock of deposits held by residents in depository institutions, covering all types of currency and maturity.",Central Bank of Barbados,2026-07-16,15c8c2404b23950d
Total Deposits,"millions of domestic currency, avg. of period",YoY %,Annual,05_Money and Banking,02_Bank Deposits,629,23,1991,2025,"Total deposits are the stock of deposits held by residents in depository institutions, covering all types of currency and maturity.",Central Bank of Barbados,2026-07-16,0044b27800eebdb0
Total Deposits,"millions of domestic currency, avg. of period",,Annual,05_Money and Banking,02_Bank Deposits,652,23,1990,2025,"Total deposits are the stock of deposits held by residents in depository institutions, covering all types of currency and maturity.",Central Bank of Barbados,2026-07-16,2e96bd4f0612dfb5
Total Deposits,"millions of domestic currency, end of period",YoY %,Annual,05_Money and Banking,02_Bank Deposits,646,23,1991,2025,"Total deposits are the stock of deposits held by residents in depository institutions, covering all types of currency and maturity.",Central Bank of Barbados,2026-07-16,b4ba6402daafb95a
Total Deposits,"millions of domestic currency, end of period",,Annual,05_Money and Banking,02_Bank Deposits,668,23,1990,2025,"Total deposits are the stock of deposits held by residents in depository institutions, covering all types of currency and maturity.",Central Bank of Barbados,2026-07-16,022144187c583825
Total External Assets,"% of GDP, avg. of period",,Annual,04_External Accounts,05_International Investment Position,286,16,2000,2025,"Total external assets are the stock of financial assets that residents of a country hold against nonresidents, including direct investment abroad, portfolio investment, other investments and reserve assets. They provide a comprehensive measure of the external claims of the domestic economy.",INDEC - Argentina,2026-07-16,3a9f77feb33be5cf
Total External Assets,"% of GDP, end of period",,Annual,04_External Accounts,05_International Investment Position,290,16,1999,2025,"Total external assets are the stock of financial assets that residents of a country hold against nonresidents, including direct investment abroad, portfolio investment, other investments and reserve assets. They provide a comprehensive measure of the external claims of the domestic economy.",INDEC - Argentina,2026-07-16,462bd74c97b268ce
Total External Assets,"millions of USD, avg. of period",YoY %,Annual,04_External Accounts,05_International Investment Position,273,16,2001,2025,"Total external assets are the stock of financial assets that residents of a country hold against nonresidents, including direct investment abroad, portfolio investment, other investments and reserve assets. They provide a comprehensive measure of the external claims of the domestic economy.",INDEC - Argentina,2026-07-16,0b7f12560cf5e0ed
Total External Assets,"millions of USD, avg. of period",,Annual,04_External Accounts,05_International Investment Position,289,16,2000,2025,"Total external assets are the stock of financial assets that residents of a country hold against nonresidents, including direct investment abroad, portfolio investment, other investments and reserve assets. They provide a comprehensive measure of the external claims of the domestic economy.",INDEC - Argentina,2026-07-16,3b92d563067dde8c
Total External Assets,"millions of USD, end of period",YoY %,Annual,04_External Accounts,05_International Investment Position,277,16,2000,2025,"Total external assets are the stock of financial assets that residents of a country hold against nonresidents, including direct investment abroad, portfolio investment, other investments and reserve assets. They provide a comprehensive measure of the external claims of the domestic economy.",INDEC - Argentina,2026-07-16,657bceccbd052bf3
Total External Assets,"millions of USD, end of period",,Annual,04_External Accounts,05_International Investment Position,293,16,1999,2025,"Total external assets are the stock of financial assets that residents of a country hold against nonresidents, including direct investment abroad, portfolio investment, other investments and reserve assets. They provide a comprehensive measure of the external claims of the domestic economy.",INDEC - Argentina,2026-07-16,f2dafea10cb37f9d
Total External Debt,"% of GDP, avg. of period",,Annual,04_External Accounts,03_External Debt,364,19,1996,2025,"Total external debt is the stock of outstanding debt owed by residents of a country to nonresidents, covering both the public and private sectors. It includes loans, bonds and other financial liabilities denominated in foreign or domestic currency, provided the creditors are abroad. This indicator reflects the overall external borrowing obligations of the economy and its exposure to foreign financial risks. The definition may vary by country.",INDEC - Argentina,2026-07-16,954827571650089d
Total External Debt,"% of GDP, end of period",,Annual,04_External Accounts,03_External Debt,368,19,1996,2025,"Total external debt is the stock of outstanding debt owed by residents of a country to nonresidents, covering both the public and private sectors. It includes loans, bonds and other financial liabilities denominated in foreign or domestic currency, provided the creditors are abroad. This indicator reflects the overall external borrowing obligations of the economy and its exposure to foreign financial risks. The definition may vary by country.",INDEC - Argentina,2026-07-16,144e155053bbef18
Total External Debt,"% of total exports, avg. of period",,Annual,04_External Accounts,03_External Debt,340,19,1995,2025,"Total external debt is the stock of outstanding debt owed by residents of a country to nonresidents, covering both the public and private sectors. It includes loans, bonds and other financial liabilities denominated in foreign or domestic currency, provided the creditors are abroad. This indicator reflects the overall external borrowing obligations of the economy and its exposure to foreign financial risks. The definition may vary by country.",INDEC - Argentina,2026-07-16,ff6524caf143e940
Total External Debt,"% of total exports, end of period",,Annual,04_External Accounts,03_External Debt,341,19,1995,2025,"Total external debt is the stock of outstanding debt owed by residents of a country to nonresidents, covering both the public and private sectors. It includes loans, bonds and other financial liabilities denominated in foreign or domestic currency, provided the creditors are abroad. This indicator reflects the overall external borrowing obligations of the economy and its exposure to foreign financial risks. The definition may vary by country.",INDEC - Argentina,2026-07-16,83acb28353593576
Total External Debt,"% of total imports, avg. of period",,Annual,04_External Accounts,03_External Debt,340,19,1995,2025,"Total external debt is the stock of outstanding debt owed by residents of a country to nonresidents, covering both the public and private sectors. It includes loans, bonds and other financial liabilities denominated in foreign or domestic currency, provided the creditors are abroad. This indicator reflects the overall external borrowing obligations of the economy and its exposure to foreign financial risks. The definition may vary by country.",INDEC - Argentina,2026-07-16,712f34b426499c8f
Total External Debt,"% of total imports, end of period",,Annual,04_External Accounts,03_External Debt,341,19,1995,2025,"Total external debt is the stock of outstanding debt owed by residents of a country to nonresidents, covering both the public and private sectors. It includes loans, bonds and other financial liabilities denominated in foreign or domestic currency, provided the creditors are abroad. This indicator reflects the overall external borrowing obligations of the economy and its exposure to foreign financial risks. The definition may vary by country.",INDEC - Argentina,2026-07-16,c774178c8f1279ca
Total External Debt,fiscal year (Q4–Q3 aggregation),,Annual,04_External Accounts,03_External Debt,285,16,1991,2025,"Total external debt is the stock of outstanding debt owed by residents of a country to nonresidents, covering both the public and private sectors. It includes loans, bonds and other financial liabilities denominated in foreign or domestic currency, provided the creditors are abroad. This indicator reflects the overall external borrowing obligations of the economy and its exposure to foreign financial risks. The definition may vary by country.",The Central Bank of Belize,2026-07-16,5ce79d5fd3290034
Total External Debt,"fiscal year (Q4–Q3 aggregation), avg. of period",,Annual,04_External Accounts,03_External Debt,69,3,2002,2025,"Total external debt is the stock of outstanding debt owed by residents of a country to nonresidents, covering both the public and private sectors. It includes loans, bonds and other financial liabilities denominated in foreign or domestic currency, provided the creditors are abroad. This indicator reflects the overall external borrowing obligations of the economy and its exposure to foreign financial risks. The definition may vary by country.",Banco Central de Chile,2026-07-16,8f7fddf8a403ef3b
Total External Debt,"fiscal year (Q4–Q3 aggregation), end of period",,Annual,04_External Accounts,03_External Debt,88,4,2002,2025,"Total external debt is the stock of outstanding debt owed by residents of a country to nonresidents, covering both the public and private sectors. It includes loans, bonds and other financial liabilities denominated in foreign or domestic currency, provided the creditors are abroad. This indicator reflects the overall external borrowing obligations of the economy and its exposure to foreign financial risks. The definition may vary by country.",INDEC - Argentina,2026-07-16,fa05edc8456dbf9d
Total External Debt,"millions of USD, avg. of period",YoY %,Annual,04_External Accounts,03_External Debt,389,20,1991,2026,"Total external debt is the stock of outstanding debt owed by residents of a country to nonresidents, covering both the public and private sectors. It includes loans, bonds and other financial liabilities denominated in foreign or domestic currency, provided the creditors are abroad. This indicator reflects the overall external borrowing obligations of the economy and its exposure to foreign financial risks. The definition may vary by country.",INDEC - Argentina,2026-07-16,881c5fb6a048118e
Total External Debt,"millions of USD, avg. of period",,Annual,04_External Accounts,03_External Debt,409,20,1990,2026,"Total external debt is the stock of outstanding debt owed by residents of a country to nonresidents, covering both the public and private sectors. It includes loans, bonds and other financial liabilities denominated in foreign or domestic currency, provided the creditors are abroad. This indicator reflects the overall external borrowing obligations of the economy and its exposure to foreign financial risks. The definition may vary by country.",INDEC - Argentina,2026-07-16,c9d7cabcf1fd8d79
Total External Debt,"millions of USD, end of period",YoY %,Annual,04_External Accounts,03_External Debt,393,20,1991,2026,"Total external debt is the stock of outstanding debt owed by residents of a country to nonresidents, covering both the public and private sectors. It includes loans, bonds and other financial liabilities denominated in foreign or domestic currency, provided the creditors are abroad. This indicator reflects the overall external borrowing obligations of the economy and its exposure to foreign financial risks. The definition may vary by country.",INDEC - Argentina,2026-07-16,9876f81d6371ae99
Total External Debt,"millions of USD, end of period",,Annual,04_External Accounts,03_External Debt,411,20,1990,2025,"Total external debt is the stock of outstanding debt owed by residents of a country to nonresidents, covering both the public and private sectors. It includes loans, bonds and other financial liabilities denominated in foreign or domestic currency, provided the creditors are abroad. This indicator reflects the overall external borrowing obligations of the economy and its exposure to foreign financial risks. The definition may vary by country.",INDEC - Argentina,2026-07-16,fae979619b769cca
Total External Liabilities,"% of GDP, avg. of period",,Annual,04_External Accounts,05_International Investment Position,286,16,2000,2025,"Total external liabilities are the stock of financial obligations that residents of a country owe to nonresidents, including direct investment in the domestic economy, portfolio investment, loans, deposits and other liabilities. They capture the total commitments of the domestic economy to the rest of the world.",INDEC - Argentina,2026-07-16,2230a9830156c962
Total External Liabilities,"% of GDP, end of period",,Annual,04_External Accounts,05_International Investment Position,290,16,1999,2025,"Total external liabilities are the stock of financial obligations that residents of a country owe to nonresidents, including direct investment in the domestic economy, portfolio investment, loans, deposits and other liabilities. They capture the total commitments of the domestic economy to the rest of the world.",INDEC - Argentina,2026-07-16,dfda23a554637d64
Total External Liabilities,"millions of USD, avg. of period",YoY %,Annual,04_External Accounts,05_International Investment Position,273,16,2001,2025,"Total external liabilities are the stock of financial obligations that residents of a country owe to nonresidents, including direct investment in the domestic economy, portfolio investment, loans, deposits and other liabilities. They capture the total commitments of the domestic economy to the rest of the world.",INDEC - Argentina,2026-07-16,0b0ee6890912b5e9
Total External Liabilities,"millions of USD, avg. of period",,Annual,04_External Accounts,05_International Investment Position,289,16,2000,2025,"Total external liabilities are the stock of financial obligations that residents of a country owe to nonresidents, including direct investment in the domestic economy, portfolio investment, loans, deposits and other liabilities. They capture the total commitments of the domestic economy to the rest of the world.",INDEC - Argentina,2026-07-16,d2d02af254553218
Total External Liabilities,"millions of USD, end of period",YoY %,Annual,04_External Accounts,05_International Investment Position,277,16,2000,2025,"Total external liabilities are the stock of financial obligations that residents of a country owe to nonresidents, including direct investment in the domestic economy, portfolio investment, loans, deposits and other liabilities. They capture the total commitments of the domestic economy to the rest of the world.",INDEC - Argentina,2026-07-16,818e7928d21fa731
Total External Liabilities,"millions of USD, end of period",,Annual,04_External Accounts,05_International Investment Position,293,16,1999,2025,"Total external liabilities are the stock of financial obligations that residents of a country owe to nonresidents, including direct investment in the domestic economy, portfolio investment, loans, deposits and other liabilities. They capture the total commitments of the domestic economy to the rest of the world.",INDEC - Argentina,2026-07-16,15c5e79a70f8dc6f
Total Fiscal Expenditure,% of GDP,,Annual,03_Fiscal Accounts and Public Debt,01_Central Government,390,19,1990,2025,"Fiscal Expenditure (Central Government) is the sum of all spending by the central government, including both primary expenditures (such as wages, subsidies, and investment) and interest payments on public debt. It reflects the full scope of government outlays. The precise coverage and classification may vary across countries, so country-specific notes should be consulted.",Ministerio de Economía de Argentina,2026-07-16,d6b1db49639d697a
Total Fiscal Expenditure,% of GDP,,Annual,03_Fiscal Accounts and Public Debt,02_General Government,171,10,1993,2025,"Total Fiscal Expenditure (General Government) is the sum of all spending by the general government, including both primary expenditures (such as wages, subsidies, and investment) and interest payments on public debt. It reflects the full scope of government outlays. The precise coverage and classification may vary across countries, so country-specific notes should be consulted.",Ministerio de Economía de Argentina,2026-07-16,f9dd7acec2d4a6ee
Total Fiscal Expenditure,PPP adjusted,YoY %,Annual,03_Fiscal Accounts and Public Debt,01_Central Government,425,20,1991,2024,"Fiscal Expenditure (Central Government) is the sum of all spending by the central government, including both primary expenditures (such as wages, subsidies, and investment) and interest payments on public debt. It reflects the full scope of government outlays. The precise coverage and classification may vary across countries, so country-specific notes should be consulted.",Ministerio de Economía de Argentina,2026-07-16,3bf824cea9e662d4
Total Fiscal Expenditure,PPP adjusted,YoY %,Annual,03_Fiscal Accounts and Public Debt,02_General Government,149,10,1991,2024,"Total Fiscal Expenditure (General Government) is the sum of all spending by the general government, including both primary expenditures (such as wages, subsidies, and investment) and interest payments on public debt. It reflects the full scope of government outlays. The precise coverage and classification may vary across countries, so country-specific notes should be consulted.",Ministerio de Economía de Argentina,2026-07-16,7f85ea508de93e90
Total Fiscal Expenditure,PPP adjusted,,Annual,03_Fiscal Accounts and Public Debt,01_Central Government,428,19,1990,2024,"Fiscal Expenditure (Central Government) is the sum of all spending by the central government, including both primary expenditures (such as wages, subsidies, and investment) and interest payments on public debt. It reflects the full scope of government outlays. The precise coverage and classification may vary across countries, so country-specific notes should be consulted.",Ministerio de Economía de Argentina,2026-07-16,7ba58d86e44907de
Total Fiscal Expenditure,PPP adjusted,,Annual,03_Fiscal Accounts and Public Debt,02_General Government,170,10,1990,2024,"Total Fiscal Expenditure (General Government) is the sum of all spending by the general government, including both primary expenditures (such as wages, subsidies, and investment) and interest payments on public debt. It reflects the full scope of government outlays. The precise coverage and classification may vary across countries, so country-specific notes should be consulted.",Ministerio de Economía de Argentina,2026-07-16,5ff2313d79d62e3d
Total Fiscal Expenditure,constant prices – CPI-deflated,,Annual,03_Fiscal Accounts and Public Debt,01_Central Government,409,19,1990,2025,"Fiscal Expenditure (Central Government) is the sum of all spending by the central government, including both primary expenditures (such as wages, subsidies, and investment) and interest payments on public debt. It reflects the full scope of government outlays. The precise coverage and classification may vary across countries, so country-specific notes should be consulted.",Ministerio de Economía de Argentina,2026-07-16,fb29b0c26d55a50e
Total Fiscal Expenditure,constant prices – CPI-deflated,,Annual,03_Fiscal Accounts and Public Debt,02_General Government,177,10,1990,2025,"Total Fiscal Expenditure (General Government) is the sum of all spending by the general government, including both primary expenditures (such as wages, subsidies, and investment) and interest payments on public debt. It reflects the full scope of government outlays. The precise coverage and classification may vary across countries, so country-specific notes should be consulted.",Ministerio de Economía de Argentina,2026-07-16,5f3d514da1ed2c1c
Total Fiscal Expenditure,fiscal year (Q4–Q3 aggregation),,Annual,03_Fiscal Accounts and Public Debt,01_Central Government,404,18,1991,2025,"Fiscal Expenditure (Central Government) is the sum of all spending by the central government, including both primary expenditures (such as wages, subsidies, and investment) and interest payments on public debt. It reflects the full scope of government outlays. The precise coverage and classification may vary across countries, so country-specific notes should be consulted.",Ministerio de Economía de Argentina,2026-07-16,2555e064bfe4b071
Total Fiscal Expenditure,fiscal year (Q4–Q3 aggregation),,Annual,03_Fiscal Accounts and Public Debt,02_General Government,99,8,1996,2025,"Total Fiscal Expenditure (General Government) is the sum of all spending by the general government, including both primary expenditures (such as wages, subsidies, and investment) and interest payments on public debt. It reflects the full scope of government outlays. The precise coverage and classification may vary across countries, so country-specific notes should be consulted.",Ministerio de Economía y Finanzas Públicas de Bolivia,2026-07-16,c9b05876eaedb438
Total Fiscal Expenditure,millions of USD,YoY %,Annual,03_Fiscal Accounts and Public Debt,01_Central Government,433,20,1991,2025,"Fiscal Expenditure (Central Government) is the sum of all spending by the central government, including both primary expenditures (such as wages, subsidies, and investment) and interest payments on public debt. It reflects the full scope of government outlays. The precise coverage and classification may vary across countries, so country-specific notes should be consulted.",Ministerio de Economía de Argentina,2026-07-16,984548d0265dfd46
Total Fiscal Expenditure,millions of USD,YoY %,Annual,03_Fiscal Accounts and Public Debt,02_General Government,156,10,1991,2025,"Total Fiscal Expenditure (General Government) is the sum of all spending by the general government, including both primary expenditures (such as wages, subsidies, and investment) and interest payments on public debt. It reflects the full scope of government outlays. The precise coverage and classification may vary across countries, so country-specific notes should be consulted.",Ministerio de Economía de Argentina,2026-07-16,5ed0813ff90bc6b9
Total Fiscal Expenditure,millions of USD,,Annual,03_Fiscal Accounts and Public Debt,01_Central Government,436,19,1990,2025,"Fiscal Expenditure (Central Government) is the sum of all spending by the central government, including both primary expenditures (such as wages, subsidies, and investment) and interest payments on public debt. It reflects the full scope of government outlays. The precise coverage and classification may vary across countries, so country-specific notes should be consulted.",Ministerio de Economía de Argentina,2026-07-16,a09860d543a6f474
Total Fiscal Expenditure,millions of USD,,Annual,03_Fiscal Accounts and Public Debt,02_General Government,177,10,1990,2025,"Total Fiscal Expenditure (General Government) is the sum of all spending by the general government, including both primary expenditures (such as wages, subsidies, and investment) and interest payments on public debt. It reflects the full scope of government outlays. The precise coverage and classification may vary across countries, so country-specific notes should be consulted.",Ministerio de Economía de Argentina,2026-07-16,2df7e0917f14221e
Total Fiscal Expenditure,millions of domestic currency,YoY %,Annual,03_Fiscal Accounts and Public Debt,01_Central Government,436,20,1991,2025,"Fiscal Expenditure (Central Government) is the sum of all spending by the central government, including both primary expenditures (such as wages, subsidies, and investment) and interest payments on public debt. It reflects the full scope of government outlays. The precise coverage and classification may vary across countries, so country-specific notes should be consulted.",Ministerio de Economía de Argentina,2026-07-16,ca240f209e5db1e1
Total Fiscal Expenditure,millions of domestic currency,YoY %,Annual,03_Fiscal Accounts and Public Debt,02_General Government,156,10,1991,2025,"Total Fiscal Expenditure (General Government) is the sum of all spending by the general government, including both primary expenditures (such as wages, subsidies, and investment) and interest payments on public debt. It reflects the full scope of government outlays. The precise coverage and classification may vary across countries, so country-specific notes should be consulted.",Ministerio de Economía de Argentina,2026-07-16,d3b0c0a082773aba
Total Fiscal Expenditure,millions of domestic currency,,Annual,03_Fiscal Accounts and Public Debt,01_Central Government,439,19,1990,2025,"Fiscal Expenditure (Central Government) is the sum of all spending by the central government, including both primary expenditures (such as wages, subsidies, and investment) and interest payments on public debt. It reflects the full scope of government outlays. The precise coverage and classification may vary across countries, so country-specific notes should be consulted.",Ministerio de Economía de Argentina,2026-07-16,b00f7fb8d013113c
Total Fiscal Expenditure,millions of domestic currency,,Annual,03_Fiscal Accounts and Public Debt,02_General Government,177,10,1990,2025,"Total Fiscal Expenditure (General Government) is the sum of all spending by the general government, including both primary expenditures (such as wages, subsidies, and investment) and interest payments on public debt. It reflects the full scope of government outlays. The precise coverage and classification may vary across countries, so country-specific notes should be consulted.",Ministerio de Economía de Argentina,2026-07-16,0184f684adb30e56
Total Public Debt,% of GDP,,Annual,03_Fiscal Accounts and Public Debt,01_Central Government,18,1,2008,2025,"Total Public Debt (Central Government) refers to the outstanding stock of public debt contracted by the central government, both with resident and non-resident creditors. It includes external and domestic debt instruments such as loans, bonds, and other financial obligations. This indicator reflects the overall indebtedness of the government and its financing needs.",Secretaria de Finanzas de Honduras,2026-07-16,4d62bfea5c7c9a9d
Total Public Debt,% of GDP,,Annual,03_Fiscal Accounts and Public Debt,03_Non Financial Public Sector,22,1,2004,2025,"Total Public Debt (Non-Financial Public Sector) refers to the outstanding stock of public debt contracted by the non-financial public sector, both with resident and non-resident creditors. It includes external and domestic debt instruments such as loans, bonds, and other financial obligations. This indicator reflects the overall indebtedness of the public sector and its financing needs.",Ministerio de Economía y Finanzas de Paraguay,2026-07-16,52a6e75078fd98b7
Total Public Debt,"% of GDP, avg. of period",,Annual,03_Fiscal Accounts and Public Debt,01_Central Government,119,8,1995,2025,"Total Public Debt (Central Government) refers to the outstanding stock of public debt contracted by the central government, both with resident and non-resident creditors. It includes external and domestic debt instruments such as loans, bonds, and other financial obligations. This indicator reflects the overall indebtedness of the government and its financing needs.",Ministerio de Economía de Argentina,2026-07-16,dcfde09930775706
Total Public Debt,"% of GDP, avg. of period",,Annual,03_Fiscal Accounts and Public Debt,02_General Government,55,3,1999,2025,"Total Public Debt (General Government) refers to the outstanding stock of public debt contracted by the general government, both with resident and non-resident creditors. It includes external and domestic debt instruments such as loans, bonds, and other financial obligations. This indicator reflects the overall indebtedness of the government and its financing needs.",Tesouro Nacional do Brasil,2026-07-16,d01f52093bf9aa6e
Total Public Debt,"% of GDP, avg. of period",,Annual,03_Fiscal Accounts and Public Debt,03_Non Financial Public Sector,207,9,1993,2025,"Total Public Debt (Non-Financial Public Sector) refers to the outstanding stock of public debt contracted by the non-financial public sector, both with resident and non-resident creditors. It includes external and domestic debt instruments such as loans, bonds, and other financial obligations. This indicator reflects the overall indebtedness of the public sector and its financing needs.",Ministerio de Hacienda y Crédito Público de Colombia,2026-07-16,06d30771d7ba8bfe
Total Public Debt,"% of GDP, end of period",,Annual,03_Fiscal Accounts and Public Debt,01_Central Government,130,9,1995,2025,"Total Public Debt (Central Government) refers to the outstanding stock of public debt contracted by the central government, both with resident and non-resident creditors. It includes external and domestic debt instruments such as loans, bonds, and other financial obligations. This indicator reflects the overall indebtedness of the government and its financing needs.",Ministerio de Economía de Argentina,2026-07-16,2a7b266c0aa4be38
Total Public Debt,"% of GDP, end of period",,Annual,03_Fiscal Accounts and Public Debt,02_General Government,56,3,1998,2025,"Total Public Debt (General Government) refers to the outstanding stock of public debt contracted by the general government, both with resident and non-resident creditors. It includes external and domestic debt instruments such as loans, bonds, and other financial obligations. This indicator reflects the overall indebtedness of the government and its financing needs.",Tesouro Nacional do Brasil,2026-07-16,46e5f56f0ab4d2b0
Total Public Debt,"% of GDP, end of period",,Annual,03_Fiscal Accounts and Public Debt,03_Non Financial Public Sector,209,9,1993,2025,"Total Public Debt (Non-Financial Public Sector) refers to the outstanding stock of public debt contracted by the non-financial public sector, both with resident and non-resident creditors. It includes external and domestic debt instruments such as loans, bonds, and other financial obligations. This indicator reflects the overall indebtedness of the public sector and its financing needs.",Ministerio de Hacienda y Crédito Público de Colombia,2026-07-16,3c98a40667a7727c
Total Public Debt,fiscal year (Q4–Q3 aggregation),,Annual,03_Fiscal Accounts and Public Debt,01_Central Government,55,3,1999,2025,"Total Public Debt (Central Government) refers to the outstanding stock of public debt contracted by the central government, both with resident and non-resident creditors. It includes external and domestic debt instruments such as loans, bonds, and other financial obligations. This indicator reflects the overall indebtedness of the government and its financing needs.",Ministerio de Economía de Argentina,2026-07-16,3bff0587a372f85b
Total Public Debt,fiscal year (Q4–Q3 aggregation),,Annual,03_Fiscal Accounts and Public Debt,02_General Government,10,1,2016,2025,"Total Public Debt (General Government) refers to the outstanding stock of public debt contracted by the general government, both with resident and non-resident creditors. It includes external and domestic debt instruments such as loans, bonds, and other financial obligations. This indicator reflects the overall indebtedness of the government and its financing needs.",Central Bank of Trinidad and Tobago,2026-07-16,1869bd5a394ea3ee
Total Public Debt,fiscal year (Q4–Q3 aggregation),,Annual,03_Fiscal Accounts and Public Debt,03_Non Financial Public Sector,94,4,2000,2025,"Total Public Debt (Non-Financial Public Sector) refers to the outstanding stock of public debt contracted by the non-financial public sector, both with resident and non-resident creditors. It includes external and domestic debt instruments such as loans, bonds, and other financial obligations. This indicator reflects the overall indebtedness of the public sector and its financing needs.",Ministerio de Hacienda y Crédito Público de Colombia,2026-07-16,8e4c6bcb94d05345
Total Public Debt,"fiscal year (Q4–Q3 aggregation), avg. of period",,Annual,03_Fiscal Accounts and Public Debt,01_Central Government,103,6,1996,2025,"Total Public Debt (Central Government) refers to the outstanding stock of public debt contracted by the central government, both with resident and non-resident creditors. It includes external and domestic debt instruments such as loans, bonds, and other financial obligations. This indicator reflects the overall indebtedness of the government and its financing needs.",IRC - Relación con inversionistas de Colombia,2026-07-16,a3bf1cdffbe8c07e
Total Public Debt,"fiscal year (Q4–Q3 aggregation), avg. of period",,Annual,03_Fiscal Accounts and Public Debt,02_General Government,44,2,1999,2025,"Total Public Debt (General Government) refers to the outstanding stock of public debt contracted by the general government, both with resident and non-resident creditors. It includes external and domestic debt instruments such as loans, bonds, and other financial obligations. This indicator reflects the overall indebtedness of the government and its financing needs.",Tesouro Nacional do Brasil,2026-07-16,c9049e9b366923ad
Total Public Debt,"fiscal year (Q4–Q3 aggregation), avg. of period",,Annual,03_Fiscal Accounts and Public Debt,03_Non Financial Public Sector,84,4,1999,2025,"Total Public Debt (Non-Financial Public Sector) refers to the outstanding stock of public debt contracted by the non-financial public sector, both with resident and non-resident creditors. It includes external and domestic debt instruments such as loans, bonds, and other financial obligations. This indicator reflects the overall indebtedness of the public sector and its financing needs.",Ministerio de Economía y Finanzas de Ecuador,2026-07-16,24a9673eba424976
Total Public Debt,"fiscal year (Q4–Q3 aggregation), end of period",,Annual,03_Fiscal Accounts and Public Debt,01_Central Government,103,6,1996,2025,"Total Public Debt (Central Government) refers to the outstanding stock of public debt contracted by the central government, both with resident and non-resident creditors. It includes external and domestic debt instruments such as loans, bonds, and other financial obligations. This indicator reflects the overall indebtedness of the government and its financing needs.",IRC - Relación con inversionistas de Colombia,2026-07-16,9758cc6fb19c3f44
Total Public Debt,"fiscal year (Q4–Q3 aggregation), end of period",,Annual,03_Fiscal Accounts and Public Debt,02_General Government,44,2,1999,2025,"Total Public Debt (General Government) refers to the outstanding stock of public debt contracted by the general government, both with resident and non-resident creditors. It includes external and domestic debt instruments such as loans, bonds, and other financial obligations. This indicator reflects the overall indebtedness of the government and its financing needs.",Tesouro Nacional do Brasil,2026-07-16,df17a89c5fa84e64
Total Public Debt,"fiscal year (Q4–Q3 aggregation), end of period",,Annual,03_Fiscal Accounts and Public Debt,03_Non Financial Public Sector,96,5,1999,2025,"Total Public Debt (Non-Financial Public Sector) refers to the outstanding stock of public debt contracted by the non-financial public sector, both with resident and non-resident creditors. It includes external and domestic debt instruments such as loans, bonds, and other financial obligations. This indicator reflects the overall indebtedness of the public sector and its financing needs.",Ministerio de Economía y Hacienda de Rep. Dominicana,2026-07-16,1735424a50aa1e8b
Total Public Debt,millions of USD,YoY %,Annual,03_Fiscal Accounts and Public Debt,01_Central Government,17,1,2009,2025,"Total Public Debt (Central Government) refers to the outstanding stock of public debt contracted by the central government, both with resident and non-resident creditors. It includes external and domestic debt instruments such as loans, bonds, and other financial obligations. This indicator reflects the overall indebtedness of the government and its financing needs.",Secretaria de Finanzas de Honduras,2026-07-16,d376b6d28e7738dd
Total Public Debt,millions of USD,YoY %,Annual,03_Fiscal Accounts and Public Debt,03_Non Financial Public Sector,21,1,2005,2025,"Total Public Debt (Non-Financial Public Sector) refers to the outstanding stock of public debt contracted by the non-financial public sector, both with resident and non-resident creditors. It includes external and domestic debt instruments such as loans, bonds, and other financial obligations. This indicator reflects the overall indebtedness of the public sector and its financing needs.",Ministerio de Economía y Finanzas de Paraguay,2026-07-16,79d6222e96f7a3da
Total Public Debt,millions of USD,,Annual,03_Fiscal Accounts and Public Debt,01_Central Government,18,1,2008,2025,"Total Public Debt (Central Government) refers to the outstanding stock of public debt contracted by the central government, both with resident and non-resident creditors. It includes external and domestic debt instruments such as loans, bonds, and other financial obligations. This indicator reflects the overall indebtedness of the government and its financing needs.",Secretaria de Finanzas de Honduras,2026-07-16,a17725d8397c3a2b
Total Public Debt,millions of USD,,Annual,03_Fiscal Accounts and Public Debt,03_Non Financial Public Sector,22,1,2004,2025,"Total Public Debt (Non-Financial Public Sector) refers to the outstanding stock of public debt contracted by the non-financial public sector, both with resident and non-resident creditors. It includes external and domestic debt instruments such as loans, bonds, and other financial obligations. This indicator reflects the overall indebtedness of the public sector and its financing needs.",Ministerio de Economía y Finanzas de Paraguay,2026-07-16,5062856758ce17c9
Total Public Debt,"millions of USD, avg. of period",YoY %,Annual,03_Fiscal Accounts and Public Debt,01_Central Government,122,8,1996,2025,"Total Public Debt (Central Government) refers to the outstanding stock of public debt contracted by the central government, both with resident and non-resident creditors. It includes external and domestic debt instruments such as loans, bonds, and other financial obligations. This indicator reflects the overall indebtedness of the government and its financing needs.",Ministerio de Economía de Argentina,2026-07-16,d5c4c8dab6ca0d8b
Total Public Debt,"millions of USD, avg. of period",YoY %,Annual,03_Fiscal Accounts and Public Debt,02_General Government,53,3,2000,2025,"Total Public Debt (General Government) refers to the outstanding stock of public debt contracted by the general government, both with resident and non-resident creditors. It includes external and domestic debt instruments such as loans, bonds, and other financial obligations. This indicator reflects the overall indebtedness of the government and its financing needs.",Tesouro Nacional do Brasil,2026-07-16,3db751ca9853de46
Total Public Debt,"millions of USD, avg. of period",YoY %,Annual,03_Fiscal Accounts and Public Debt,03_Non Financial Public Sector,204,9,1991,2025,"Total Public Debt (Non-Financial Public Sector) refers to the outstanding stock of public debt contracted by the non-financial public sector, both with resident and non-resident creditors. It includes external and domestic debt instruments such as loans, bonds, and other financial obligations. This indicator reflects the overall indebtedness of the public sector and its financing needs.",Ministerio de Hacienda y Crédito Público de Colombia,2026-07-16,b7847c930d64436c
Total Public Debt,"millions of USD, avg. of period",,Annual,03_Fiscal Accounts and Public Debt,01_Central Government,128,8,1995,2025,"Total Public Debt (Central Government) refers to the outstanding stock of public debt contracted by the central government, both with resident and non-resident creditors. It includes external and domestic debt instruments such as loans, bonds, and other financial obligations. This indicator reflects the overall indebtedness of the government and its financing needs.",Ministerio de Economía de Argentina,2026-07-16,faf880feaf042bb2
Total Public Debt,"millions of USD, avg. of period",,Annual,03_Fiscal Accounts and Public Debt,02_General Government,56,3,1999,2025,"Total Public Debt (General Government) refers to the outstanding stock of public debt contracted by the general government, both with resident and non-resident creditors. It includes external and domestic debt instruments such as loans, bonds, and other financial obligations. This indicator reflects the overall indebtedness of the government and its financing needs.",Tesouro Nacional do Brasil,2026-07-16,ec07ae9074482c50
Total Public Debt,"millions of USD, avg. of period",,Annual,03_Fiscal Accounts and Public Debt,03_Non Financial Public Sector,213,9,1990,2025,"Total Public Debt (Non-Financial Public Sector) refers to the outstanding stock of public debt contracted by the non-financial public sector, both with resident and non-resident creditors. It includes external and domestic debt instruments such as loans, bonds, and other financial obligations. This indicator reflects the overall indebtedness of the public sector and its financing needs.",Ministerio de Hacienda y Crédito Público de Colombia,2026-07-16,fbb7ed46f27a5d6a
Total Public Debt,"millions of USD, end of period",YoY %,Annual,03_Fiscal Accounts and Public Debt,01_Central Government,133,9,1996,2025,"Total Public Debt (Central Government) refers to the outstanding stock of public debt contracted by the central government, both with resident and non-resident creditors. It includes external and domestic debt instruments such as loans, bonds, and other financial obligations. This indicator reflects the overall indebtedness of the government and its financing needs.",Ministerio de Economía de Argentina,2026-07-16,a18408e10a3c8375
Total Public Debt,"millions of USD, end of period",YoY %,Annual,03_Fiscal Accounts and Public Debt,02_General Government,54,3,1999,2025,"Total Public Debt (General Government) refers to the outstanding stock of public debt contracted by the general government, both with resident and non-resident creditors. It includes external and domestic debt instruments such as loans, bonds, and other financial obligations. This indicator reflects the overall indebtedness of the government and its financing needs.",Tesouro Nacional do Brasil,2026-07-16,2a83948a00d67d4c
Total Public Debt,"millions of USD, end of period",YoY %,Annual,03_Fiscal Accounts and Public Debt,03_Non Financial Public Sector,217,9,1991,2025,"Total Public Debt (Non-Financial Public Sector) refers to the outstanding stock of public debt contracted by the non-financial public sector, both with resident and non-resident creditors. It includes external and domestic debt instruments such as loans, bonds, and other financial obligations. This indicator reflects the overall indebtedness of the public sector and its financing needs.",Ministerio de Hacienda y Crédito Público de Colombia,2026-07-16,e931de20804d6fdf
Total Public Debt,"millions of USD, end of period",,Annual,03_Fiscal Accounts and Public Debt,01_Central Government,139,9,1995,2025,"Total Public Debt (Central Government) refers to the outstanding stock of public debt contracted by the central government, both with resident and non-resident creditors. It includes external and domestic debt instruments such as loans, bonds, and other financial obligations. This indicator reflects the overall indebtedness of the government and its financing needs.",Ministerio de Economía de Argentina,2026-07-16,edd79e9eb92478d0
Total Public Debt,"millions of USD, end of period",,Annual,03_Fiscal Accounts and Public Debt,02_General Government,57,3,1998,2025,"Total Public Debt (General Government) refers to the outstanding stock of public debt contracted by the general government, both with resident and non-resident creditors. It includes external and domestic debt instruments such as loans, bonds, and other financial obligations. This indicator reflects the overall indebtedness of the government and its financing needs.",Tesouro Nacional do Brasil,2026-07-16,6628c63bc1053864
Total Public Debt,"millions of USD, end of period",,Annual,03_Fiscal Accounts and Public Debt,03_Non Financial Public Sector,226,9,1990,2025,"Total Public Debt (Non-Financial Public Sector) refers to the outstanding stock of public debt contracted by the non-financial public sector, both with resident and non-resident creditors. It includes external and domestic debt instruments such as loans, bonds, and other financial obligations. This indicator reflects the overall indebtedness of the public sector and its financing needs.",Ministerio de Hacienda y Crédito Público de Colombia,2026-07-16,19dff7bd304908cd
Tradable GDP (Constant Prices),% of GDP,,Annual,01_Economic Activity and Employment,01_National Accounts,649,25,1990,2025,"Tradable GDP at constant prices is the value of gross domestic product generated by tradable sectors of the economy, such as manufacturing, mining and agriculture, measured at constant prices of a fixed base year. The classification of tradable sectors may vary across countries. Tradable and non-tradable GDP shares are computed as a percentage of total GDP at constant prices. Since sectoral aggregates are constructed from value added while total GDP is measured at market prices, the two do not necessarily coincide. To ensure consistency, any discrepancy is allocated proportionally between tradable and non-tradable components based on their relative shares, so that their sum equals total GDP.",Internal calculations based on INDEC - Argentina,2026-07-16,1d7b7bf94e9f22c0
Tradable GDP (Constant Prices),index (2023 = 100),YoY %,Annual,01_Economic Activity and Employment,01_National Accounts,639,25,1991,2026,"Tradable GDP at constant prices is the value of gross domestic product generated by tradable sectors of the economy, such as manufacturing, mining and agriculture, measured at constant prices of a fixed base year. The classification of tradable sectors may vary across countries. Tradable and non-tradable GDP shares are computed as a percentage of total GDP at constant prices. Since sectoral aggregates are constructed from value added while total GDP is measured at market prices, the two do not necessarily coincide. To ensure consistency, any discrepancy is allocated proportionally between tradable and non-tradable components based on their relative shares, so that their sum equals total GDP.",Internal calculations based on INDEC - Argentina,2026-07-16,dfcbd848cb681d00
Tradable GDP (Constant Prices),index (2023 = 100),,Annual,01_Economic Activity and Employment,01_National Accounts,664,25,1990,2026,"Tradable GDP at constant prices is the value of gross domestic product generated by tradable sectors of the economy, such as manufacturing, mining and agriculture, measured at constant prices of a fixed base year. The classification of tradable sectors may vary across countries. Tradable and non-tradable GDP shares are computed as a percentage of total GDP at constant prices. Since sectoral aggregates are constructed from value added while total GDP is measured at market prices, the two do not necessarily coincide. To ensure consistency, any discrepancy is allocated proportionally between tradable and non-tradable components based on their relative shares, so that their sum equals total GDP.",Internal calculations based on INDEC - Argentina,2026-07-16,5570ab85f1553304
Tradable GDP (Constant Prices),millions of domestic currency,YoY %,Annual,01_Economic Activity and Employment,01_National Accounts,639,25,1991,2026,"Tradable GDP at constant prices is the value of gross domestic product generated by tradable sectors of the economy, such as manufacturing, mining and agriculture, measured at constant prices of a fixed base year. The classification of tradable sectors may vary across countries. Tradable and non-tradable GDP shares are computed as a percentage of total GDP at constant prices. Since sectoral aggregates are constructed from value added while total GDP is measured at market prices, the two do not necessarily coincide. To ensure consistency, any discrepancy is allocated proportionally between tradable and non-tradable components based on their relative shares, so that their sum equals total GDP.",Internal calculations based on INDEC - Argentina,2026-07-16,e84babeabc2422eb
Tradable GDP (Constant Prices),millions of domestic currency,,Annual,01_Economic Activity and Employment,01_National Accounts,664,25,1990,2026,"Tradable GDP at constant prices is the value of gross domestic product generated by tradable sectors of the economy, such as manufacturing, mining and agriculture, measured at constant prices of a fixed base year. The classification of tradable sectors may vary across countries. Tradable and non-tradable GDP shares are computed as a percentage of total GDP at constant prices. Since sectoral aggregates are constructed from value added while total GDP is measured at market prices, the two do not necessarily coincide. To ensure consistency, any discrepancy is allocated proportionally between tradable and non-tradable components based on their relative shares, so that their sum equals total GDP.",Internal calculations based on INDEC - Argentina,2026-07-16,b2064317a9811871
Trade Balance,% of GDP,,Annual,04_External Accounts,02_Trade Balance,529,20,1990,2025,"Trade Balance is the difference between a country’s exports and imports of goods, based on customs data. A positive balance (surplus) indicates that exports exceed imports while a negative balance (deficit) means imports are greater than exports. This measure covers only goods, excludes services and is used to calculate the merchandise trade balance.",INDEC - Argentina,2026-07-16,ec19fed3ad6f0dd5
Trade Balance,millions of USD,,Annual,04_External Accounts,02_Trade Balance,624,21,1990,2025,"Trade Balance is the difference between a country’s exports and imports of goods, based on customs data. A positive balance (surplus) indicates that exports exceed imports while a negative balance (deficit) means imports are greater than exports. This measure covers only goods, excludes services and is used to calculate the merchandise trade balance.",INDEC - Argentina,2026-07-16,b0d015ee3f063baf
Trade Balance (BOP),% of GDP,,Annual,04_External Accounts,01_Balance of Payments,467,23,1990,2025,Trade Balance (Balance of Payments) is the difference between the value of exports and imports of goods recorded in the balance of payments. Goods are usually valued on a FOB (free-on-board) basis.,INDEC - Argentina,2026-07-16,481492e5ff3570b2
Trade Balance (BOP),fiscal year (Q4–Q3 aggregation),,Annual,04_External Accounts,01_Balance of Payments,428,23,1995,2025,Trade Balance (Balance of Payments) is the difference between the value of exports and imports of goods recorded in the balance of payments. Goods are usually valued on a FOB (free-on-board) basis.,INDEC - Argentina,2026-07-16,50e1e8d1b4d2fdaa
Trade Balance (BOP),millions of USD,,Annual,04_External Accounts,01_Balance of Payments,487,23,1990,2025,Trade Balance (Balance of Payments) is the difference between the value of exports and imports of goods recorded in the balance of payments. Goods are usually valued on a FOB (free-on-board) basis.,INDEC - Argentina,2026-07-16,44445be291ac592a
Unemployment (number of persons),"millions of persons, avg. of period",YoY %,Annual,01_Economic Activity and Employment,03_Labor Market,254,12,1991,2025,Unemployment (number of persons) is the total number of individuals without work who are available for and actively seeking employment during a given period. The exact criteria may vary across countries.,INDEC - Argentina,2026-07-16,d9e254d5d3abd9b0
Unemployment (number of persons),"millions of persons, avg. of period",,Annual,01_Economic Activity and Employment,03_Labor Market,266,12,1990,2025,Unemployment (number of persons) is the total number of individuals without work who are available for and actively seeking employment during a given period. The exact criteria may vary across countries.,INDEC - Argentina,2026-07-16,7cdd1cbc8c132b7c
Unemployment (number of persons),"millions of persons, end of period",YoY %,Annual,01_Economic Activity and Employment,03_Labor Market,257,12,1991,2025,Unemployment (number of persons) is the total number of individuals without work who are available for and actively seeking employment during a given period. The exact criteria may vary across countries.,INDEC - Argentina,2026-07-16,22c27a1272ff795a
Unemployment (number of persons),"millions of persons, end of period",,Annual,01_Economic Activity and Employment,03_Labor Market,268,12,1990,2025,Unemployment (number of persons) is the total number of individuals without work who are available for and actively seeking employment during a given period. The exact criteria may vary across countries.,INDEC - Argentina,2026-07-16,415b00819cce2910
Unemployment Rate,"in %, avg. of period",,Annual,01_Economic Activity and Employment,03_Labor Market,498,21,1990,2025,"Unemployment rate represents the share of the labor force that is without work, available for work, and actively seeking employment during a specified reference period. It excludes individuals not actively looking for work, such as discouraged workers or those temporarily outside the labor force. The exact criteria may vary across countries.",INDEC - Argentina,2026-07-16,4db82e15771f914a
Unemployment Rate,"in %, end of period",,Annual,01_Economic Activity and Employment,03_Labor Market,474,20,1990,2025,"Unemployment rate represents the share of the labor force that is without work, available for work, and actively seeking employment during a specified reference period. It excludes individuals not actively looking for work, such as discouraged workers or those temporarily outside the labor force. The exact criteria may vary across countries.",INDEC - Argentina,2026-07-16,395d275de11f64a2
Wage Index,constant prices – CPI-deflated,,Annual,02_Prices and Wages,05_Wages,57,2,1993,2025,"The Wage Index is an index that measures average worker compensation and serves as an official proxy for labor income, reflecting labor market conditions and purchasing power. Its construction differs across countries, depending on data sources and coverage (such as private sector, public sector, formal or informal employment). Users should review country-specific notes for precise definitions.",Barbados Statistical Service,2026-07-16,9946cbbb8f68ffd0
Wage Index,"constant prices – CPI-deflated, avg. of period",,Annual,02_Prices and Wages,05_Wages,404,17,1990,2025,"The Wage Index is an index that measures average worker compensation and serves as an official proxy for labor income, reflecting labor market conditions and purchasing power. Its construction differs across countries, depending on data sources and coverage (such as private sector, public sector, formal or informal employment). Users should review country-specific notes for precise definitions.",INDEC - Argentina,2026-07-16,166ccca3f37d3985
Wage Index,"constant prices – CPI-deflated, end of period",,Annual,02_Prices and Wages,05_Wages,391,16,1990,2025,"The Wage Index is an index that measures average worker compensation and serves as an official proxy for labor income, reflecting labor market conditions and purchasing power. Its construction differs across countries, depending on data sources and coverage (such as private sector, public sector, formal or informal employment). Users should review country-specific notes for precise definitions.",INDEC - Argentina,2026-07-16,1ee244b7c84b8bef
Wage Index,index,YoY %,Annual,02_Prices and Wages,05_Wages,63,2,1991,2025,"The Wage Index is an index that measures average worker compensation and serves as an official proxy for labor income, reflecting labor market conditions and purchasing power. Its construction differs across countries, depending on data sources and coverage (such as private sector, public sector, formal or informal employment). Users should review country-specific notes for precise definitions.",Barbados Statistical Service,2026-07-16,38e3e88d00e3379f
Wage Index,index,,Annual,02_Prices and Wages,05_Wages,65,2,1990,2025,"The Wage Index is an index that measures average worker compensation and serves as an official proxy for labor income, reflecting labor market conditions and purchasing power. Its construction differs across countries, depending on data sources and coverage (such as private sector, public sector, formal or informal employment). Users should review country-specific notes for precise definitions.",Barbados Statistical Service,2026-07-16,e549d4efe0dae847
Wage Index,index (2023 = 100),YoY %,Annual,02_Prices and Wages,05_Wages,35,1,1991,2025,"The Wage Index is an index that measures average worker compensation and serves as an official proxy for labor income, reflecting labor market conditions and purchasing power. Its construction differs across countries, depending on data sources and coverage (such as private sector, public sector, formal or informal employment). Users should review country-specific notes for precise definitions.",Banco Central de El Salvador,2026-07-16,6c984284e3a7c99d
Wage Index,index (2023 = 100),,Annual,02_Prices and Wages,05_Wages,36,1,1990,2025,"The Wage Index is an index that measures average worker compensation and serves as an official proxy for labor income, reflecting labor market conditions and purchasing power. Its construction differs across countries, depending on data sources and coverage (such as private sector, public sector, formal or informal employment). Users should review country-specific notes for precise definitions.",Banco Central de El Salvador,2026-07-16,44cc34efdbc5feca
Wage Index,"index (2023 = 100), avg. of period",YoY %,Annual,02_Prices and Wages,05_Wages,404,16,1991,2025,"The Wage Index is an index that measures average worker compensation and serves as an official proxy for labor income, reflecting labor market conditions and purchasing power. Its construction differs across countries, depending on data sources and coverage (such as private sector, public sector, formal or informal employment). Users should review country-specific notes for precise definitions.",INDEC - Argentina,2026-07-16,c03742171b6f7c07
Wage Index,"index (2023 = 100), avg. of period",,Annual,02_Prices and Wages,05_Wages,420,16,1990,2025,"The Wage Index is an index that measures average worker compensation and serves as an official proxy for labor income, reflecting labor market conditions and purchasing power. Its construction differs across countries, depending on data sources and coverage (such as private sector, public sector, formal or informal employment). Users should review country-specific notes for precise definitions.",INDEC - Argentina,2026-07-16,e44737c47339f345
Wage Index,"index (2023 = 100), end of period",YoY %,Annual,02_Prices and Wages,05_Wages,391,15,1991,2025,"The Wage Index is an index that measures average worker compensation and serves as an official proxy for labor income, reflecting labor market conditions and purchasing power. Its construction differs across countries, depending on data sources and coverage (such as private sector, public sector, formal or informal employment). Users should review country-specific notes for precise definitions.",INDEC - Argentina,2026-07-16,a5a7d36c68f05629
Wage Index,"index (2023 = 100), end of period",,Annual,02_Prices and Wages,05_Wages,406,15,1990,2025,"The Wage Index is an index that measures average worker compensation and serves as an official proxy for labor income, reflecting labor market conditions and purchasing power. Its construction differs across countries, depending on data sources and coverage (such as private sector, public sector, formal or informal employment). Users should review country-specific notes for precise definitions.",INDEC - Argentina,2026-07-16,8daef0a185d16cd6
Wage Index,"index, avg. of period",YoY %,Annual,02_Prices and Wages,05_Wages,405,17,1991,2025,"The Wage Index is an index that measures average worker compensation and serves as an official proxy for labor income, reflecting labor market conditions and purchasing power. Its construction differs across countries, depending on data sources and coverage (such as private sector, public sector, formal or informal employment). Users should review country-specific notes for precise definitions.",INDEC - Argentina,2026-07-16,a884b292a5256f18
Wage Index,"index, avg. of period",,Annual,02_Prices and Wages,05_Wages,422,17,1990,2025,"The Wage Index is an index that measures average worker compensation and serves as an official proxy for labor income, reflecting labor market conditions and purchasing power. Its construction differs across countries, depending on data sources and coverage (such as private sector, public sector, formal or informal employment). Users should review country-specific notes for precise definitions.",INDEC - Argentina,2026-07-16,b996548f7b97a0db
Wage Index,"index, end of period",YoY %,Annual,02_Prices and Wages,05_Wages,393,16,1991,2025,"The Wage Index is an index that measures average worker compensation and serves as an official proxy for labor income, reflecting labor market conditions and purchasing power. Its construction differs across countries, depending on data sources and coverage (such as private sector, public sector, formal or informal employment). Users should review country-specific notes for precise definitions.",INDEC - Argentina,2026-07-16,cde393d8cb63010f
Wage Index,"index, end of period",,Annual,02_Prices and Wages,05_Wages,409,16,1990,2025,"The Wage Index is an index that measures average worker compensation and serves as an official proxy for labor income, reflecting labor market conditions and purchasing power. Its construction differs across countries, depending on data sources and coverage (such as private sector, public sector, formal or informal employment). Users should review country-specific notes for precise definitions.",INDEC - Argentina,2026-07-16,6fa6040383a7ee45
Wholesale Price Index (WPI),"index (2023 = 100), avg. of period",YoY %,Annual,02_Prices and Wages,01_Prices,106,4,1991,2025,"The Wholesale Price Index (WPI) measures the average change in prices of goods at the wholesale level, generally before they reach the retail market. It typically captures price movements of raw materials, intermediate goods and other bulk commodities, and is used to monitor inflationary pressures in the production and distribution stages. The specific coverage and methodology may vary across countries.",INDEC - Argentina,2026-07-16,fc3d0f5c54020662
Wholesale Price Index (WPI),"index (2023 = 100), avg. of period",,Annual,02_Prices and Wages,01_Prices,110,4,1990,2025,"The Wholesale Price Index (WPI) measures the average change in prices of goods at the wholesale level, generally before they reach the retail market. It typically captures price movements of raw materials, intermediate goods and other bulk commodities, and is used to monitor inflationary pressures in the production and distribution stages. The specific coverage and methodology may vary across countries.",INDEC - Argentina,2026-07-16,8dec60fb040b5232
Wholesale Price Index (WPI),"index (2023 = 100), end of period",YoY %,Annual,02_Prices and Wages,01_Prices,73,3,1993,2025,"The Wholesale Price Index (WPI) measures the average change in prices of goods at the wholesale level, generally before they reach the retail market. It typically captures price movements of raw materials, intermediate goods and other bulk commodities, and is used to monitor inflationary pressures in the production and distribution stages. The specific coverage and methodology may vary across countries.",INDEC - Argentina,2026-07-16,0e2e3fc0f8029052
Wholesale Price Index (WPI),"index (2023 = 100), end of period",,Annual,02_Prices and Wages,01_Prices,76,3,1992,2025,"The Wholesale Price Index (WPI) measures the average change in prices of goods at the wholesale level, generally before they reach the retail market. It typically captures price movements of raw materials, intermediate goods and other bulk commodities, and is used to monitor inflationary pressures in the production and distribution stages. The specific coverage and methodology may vary across countries.",INDEC - Argentina,2026-07-16,eef6869bfe78633f
Wholesale Price Index (WPI),"index, avg. of period",YoY %,Annual,02_Prices and Wages,01_Prices,117,5,1991,2025,"The Wholesale Price Index (WPI) measures the average change in prices of goods at the wholesale level, generally before they reach the retail market. It typically captures price movements of raw materials, intermediate goods and other bulk commodities, and is used to monitor inflationary pressures in the production and distribution stages. The specific coverage and methodology may vary across countries.",INDEC - Argentina,2026-07-16,5a6aa5d30f3f6dcc
Wholesale Price Index (WPI),"index, avg. of period",,Annual,02_Prices and Wages,01_Prices,122,5,1990,2025,"The Wholesale Price Index (WPI) measures the average change in prices of goods at the wholesale level, generally before they reach the retail market. It typically captures price movements of raw materials, intermediate goods and other bulk commodities, and is used to monitor inflationary pressures in the production and distribution stages. The specific coverage and methodology may vary across countries.",INDEC - Argentina,2026-07-16,01104bf0178754d8
Wholesale Price Index (WPI),"index, end of period",YoY %,Annual,02_Prices and Wages,01_Prices,84,4,1993,2025,"The Wholesale Price Index (WPI) measures the average change in prices of goods at the wholesale level, generally before they reach the retail market. It typically captures price movements of raw materials, intermediate goods and other bulk commodities, and is used to monitor inflationary pressures in the production and distribution stages. The specific coverage and methodology may vary across countries.",INDEC - Argentina,2026-07-16,49eb10d48321d052
Wholesale Price Index (WPI),"index, end of period",,Annual,02_Prices and Wages,01_Prices,88,4,1992,2025,"The Wholesale Price Index (WPI) measures the average change in prices of goods at the wholesale level, generally before they reach the retail market. It typically captures price movements of raw materials, intermediate goods and other bulk commodities, and is used to monitor inflationary pressures in the production and distribution stages. The specific coverage and methodology may vary across countries.",INDEC - Argentina,2026-07-16,8469cbc1066eaf81
