Indicator,Unit,Transformation,Frequency,Area,Topic,Rows,Countries,Min_Year,Max_Year,Definition,Source,Updated,series_id,fiscal_survey_code,fiscal_survey_variable,mapping_status,mapping_confidence,mapping_method,matched_phrases,basis,government_scope,basis_score,text_score,mapping_score,production_approved
Overall Fiscal Balance,% of GDP,,Annual,03_Fiscal Accounts and Public Debt,03_Non Financial Public Sector,313,14,1990,2025,"Overall Fiscal Balance (Non-Financial Public Sector) is the difference between total fiscal revenue and total fiscal expenditure, including interest payments. It reflects the government’s overall borrowing needs or surplus, indicating whether it is running a fiscal deficit or surplus.",Ministerio de Economía de Argentina,2026-07-16,4e512cdab8ca3968,GGBALOVRACN,Overall fiscal balance (accrual / above-the-line),SOURCE_SPECIFIC_EXACT,HIGH,IDB_LMW_SOURCE_EXACT,overall fiscal balance,PCT_GDP,UNSPECIFIED,60,500,1574,False
Overall Fiscal Balance,% of GDP,,Annual,03_Fiscal Accounts and Public Debt,01_Central Government,243,13,1990,2025,"Overall Fiscal Balance (Central Government) is the difference between total fiscal revenue and total fiscal expenditure, including interest payments. It reflects the government’s overall borrowing needs or surplus, indicating whether it is running a fiscal deficit or surplus.",Barbados Statistical Service,2026-07-16,b54d15d51a2bb199,GGBALOVRACN,Overall fiscal balance (accrual / above-the-line),SOURCE_SPECIFIC_EXACT,HIGH,IDB_LMW_SOURCE_EXACT,overall fiscal balance,PCT_GDP,UNSPECIFIED,60,500,1573,False
Overall Fiscal Balance,% of GDP,,Annual,03_Fiscal Accounts and Public Debt,02_General Government,50,4,1990,2025,"Overall Fiscal Balance (General Government) is the difference between total fiscal revenue and total fiscal expenditure, including interest payments. It reflects the government’s overall borrowing needs or surplus, indicating whether it is running a fiscal deficit or surplus.",Tesouro Nacional do Brasil,2026-07-16,6fd3f99b8d72495f,GGBALOVRACN,Overall fiscal balance (accrual / above-the-line),SOURCE_SPECIFIC_EXACT,HIGH,IDB_LMW_SOURCE_EXACT,overall fiscal balance,PCT_GDP,UNSPECIFIED,60,500,1564,False
Overall Fiscal Balance,millions of USD,,Annual,03_Fiscal Accounts and Public Debt,03_Non Financial Public Sector,335,14,1990,2025,"Overall Fiscal Balance (Non-Financial Public Sector) is the difference between total fiscal revenue and total fiscal expenditure, including interest payments. It reflects the government’s overall borrowing needs or surplus, indicating whether it is running a fiscal deficit or surplus.",Ministerio de Economía de Argentina,2026-07-16,3f87a485101172f1,GGBALOVRACN,Overall fiscal balance (accrual / above-the-line),SOURCE_SPECIFIC_EXACT,HIGH,IDB_LMW_SOURCE_EXACT,overall fiscal balance,CURRENT_USD,UNSPECIFIED,20,500,1534,False
Overall Fiscal Balance,millions of USD,,Annual,03_Fiscal Accounts and Public Debt,01_Central Government,272,13,1990,2025,"Overall Fiscal Balance (Central Government) is the difference between total fiscal revenue and total fiscal expenditure, including interest payments. It reflects the government’s overall borrowing needs or surplus, indicating whether it is running a fiscal deficit or surplus.",Barbados Statistical Service,2026-07-16,d284342b9a116c70,GGBALOVRACN,Overall fiscal balance (accrual / above-the-line),SOURCE_SPECIFIC_EXACT,HIGH,IDB_LMW_SOURCE_EXACT,overall fiscal balance,CURRENT_USD,UNSPECIFIED,20,500,1533,False
Overall Fiscal Balance,millions of USD,,Annual,03_Fiscal Accounts and Public Debt,02_General Government,54,4,1990,2025,"Overall Fiscal Balance (General Government) is the difference between total fiscal revenue and total fiscal expenditure, including interest payments. It reflects the government’s overall borrowing needs or surplus, indicating whether it is running a fiscal deficit or surplus.",Tesouro Nacional do Brasil,2026-07-16,43154d368787d7b6,GGBALOVRACN,Overall fiscal balance (accrual / above-the-line),SOURCE_SPECIFIC_EXACT,HIGH,IDB_LMW_SOURCE_EXACT,overall fiscal balance,CURRENT_USD,UNSPECIFIED,20,500,1524,False
Overall Fiscal Balance,millions of domestic currency,,Annual,03_Fiscal Accounts and Public Debt,03_Non Financial Public Sector,335,14,1990,2025,"Overall Fiscal Balance (Non-Financial Public Sector) is the difference between total fiscal revenue and total fiscal expenditure, including interest payments. It reflects the government’s overall borrowing needs or surplus, indicating whether it is running a fiscal deficit or surplus.",Ministerio de Economía de Argentina,2026-07-16,a7c3dc9577e64e32,GGBALOVRACN,Overall fiscal balance (accrual / above-the-line),SOURCE_SPECIFIC_EXACT,HIGH,IDB_LMW_SOURCE_EXACT,overall fiscal balance,OTHER,UNSPECIFIED,0,500,1514,False
Overall Fiscal Balance,PPP adjusted,,Annual,03_Fiscal Accounts and Public Debt,03_Non Financial Public Sector,325,14,1990,2024,"Overall Fiscal Balance (Non-Financial Public Sector) is the difference between total fiscal revenue and total fiscal expenditure, including interest payments. It reflects the government’s overall borrowing needs or surplus, indicating whether it is running a fiscal deficit or surplus.",Ministerio de Economía de Argentina,2026-07-16,f559b379caed686c,GGBALOVRACN,Overall fiscal balance (accrual / above-the-line),SOURCE_SPECIFIC_EXACT,HIGH,IDB_LMW_SOURCE_EXACT,overall fiscal balance,OTHER,UNSPECIFIED,0,500,1514,False
Overall Fiscal Balance,fiscal year (Q4–Q3 aggregation),,Annual,03_Fiscal Accounts and Public Debt,03_Non Financial Public Sector,296,14,1991,2025,"Overall Fiscal Balance (Non-Financial Public Sector) is the difference between total fiscal revenue and total fiscal expenditure, including interest payments. It reflects the government’s overall borrowing needs or surplus, indicating whether it is running a fiscal deficit or surplus.",Ministerio de Economía de Argentina,2026-07-16,40b93c36bc2a1544,GGBALOVRACN,Overall fiscal balance (accrual / above-the-line),SOURCE_SPECIFIC_EXACT,HIGH,IDB_LMW_SOURCE_EXACT,overall fiscal balance,OTHER,UNSPECIFIED,0,500,1514,False
Overall Fiscal Balance,millions of domestic currency,,Annual,03_Fiscal Accounts and Public Debt,01_Central Government,275,13,1990,2025,"Overall Fiscal Balance (Central Government) is the difference between total fiscal revenue and total fiscal expenditure, including interest payments. It reflects the government’s overall borrowing needs or surplus, indicating whether it is running a fiscal deficit or surplus.",Barbados Statistical Service,2026-07-16,db25b0209466f3ef,GGBALOVRACN,Overall fiscal balance (accrual / above-the-line),SOURCE_SPECIFIC_EXACT,HIGH,IDB_LMW_SOURCE_EXACT,overall fiscal balance,OTHER,UNSPECIFIED,0,500,1513,False
Overall Fiscal Balance,PPP adjusted,,Annual,03_Fiscal Accounts and Public Debt,01_Central Government,268,13,1990,2024,"Overall Fiscal Balance (Central Government) is the difference between total fiscal revenue and total fiscal expenditure, including interest payments. It reflects the government’s overall borrowing needs or surplus, indicating whether it is running a fiscal deficit or surplus.",Barbados Statistical Service,2026-07-16,0c7875fbb3e45e10,GGBALOVRACN,Overall fiscal balance (accrual / above-the-line),SOURCE_SPECIFIC_EXACT,HIGH,IDB_LMW_SOURCE_EXACT,overall fiscal balance,OTHER,UNSPECIFIED,0,500,1513,False
Overall Fiscal Balance,fiscal year (Q4–Q3 aggregation),,Annual,03_Fiscal Accounts and Public Debt,01_Central Government,196,11,1991,2025,"Overall Fiscal Balance (Central Government) is the difference between total fiscal revenue and total fiscal expenditure, including interest payments. It reflects the government’s overall borrowing needs or surplus, indicating whether it is running a fiscal deficit or surplus.",Barbados Statistical Service,2026-07-16,8bdaec0db6b6a86d,GGBALOVRACN,Overall fiscal balance (accrual / above-the-line),SOURCE_SPECIFIC_EXACT,HIGH,IDB_LMW_SOURCE_EXACT,overall fiscal balance,OTHER,UNSPECIFIED,0,500,1511,False
Overall Fiscal Balance,millions of domestic currency,,Annual,03_Fiscal Accounts and Public Debt,02_General Government,56,4,1990,2025,"Overall Fiscal Balance (General Government) is the difference between total fiscal revenue and total fiscal expenditure, including interest payments. It reflects the government’s overall borrowing needs or surplus, indicating whether it is running a fiscal deficit or surplus.",Tesouro Nacional do Brasil,2026-07-16,d3b1a8699addc5d8,GGBALOVRACN,Overall fiscal balance (accrual / above-the-line),SOURCE_SPECIFIC_EXACT,HIGH,IDB_LMW_SOURCE_EXACT,overall fiscal balance,OTHER,UNSPECIFIED,0,500,1504,False
Overall Fiscal Balance,PPP adjusted,,Annual,03_Fiscal Accounts and Public Debt,02_General Government,54,4,1990,2024,"Overall Fiscal Balance (General Government) is the difference between total fiscal revenue and total fiscal expenditure, including interest payments. It reflects the government’s overall borrowing needs or surplus, indicating whether it is running a fiscal deficit or surplus.",Tesouro Nacional do Brasil,2026-07-16,593a3446a2bb6c19,GGBALOVRACN,Overall fiscal balance (accrual / above-the-line),SOURCE_SPECIFIC_EXACT,HIGH,IDB_LMW_SOURCE_EXACT,overall fiscal balance,OTHER,UNSPECIFIED,0,500,1504,False
Overall Fiscal Balance,fiscal year (Q4–Q3 aggregation),,Annual,03_Fiscal Accounts and Public Debt,02_General Government,20,3,1991,2025,"Overall Fiscal Balance (General Government) is the difference between total fiscal revenue and total fiscal expenditure, including interest payments. It reflects the government’s overall borrowing needs or surplus, indicating whether it is running a fiscal deficit or surplus.",Tesouro Nacional do Brasil,2026-07-16,4feaea2ad76d0728,GGBALOVRACN,Overall fiscal balance (accrual / above-the-line),SOURCE_SPECIFIC_EXACT,HIGH,IDB_LMW_SOURCE_EXACT,overall fiscal balance,OTHER,UNSPECIFIED,0,500,1503,False
Overall Fiscal Balance,constant prices – CPI-deflated,,Annual,03_Fiscal Accounts and Public Debt,03_Non Financial Public Sector,324,14,1990,2025,"Overall Fiscal Balance (Non-Financial Public Sector) is the difference between total fiscal revenue and total fiscal expenditure, including interest payments. It reflects the government’s overall borrowing needs or surplus, indicating whether it is running a fiscal deficit or surplus.",Ministerio de Economía de Argentina,2026-07-16,6b1424c09da95f4f,GGBALOVRACN,Overall fiscal balance (accrual / above-the-line),SOURCE_SPECIFIC_EXACT,HIGH,IDB_LMW_SOURCE_EXACT,overall fiscal balance,CONSTANT_OTHER,UNSPECIFIED,-250,500,1264,False
Overall Fiscal Balance,constant prices – CPI-deflated,,Annual,03_Fiscal Accounts and Public Debt,01_Central Government,260,13,1990,2025,"Overall Fiscal Balance (Central Government) is the difference between total fiscal revenue and total fiscal expenditure, including interest payments. It reflects the government’s overall borrowing needs or surplus, indicating whether it is running a fiscal deficit or surplus.",Barbados Statistical Service,2026-07-16,dfe4d7ed7ad12f49,GGBALOVRACN,Overall fiscal balance (accrual / above-the-line),SOURCE_SPECIFIC_EXACT,HIGH,IDB_LMW_SOURCE_EXACT,overall fiscal balance,CONSTANT_OTHER,UNSPECIFIED,-250,500,1263,False
Overall Fiscal Balance,constant prices – CPI-deflated,,Annual,03_Fiscal Accounts and Public Debt,02_General Government,55,4,1990,2025,"Overall Fiscal Balance (General Government) is the difference between total fiscal revenue and total fiscal expenditure, including interest payments. It reflects the government’s overall borrowing needs or surplus, indicating whether it is running a fiscal deficit or surplus.",Tesouro Nacional do Brasil,2026-07-16,afd7af0046360453,GGBALOVRACN,Overall fiscal balance (accrual / above-the-line),SOURCE_SPECIFIC_EXACT,HIGH,IDB_LMW_SOURCE_EXACT,overall fiscal balance,CONSTANT_OTHER,UNSPECIFIED,-250,500,1254,False
Overall Fiscal Balance,% of GDP,,Annual,03_Fiscal Accounts and Public Debt,03_Non Financial Public Sector,313,14,1990,2025,"Overall Fiscal Balance (Non-Financial Public Sector) is the difference between total fiscal revenue and total fiscal expenditure, including interest payments. It reflects the government’s overall borrowing needs or surplus, indicating whether it is running a fiscal deficit or surplus.",Ministerio de Economía de Argentina,2026-07-16,4e512cdab8ca3968,GGBALOVRACN,Overall fiscal balance (accrual / above-the-line),EXACT_CANDIDATE_BASIS_CHECK,HIGH,IDB_LMW_RULE_CANDIDATE,overall fiscal balance | fiscal balance | overall fiscal balance,PCT_GDP,UNSPECIFIED,60,125,199,False
Overall Fiscal Balance,% of GDP,,Annual,03_Fiscal Accounts and Public Debt,01_Central Government,243,13,1990,2025,"Overall Fiscal Balance (Central Government) is the difference between total fiscal revenue and total fiscal expenditure, including interest payments. It reflects the government’s overall borrowing needs or surplus, indicating whether it is running a fiscal deficit or surplus.",Barbados Statistical Service,2026-07-16,b54d15d51a2bb199,GGBALOVRACN,Overall fiscal balance (accrual / above-the-line),EXACT_CANDIDATE_BASIS_CHECK,HIGH,IDB_LMW_RULE_CANDIDATE,overall fiscal balance | fiscal balance | overall fiscal balance,PCT_GDP,UNSPECIFIED,60,125,198,False
Overall Fiscal Balance,% of GDP,,Annual,03_Fiscal Accounts and Public Debt,02_General Government,50,4,1990,2025,"Overall Fiscal Balance (General Government) is the difference between total fiscal revenue and total fiscal expenditure, including interest payments. It reflects the government’s overall borrowing needs or surplus, indicating whether it is running a fiscal deficit or surplus.",Tesouro Nacional do Brasil,2026-07-16,6fd3f99b8d72495f,GGBALOVRACN,Overall fiscal balance (accrual / above-the-line),EXACT_CANDIDATE_BASIS_CHECK,HIGH,IDB_LMW_RULE_CANDIDATE,overall fiscal balance | fiscal balance | overall fiscal balance,PCT_GDP,UNSPECIFIED,60,125,189,False
Primary Fiscal Balance,% of GDP,,Annual,03_Fiscal Accounts and Public Debt,03_Non Financial Public Sector,289,14,1990,2025,"Primary Fiscal Balance (Non-Financial Public Sector) is the difference between total fiscal revenue and primary fiscal expenditure, excluding interest payments. It indicates whether the government is generating sufficient income to cover its non-debt-related spending and is a key measure of fiscal sustainability.",Ministerio de Economía de Argentina,2026-07-16,c50c1c413bcb87fc,GGBALOVRACN,Overall fiscal balance (accrual / above-the-line),EXACT_CANDIDATE_BASIS_CHECK,HIGH,IDB_LMW_RULE_CANDIDATE,fiscal balance,PCT_GDP,UNSPECIFIED,60,95,169,False
Primary Fiscal Balance,% of GDP,,Annual,03_Fiscal Accounts and Public Debt,01_Central Government,196,11,1990,2025,"Primary Fiscal Balance (Central Government) is the difference between total fiscal revenue and primary fiscal expenditure, excluding interest payments. It indicates whether the government is generating sufficient income to cover its non-debt-related spending and is a key measure of fiscal sustainability.",Barbados Statistical Service,2026-07-16,de2aaa95a1558387,GGBALOVRACN,Overall fiscal balance (accrual / above-the-line),EXACT_CANDIDATE_BASIS_CHECK,HIGH,IDB_LMW_RULE_CANDIDATE,fiscal balance,PCT_GDP,UNSPECIFIED,60,95,166,False
Overall Fiscal Balance,millions of USD,,Annual,03_Fiscal Accounts and Public Debt,03_Non Financial Public Sector,335,14,1990,2025,"Overall Fiscal Balance (Non-Financial Public Sector) is the difference between total fiscal revenue and total fiscal expenditure, including interest payments. It reflects the government’s overall borrowing needs or surplus, indicating whether it is running a fiscal deficit or surplus.",Ministerio de Economía de Argentina,2026-07-16,3f87a485101172f1,GGBALOVRACN,Overall fiscal balance (accrual / above-the-line),EXACT_CANDIDATE_BASIS_CHECK,HIGH,IDB_LMW_RULE_CANDIDATE,overall fiscal balance | fiscal balance | overall fiscal balance,CURRENT_USD,UNSPECIFIED,20,125,159,False
Overall Fiscal Balance,millions of USD,,Annual,03_Fiscal Accounts and Public Debt,01_Central Government,272,13,1990,2025,"Overall Fiscal Balance (Central Government) is the difference between total fiscal revenue and total fiscal expenditure, including interest payments. It reflects the government’s overall borrowing needs or surplus, indicating whether it is running a fiscal deficit or surplus.",Barbados Statistical Service,2026-07-16,d284342b9a116c70,GGBALOVRACN,Overall fiscal balance (accrual / above-the-line),EXACT_CANDIDATE_BASIS_CHECK,HIGH,IDB_LMW_RULE_CANDIDATE,overall fiscal balance | fiscal balance | overall fiscal balance,CURRENT_USD,UNSPECIFIED,20,125,158,False
Primary Fiscal Balance,% of GDP,,Annual,03_Fiscal Accounts and Public Debt,02_General Government,38,2,1996,2025,"Primary Fiscal Balance (General Government) is the difference between total fiscal revenue and primary fiscal expenditure, excluding interest payments. It indicates whether the government is generating sufficient income to cover its non-debt-related spending and is a key measure of fiscal sustainability.",Tesouro Nacional do Brasil,2026-07-16,b0d81e5630c3a2ba,GGBALOVRACN,Overall fiscal balance (accrual / above-the-line),EXACT_CANDIDATE_BASIS_CHECK,HIGH,IDB_LMW_RULE_CANDIDATE,fiscal balance,PCT_GDP,UNSPECIFIED,60,95,157,False
Overall Fiscal Balance,millions of USD,,Annual,03_Fiscal Accounts and Public Debt,02_General Government,54,4,1990,2025,"Overall Fiscal Balance (General Government) is the difference between total fiscal revenue and total fiscal expenditure, including interest payments. It reflects the government’s overall borrowing needs or surplus, indicating whether it is running a fiscal deficit or surplus.",Tesouro Nacional do Brasil,2026-07-16,43154d368787d7b6,GGBALOVRACN,Overall fiscal balance (accrual / above-the-line),EXACT_CANDIDATE_BASIS_CHECK,HIGH,IDB_LMW_RULE_CANDIDATE,overall fiscal balance | fiscal balance | overall fiscal balance,CURRENT_USD,UNSPECIFIED,20,125,149,False
Overall Fiscal Balance,millions of domestic currency,,Annual,03_Fiscal Accounts and Public Debt,03_Non Financial Public Sector,335,14,1990,2025,"Overall Fiscal Balance (Non-Financial Public Sector) is the difference between total fiscal revenue and total fiscal expenditure, including interest payments. It reflects the government’s overall borrowing needs or surplus, indicating whether it is running a fiscal deficit or surplus.",Ministerio de Economía de Argentina,2026-07-16,a7c3dc9577e64e32,GGBALOVRACN,Overall fiscal balance (accrual / above-the-line),EXACT_CANDIDATE_BASIS_CHECK,HIGH,IDB_LMW_RULE_CANDIDATE,overall fiscal balance | fiscal balance | overall fiscal balance,OTHER,UNSPECIFIED,0,125,139,False
Overall Fiscal Balance,PPP adjusted,,Annual,03_Fiscal Accounts and Public Debt,03_Non Financial Public Sector,325,14,1990,2024,"Overall Fiscal Balance (Non-Financial Public Sector) is the difference between total fiscal revenue and total fiscal expenditure, including interest payments. It reflects the government’s overall borrowing needs or surplus, indicating whether it is running a fiscal deficit or surplus.",Ministerio de Economía de Argentina,2026-07-16,f559b379caed686c,GGBALOVRACN,Overall fiscal balance (accrual / above-the-line),EXACT_CANDIDATE_BASIS_CHECK,HIGH,IDB_LMW_RULE_CANDIDATE,overall fiscal balance | fiscal balance | overall fiscal balance,OTHER,UNSPECIFIED,0,125,139,False
Overall Fiscal Balance,fiscal year (Q4–Q3 aggregation),,Annual,03_Fiscal Accounts and Public Debt,03_Non Financial Public Sector,296,14,1991,2025,"Overall Fiscal Balance (Non-Financial Public Sector) is the difference between total fiscal revenue and total fiscal expenditure, including interest payments. It reflects the government’s overall borrowing needs or surplus, indicating whether it is running a fiscal deficit or surplus.",Ministerio de Economía de Argentina,2026-07-16,40b93c36bc2a1544,GGBALOVRACN,Overall fiscal balance (accrual / above-the-line),EXACT_CANDIDATE_BASIS_CHECK,HIGH,IDB_LMW_RULE_CANDIDATE,overall fiscal balance | fiscal balance | overall fiscal balance,OTHER,UNSPECIFIED,0,125,139,False
Overall Fiscal Balance,millions of domestic currency,,Annual,03_Fiscal Accounts and Public Debt,01_Central Government,275,13,1990,2025,"Overall Fiscal Balance (Central Government) is the difference between total fiscal revenue and total fiscal expenditure, including interest payments. It reflects the government’s overall borrowing needs or surplus, indicating whether it is running a fiscal deficit or surplus.",Barbados Statistical Service,2026-07-16,db25b0209466f3ef,GGBALOVRACN,Overall fiscal balance (accrual / above-the-line),EXACT_CANDIDATE_BASIS_CHECK,HIGH,IDB_LMW_RULE_CANDIDATE,overall fiscal balance | fiscal balance | overall fiscal balance,OTHER,UNSPECIFIED,0,125,138,False
Overall Fiscal Balance,PPP adjusted,,Annual,03_Fiscal Accounts and Public Debt,01_Central Government,268,13,1990,2024,"Overall Fiscal Balance (Central Government) is the difference between total fiscal revenue and total fiscal expenditure, including interest payments. It reflects the government’s overall borrowing needs or surplus, indicating whether it is running a fiscal deficit or surplus.",Barbados Statistical Service,2026-07-16,0c7875fbb3e45e10,GGBALOVRACN,Overall fiscal balance (accrual / above-the-line),EXACT_CANDIDATE_BASIS_CHECK,HIGH,IDB_LMW_RULE_CANDIDATE,overall fiscal balance | fiscal balance | overall fiscal balance,OTHER,UNSPECIFIED,0,125,138,False
Overall Fiscal Balance,fiscal year (Q4–Q3 aggregation),,Annual,03_Fiscal Accounts and Public Debt,01_Central Government,196,11,1991,2025,"Overall Fiscal Balance (Central Government) is the difference between total fiscal revenue and total fiscal expenditure, including interest payments. It reflects the government’s overall borrowing needs or surplus, indicating whether it is running a fiscal deficit or surplus.",Barbados Statistical Service,2026-07-16,8bdaec0db6b6a86d,GGBALOVRACN,Overall fiscal balance (accrual / above-the-line),EXACT_CANDIDATE_BASIS_CHECK,HIGH,IDB_LMW_RULE_CANDIDATE,overall fiscal balance | fiscal balance | overall fiscal balance,OTHER,UNSPECIFIED,0,125,136,False
Primary Fiscal Balance,millions of USD,,Annual,03_Fiscal Accounts and Public Debt,03_Non Financial Public Sector,308,14,1990,2025,"Primary Fiscal Balance (Non-Financial Public Sector) is the difference between total fiscal revenue and primary fiscal expenditure, excluding interest payments. It indicates whether the government is generating sufficient income to cover its non-debt-related spending and is a key measure of fiscal sustainability.",Ministerio de Economía de Argentina,2026-07-16,14147a0201ded557,GGBALOVRACN,Overall fiscal balance (accrual / above-the-line),EXACT_CANDIDATE_BASIS_CHECK,HIGH,IDB_LMW_RULE_CANDIDATE,fiscal balance,CURRENT_USD,UNSPECIFIED,20,95,129,False
Overall Fiscal Balance,millions of domestic currency,,Annual,03_Fiscal Accounts and Public Debt,02_General Government,56,4,1990,2025,"Overall Fiscal Balance (General Government) is the difference between total fiscal revenue and total fiscal expenditure, including interest payments. It reflects the government’s overall borrowing needs or surplus, indicating whether it is running a fiscal deficit or surplus.",Tesouro Nacional do Brasil,2026-07-16,d3b1a8699addc5d8,GGBALOVRACN,Overall fiscal balance (accrual / above-the-line),EXACT_CANDIDATE_BASIS_CHECK,HIGH,IDB_LMW_RULE_CANDIDATE,overall fiscal balance | fiscal balance | overall fiscal balance,OTHER,UNSPECIFIED,0,125,129,False
Overall Fiscal Balance,PPP adjusted,,Annual,03_Fiscal Accounts and Public Debt,02_General Government,54,4,1990,2024,"Overall Fiscal Balance (General Government) is the difference between total fiscal revenue and total fiscal expenditure, including interest payments. It reflects the government’s overall borrowing needs or surplus, indicating whether it is running a fiscal deficit or surplus.",Tesouro Nacional do Brasil,2026-07-16,593a3446a2bb6c19,GGBALOVRACN,Overall fiscal balance (accrual / above-the-line),EXACT_CANDIDATE_BASIS_CHECK,HIGH,IDB_LMW_RULE_CANDIDATE,overall fiscal balance | fiscal balance | overall fiscal balance,OTHER,UNSPECIFIED,0,125,129,False
Overall Fiscal Balance,fiscal year (Q4–Q3 aggregation),,Annual,03_Fiscal Accounts and Public Debt,02_General Government,20,3,1991,2025,"Overall Fiscal Balance (General Government) is the difference between total fiscal revenue and total fiscal expenditure, including interest payments. It reflects the government’s overall borrowing needs or surplus, indicating whether it is running a fiscal deficit or surplus.",Tesouro Nacional do Brasil,2026-07-16,4feaea2ad76d0728,GGBALOVRACN,Overall fiscal balance (accrual / above-the-line),EXACT_CANDIDATE_BASIS_CHECK,HIGH,IDB_LMW_RULE_CANDIDATE,overall fiscal balance | fiscal balance | overall fiscal balance,OTHER,UNSPECIFIED,0,125,128,False
Primary Fiscal Balance,millions of USD,,Annual,03_Fiscal Accounts and Public Debt,01_Central Government,223,11,1990,2025,"Primary Fiscal Balance (Central Government) is the difference between total fiscal revenue and primary fiscal expenditure, excluding interest payments. It indicates whether the government is generating sufficient income to cover its non-debt-related spending and is a key measure of fiscal sustainability.",Barbados Statistical Service,2026-07-16,6afab48d08ad90f7,GGBALOVRACN,Overall fiscal balance (accrual / above-the-line),EXACT_CANDIDATE_BASIS_CHECK,HIGH,IDB_LMW_RULE_CANDIDATE,fiscal balance,CURRENT_USD,UNSPECIFIED,20,95,126,False
Primary Fiscal Balance,millions of USD,,Annual,03_Fiscal Accounts and Public Debt,02_General Government,44,2,1990,2025,"Primary Fiscal Balance (General Government) is the difference between total fiscal revenue and primary fiscal expenditure, excluding interest payments. It indicates whether the government is generating sufficient income to cover its non-debt-related spending and is a key measure of fiscal sustainability.",Tesouro Nacional do Brasil,2026-07-16,85450c937a31ae34,GGBALOVRACN,Overall fiscal balance (accrual / above-the-line),EXACT_CANDIDATE_BASIS_CHECK,HIGH,IDB_LMW_RULE_CANDIDATE,fiscal balance,CURRENT_USD,UNSPECIFIED,20,95,117,False
Primary Fiscal Balance,millions of domestic currency,,Annual,03_Fiscal Accounts and Public Debt,03_Non Financial Public Sector,308,14,1990,2025,"Primary Fiscal Balance (Non-Financial Public Sector) is the difference between total fiscal revenue and primary fiscal expenditure, excluding interest payments. It indicates whether the government is generating sufficient income to cover its non-debt-related spending and is a key measure of fiscal sustainability.",Ministerio de Economía de Argentina,2026-07-16,4ab6f5711c303f62,GGBALOVRACN,Overall fiscal balance (accrual / above-the-line),EXACT_CANDIDATE_BASIS_CHECK,HIGH,IDB_LMW_RULE_CANDIDATE,fiscal balance,OTHER,UNSPECIFIED,0,95,109,False
Primary Fiscal Balance,PPP adjusted,,Annual,03_Fiscal Accounts and Public Debt,03_Non Financial Public Sector,297,14,1990,2024,"Primary Fiscal Balance (Non-Financial Public Sector) is the difference between total fiscal revenue and primary fiscal expenditure, excluding interest payments. It indicates whether the government is generating sufficient income to cover its non-debt-related spending and is a key measure of fiscal sustainability.",Ministerio de Economía de Argentina,2026-07-16,b003e83906f4c2d2,GGBALOVRACN,Overall fiscal balance (accrual / above-the-line),EXACT_CANDIDATE_BASIS_CHECK,HIGH,IDB_LMW_RULE_CANDIDATE,fiscal balance,OTHER,UNSPECIFIED,0,95,109,False
Primary Fiscal Balance,fiscal year (Q4–Q3 aggregation),,Annual,03_Fiscal Accounts and Public Debt,03_Non Financial Public Sector,274,13,1991,2025,"Primary Fiscal Balance (Non-Financial Public Sector) is the difference between total fiscal revenue and primary fiscal expenditure, excluding interest payments. It indicates whether the government is generating sufficient income to cover its non-debt-related spending and is a key measure of fiscal sustainability.",Ministerio de Economía de Argentina,2026-07-16,bd880c7fcd7fe3a8,GGBALOVRACN,Overall fiscal balance (accrual / above-the-line),EXACT_CANDIDATE_BASIS_CHECK,HIGH,IDB_LMW_RULE_CANDIDATE,fiscal balance,OTHER,UNSPECIFIED,0,95,108,False
Primary Fiscal Balance,millions of domestic currency,,Annual,03_Fiscal Accounts and Public Debt,01_Central Government,225,11,1990,2025,"Primary Fiscal Balance (Central Government) is the difference between total fiscal revenue and primary fiscal expenditure, excluding interest payments. It indicates whether the government is generating sufficient income to cover its non-debt-related spending and is a key measure of fiscal sustainability.",Barbados Statistical Service,2026-07-16,a21aacf74a5a4069,GGBALOVRACN,Overall fiscal balance (accrual / above-the-line),EXACT_CANDIDATE_BASIS_CHECK,HIGH,IDB_LMW_RULE_CANDIDATE,fiscal balance,OTHER,UNSPECIFIED,0,95,106,False
Primary Fiscal Balance,PPP adjusted,,Annual,03_Fiscal Accounts and Public Debt,01_Central Government,219,11,1990,2024,"Primary Fiscal Balance (Central Government) is the difference between total fiscal revenue and primary fiscal expenditure, excluding interest payments. It indicates whether the government is generating sufficient income to cover its non-debt-related spending and is a key measure of fiscal sustainability.",Barbados Statistical Service,2026-07-16,2906396acae05668,GGBALOVRACN,Overall fiscal balance (accrual / above-the-line),EXACT_CANDIDATE_BASIS_CHECK,HIGH,IDB_LMW_RULE_CANDIDATE,fiscal balance,OTHER,UNSPECIFIED,0,95,106,False
Primary Fiscal Balance,fiscal year (Q4–Q3 aggregation),,Annual,03_Fiscal Accounts and Public Debt,01_Central Government,186,10,1992,2025,"Primary Fiscal Balance (Central Government) is the difference between total fiscal revenue and primary fiscal expenditure, excluding interest payments. It indicates whether the government is generating sufficient income to cover its non-debt-related spending and is a key measure of fiscal sustainability.",Barbados Statistical Service,2026-07-16,d758e1f19ad855d6,GGBALOVRACN,Overall fiscal balance (accrual / above-the-line),EXACT_CANDIDATE_BASIS_CHECK,HIGH,IDB_LMW_RULE_CANDIDATE,fiscal balance,OTHER,UNSPECIFIED,0,95,105,False
Primary Fiscal Balance,millions of domestic currency,,Annual,03_Fiscal Accounts and Public Debt,02_General Government,44,2,1990,2025,"Primary Fiscal Balance (General Government) is the difference between total fiscal revenue and primary fiscal expenditure, excluding interest payments. It indicates whether the government is generating sufficient income to cover its non-debt-related spending and is a key measure of fiscal sustainability.",Tesouro Nacional do Brasil,2026-07-16,a9b73f66f71ce32e,GGBALOVRACN,Overall fiscal balance (accrual / above-the-line),EXACT_CANDIDATE_BASIS_CHECK,HIGH,IDB_LMW_RULE_CANDIDATE,fiscal balance,OTHER,UNSPECIFIED,0,95,97,False
Primary Fiscal Balance,PPP adjusted,,Annual,03_Fiscal Accounts and Public Debt,02_General Government,43,2,1990,2024,"Primary Fiscal Balance (General Government) is the difference between total fiscal revenue and primary fiscal expenditure, excluding interest payments. It indicates whether the government is generating sufficient income to cover its non-debt-related spending and is a key measure of fiscal sustainability.",Tesouro Nacional do Brasil,2026-07-16,d80898744e14d06f,GGBALOVRACN,Overall fiscal balance (accrual / above-the-line),EXACT_CANDIDATE_BASIS_CHECK,HIGH,IDB_LMW_RULE_CANDIDATE,fiscal balance,OTHER,UNSPECIFIED,0,95,97,False
Primary Fiscal Balance,fiscal year (Q4–Q3 aggregation),,Annual,03_Fiscal Accounts and Public Debt,02_General Government,15,2,2011,2025,"Primary Fiscal Balance (General Government) is the difference between total fiscal revenue and primary fiscal expenditure, excluding interest payments. It indicates whether the government is generating sufficient income to cover its non-debt-related spending and is a key measure of fiscal sustainability.",Tesouro Nacional do Brasil,2026-07-16,f283b0bf84dceaef,GGBALOVRACN,Overall fiscal balance (accrual / above-the-line),EXACT_CANDIDATE_BASIS_CHECK,HIGH,IDB_LMW_RULE_CANDIDATE,fiscal balance,OTHER,UNSPECIFIED,0,95,97,False
Overall Fiscal Balance,constant prices – CPI-deflated,,Annual,03_Fiscal Accounts and Public Debt,03_Non Financial Public Sector,324,14,1990,2025,"Overall Fiscal Balance (Non-Financial Public Sector) is the difference between total fiscal revenue and total fiscal expenditure, including interest payments. It reflects the government’s overall borrowing needs or surplus, indicating whether it is running a fiscal deficit or surplus.",Ministerio de Economía de Argentina,2026-07-16,6b1424c09da95f4f,GGBALOVRACN,Overall fiscal balance (accrual / above-the-line),EXACT_CANDIDATE_BASIS_CHECK,HIGH,IDB_LMW_RULE_CANDIDATE,overall fiscal balance | fiscal balance | overall fiscal balance,CONSTANT_OTHER,UNSPECIFIED,-250,125,-111,False
Overall Fiscal Balance,constant prices – CPI-deflated,,Annual,03_Fiscal Accounts and Public Debt,01_Central Government,260,13,1990,2025,"Overall Fiscal Balance (Central Government) is the difference between total fiscal revenue and total fiscal expenditure, including interest payments. It reflects the government’s overall borrowing needs or surplus, indicating whether it is running a fiscal deficit or surplus.",Barbados Statistical Service,2026-07-16,dfe4d7ed7ad12f49,GGBALOVRACN,Overall fiscal balance (accrual / above-the-line),EXACT_CANDIDATE_BASIS_CHECK,HIGH,IDB_LMW_RULE_CANDIDATE,overall fiscal balance | fiscal balance | overall fiscal balance,CONSTANT_OTHER,UNSPECIFIED,-250,125,-112,False
Overall Fiscal Balance,constant prices – CPI-deflated,,Annual,03_Fiscal Accounts and Public Debt,02_General Government,55,4,1990,2025,"Overall Fiscal Balance (General Government) is the difference between total fiscal revenue and total fiscal expenditure, including interest payments. It reflects the government’s overall borrowing needs or surplus, indicating whether it is running a fiscal deficit or surplus.",Tesouro Nacional do Brasil,2026-07-16,afd7af0046360453,GGBALOVRACN,Overall fiscal balance (accrual / above-the-line),EXACT_CANDIDATE_BASIS_CHECK,HIGH,IDB_LMW_RULE_CANDIDATE,overall fiscal balance | fiscal balance | overall fiscal balance,CONSTANT_OTHER,UNSPECIFIED,-250,125,-121,False
Primary Fiscal Balance,constant prices – CPI-deflated,,Annual,03_Fiscal Accounts and Public Debt,03_Non Financial Public Sector,305,14,1990,2025,"Primary Fiscal Balance (Non-Financial Public Sector) is the difference between total fiscal revenue and primary fiscal expenditure, excluding interest payments. It indicates whether the government is generating sufficient income to cover its non-debt-related spending and is a key measure of fiscal sustainability.",Ministerio de Economía de Argentina,2026-07-16,5e3b26e0cd766f2d,GGBALOVRACN,Overall fiscal balance (accrual / above-the-line),EXACT_CANDIDATE_BASIS_CHECK,HIGH,IDB_LMW_RULE_CANDIDATE,fiscal balance,CONSTANT_OTHER,UNSPECIFIED,-250,95,-141,False
Primary Fiscal Balance,constant prices – CPI-deflated,,Annual,03_Fiscal Accounts and Public Debt,01_Central Government,210,11,1991,2025,"Primary Fiscal Balance (Central Government) is the difference between total fiscal revenue and primary fiscal expenditure, excluding interest payments. It indicates whether the government is generating sufficient income to cover its non-debt-related spending and is a key measure of fiscal sustainability.",Barbados Statistical Service,2026-07-16,34b63f3eb8a141ad,GGBALOVRACN,Overall fiscal balance (accrual / above-the-line),EXACT_CANDIDATE_BASIS_CHECK,HIGH,IDB_LMW_RULE_CANDIDATE,fiscal balance,CONSTANT_OTHER,UNSPECIFIED,-250,95,-144,False
Primary Fiscal Balance,constant prices – CPI-deflated,,Annual,03_Fiscal Accounts and Public Debt,02_General Government,44,2,1990,2025,"Primary Fiscal Balance (General Government) is the difference between total fiscal revenue and primary fiscal expenditure, excluding interest payments. It indicates whether the government is generating sufficient income to cover its non-debt-related spending and is a key measure of fiscal sustainability.",Tesouro Nacional do Brasil,2026-07-16,573d55368b15eb93,GGBALOVRACN,Overall fiscal balance (accrual / above-the-line),EXACT_CANDIDATE_BASIS_CHECK,HIGH,IDB_LMW_RULE_CANDIDATE,fiscal balance,CONSTANT_OTHER,UNSPECIFIED,-250,95,-153,False
Domestic Public Debt,"% of GDP, end of period",,Annual,03_Fiscal Accounts and Public Debt,01_Central Government,157,11,1995,2025,"Domestic Public Debt (Central Government) refers to the outstanding stock of public debt contracted by the central government with resident creditors. It includes loans, bonds, and other financial obligations held by domestic financial institutions, companies, or individuals. This indicator reflects the government’s reliance on domestic financing and the capacity of local markets to absorb public debt.",Ministerio de Economía de Argentina,2026-07-16,1b1eace92279678b,GGDBTDOMTCN,Domestic gross debt,SOURCE_SPECIFIC_EXACT,HIGH,IDB_LMW_SOURCE_EXACT,domestic public debt,PCT_GDP,UNSPECIFIED,60,500,1571,False
Domestic Public Debt,"% of GDP, avg. of period",,Annual,03_Fiscal Accounts and Public Debt,01_Central Government,145,10,1995,2025,"Domestic Public Debt (Central Government) refers to the outstanding stock of public debt contracted by the central government with resident creditors. It includes loans, bonds, and other financial obligations held by domestic financial institutions, companies, or individuals. This indicator reflects the government’s reliance on domestic financing and the capacity of local markets to absorb public debt.",Ministerio de Economía de Argentina,2026-07-16,a9e884c780b16c01,GGDBTDOMTCN,Domestic gross debt,SOURCE_SPECIFIC_EXACT,HIGH,IDB_LMW_SOURCE_EXACT,domestic public debt,PCT_GDP,UNSPECIFIED,60,500,1570,False
Domestic Public Debt,"% of GDP, end of period",,Annual,03_Fiscal Accounts and Public Debt,03_Non Financial Public Sector,194,8,1993,2025,"Domestic Public Debt (Non-Financial Public Sector) refers to the outstanding stock of public debt contracted by the non-financial public sector with resident creditors. It includes loans, bonds, and other financial obligations held by domestic financial institutions, companies, or individuals. This indicator reflects the government’s reliance on domestic financing and the capacity of local markets to absorb public debt.",Ministerio de Hacienda y Crédito Público de Colombia,2026-07-16,faa82341b0ac37c0,GGDBTDOMTCN,Domestic gross debt,SOURCE_SPECIFIC_EXACT,HIGH,IDB_LMW_SOURCE_EXACT,domestic public debt,PCT_GDP,UNSPECIFIED,60,500,1568,False
Domestic Public Debt,"% of GDP, avg. of period",,Annual,03_Fiscal Accounts and Public Debt,03_Non Financial Public Sector,192,8,1993,2025,"Domestic Public Debt (Non-Financial Public Sector) refers to the outstanding stock of public debt contracted by the non-financial public sector with resident creditors. It includes loans, bonds, and other financial obligations held by domestic financial institutions, companies, or individuals. This indicator reflects the government’s reliance on domestic financing and the capacity of local markets to absorb public debt.",Ministerio de Hacienda y Crédito Público de Colombia,2026-07-16,4b0e588540e4ef05,GGDBTDOMTCN,Domestic gross debt,SOURCE_SPECIFIC_EXACT,HIGH,IDB_LMW_SOURCE_EXACT,domestic public debt,PCT_GDP,UNSPECIFIED,60,500,1568,False
Domestic Public Debt,"% of GDP, end of period",,Annual,03_Fiscal Accounts and Public Debt,02_General Government,56,3,2002,2025,"Domestic Public Debt (General Government) refers to the outstanding stock of public debt contracted by the general government with resident creditors. It includes loans, bonds, and other financial obligations held by domestic financial institutions, companies, or individuals. This indicator reflects the government’s reliance on domestic financing and the capacity of local markets to absorb public debt.",Tesouro Nacional do Brasil,2026-07-16,a6ac0f3da72862a0,GGDBTDOMTCN,Domestic gross debt,SOURCE_SPECIFIC_EXACT,HIGH,IDB_LMW_SOURCE_EXACT,domestic public debt,PCT_GDP,UNSPECIFIED,60,500,1563,False
Domestic Public Debt,"% of GDP, avg. of period",,Annual,03_Fiscal Accounts and Public Debt,02_General Government,52,3,2002,2025,"Domestic Public Debt (General Government) refers to the outstanding stock of public debt contracted by the general government with resident creditors. It includes loans, bonds, and other financial obligations held by domestic financial institutions, companies, or individuals. This indicator reflects the government’s reliance on domestic financing and the capacity of local markets to absorb public debt.",Tesouro Nacional do Brasil,2026-07-16,e6fa48489b3fb155,GGDBTDOMTCN,Domestic gross debt,SOURCE_SPECIFIC_EXACT,HIGH,IDB_LMW_SOURCE_EXACT,domestic public debt,PCT_GDP,UNSPECIFIED,60,500,1563,False
Domestic Public Debt,% of GDP,,Annual,03_Fiscal Accounts and Public Debt,03_Non Financial Public Sector,22,1,2004,2025,"Domestic Public Debt (Non-Financial Public Sector) refers to the outstanding stock of public debt contracted by the non-financial public sector with resident creditors. It includes loans, bonds, and other financial obligations held by domestic financial institutions, companies, or individuals. This indicator reflects the government’s reliance on domestic financing and the capacity of local markets to absorb public debt.",Ministerio de Economía y Finanzas de Paraguay,2026-07-16,2595efed782a0482,GGDBTDOMTCN,Domestic gross debt,SOURCE_SPECIFIC_EXACT,HIGH,IDB_LMW_SOURCE_EXACT,domestic public debt,PCT_GDP,UNSPECIFIED,60,500,1561,False
Domestic Public Debt,% of GDP,,Annual,03_Fiscal Accounts and Public Debt,01_Central Government,18,1,2008,2025,"Domestic Public Debt (Central Government) refers to the outstanding stock of public debt contracted by the central government with resident creditors. It includes loans, bonds, and other financial obligations held by domestic financial institutions, companies, or individuals. This indicator reflects the government’s reliance on domestic financing and the capacity of local markets to absorb public debt.",Secretaria de Finanzas de Honduras,2026-07-16,ade838e9173f809b,GGDBTDOMTCN,Domestic gross debt,SOURCE_SPECIFIC_EXACT,HIGH,IDB_LMW_SOURCE_EXACT,domestic public debt,PCT_GDP,UNSPECIFIED,60,500,1561,False
Domestic Public Debt,"millions of USD, end of period",,Annual,03_Fiscal Accounts and Public Debt,01_Central Government,168,11,1995,2025,"Domestic Public Debt (Central Government) refers to the outstanding stock of public debt contracted by the central government with resident creditors. It includes loans, bonds, and other financial obligations held by domestic financial institutions, companies, or individuals. This indicator reflects the government’s reliance on domestic financing and the capacity of local markets to absorb public debt.",Ministerio de Economía de Argentina,2026-07-16,99abd861f6616b7d,GGDBTDOMTCN,Domestic gross debt,SOURCE_SPECIFIC_EXACT,HIGH,IDB_LMW_SOURCE_EXACT,domestic public debt,CURRENT_USD,UNSPECIFIED,20,500,1531,False
Domestic Public Debt,"millions of USD, avg. of period",,Annual,03_Fiscal Accounts and Public Debt,01_Central Government,156,10,1995,2025,"Domestic Public Debt (Central Government) refers to the outstanding stock of public debt contracted by the central government with resident creditors. It includes loans, bonds, and other financial obligations held by domestic financial institutions, companies, or individuals. This indicator reflects the government’s reliance on domestic financing and the capacity of local markets to absorb public debt.",Ministerio de Economía de Argentina,2026-07-16,6284f7045da6ffc6,GGDBTDOMTCN,Domestic gross debt,SOURCE_SPECIFIC_EXACT,HIGH,IDB_LMW_SOURCE_EXACT,domestic public debt,CURRENT_USD,UNSPECIFIED,20,500,1530,False
Domestic Public Debt,"millions of USD, end of period",,Annual,03_Fiscal Accounts and Public Debt,03_Non Financial Public Sector,210,8,1990,2025,"Domestic Public Debt (Non-Financial Public Sector) refers to the outstanding stock of public debt contracted by the non-financial public sector with resident creditors. It includes loans, bonds, and other financial obligations held by domestic financial institutions, companies, or individuals. This indicator reflects the government’s reliance on domestic financing and the capacity of local markets to absorb public debt.",Ministerio de Hacienda y Crédito Público de Colombia,2026-07-16,547ee541965f35f1,GGDBTDOMTCN,Domestic gross debt,SOURCE_SPECIFIC_EXACT,HIGH,IDB_LMW_SOURCE_EXACT,domestic public debt,CURRENT_USD,UNSPECIFIED,20,500,1528,False
Domestic Public Debt,"millions of USD, avg. of period",,Annual,03_Fiscal Accounts and Public Debt,03_Non Financial Public Sector,197,8,1990,2025,"Domestic Public Debt (Non-Financial Public Sector) refers to the outstanding stock of public debt contracted by the non-financial public sector with resident creditors. It includes loans, bonds, and other financial obligations held by domestic financial institutions, companies, or individuals. This indicator reflects the government’s reliance on domestic financing and the capacity of local markets to absorb public debt.",Ministerio de Hacienda y Crédito Público de Colombia,2026-07-16,5c379c2029e062cd,GGDBTDOMTCN,Domestic gross debt,SOURCE_SPECIFIC_EXACT,HIGH,IDB_LMW_SOURCE_EXACT,domestic public debt,CURRENT_USD,UNSPECIFIED,20,500,1528,False
Domestic Public Debt,"millions of USD, end of period",,Annual,03_Fiscal Accounts and Public Debt,02_General Government,56,3,2002,2025,"Domestic Public Debt (General Government) refers to the outstanding stock of public debt contracted by the general government with resident creditors. It includes loans, bonds, and other financial obligations held by domestic financial institutions, companies, or individuals. This indicator reflects the government’s reliance on domestic financing and the capacity of local markets to absorb public debt.",Tesouro Nacional do Brasil,2026-07-16,ae84b27c46a4059a,GGDBTDOMTCN,Domestic gross debt,SOURCE_SPECIFIC_EXACT,HIGH,IDB_LMW_SOURCE_EXACT,domestic public debt,CURRENT_USD,UNSPECIFIED,20,500,1523,False
Domestic Public Debt,"millions of USD, avg. of period",,Annual,03_Fiscal Accounts and Public Debt,02_General Government,52,3,2002,2025,"Domestic Public Debt (General Government) refers to the outstanding stock of public debt contracted by the general government with resident creditors. It includes loans, bonds, and other financial obligations held by domestic financial institutions, companies, or individuals. This indicator reflects the government’s reliance on domestic financing and the capacity of local markets to absorb public debt.",Tesouro Nacional do Brasil,2026-07-16,5278a94f7c291883,GGDBTDOMTCN,Domestic gross debt,SOURCE_SPECIFIC_EXACT,HIGH,IDB_LMW_SOURCE_EXACT,domestic public debt,CURRENT_USD,UNSPECIFIED,20,500,1523,False
Domestic Public Debt,millions of USD,,Annual,03_Fiscal Accounts and Public Debt,03_Non Financial Public Sector,22,1,2004,2025,"Domestic Public Debt (Non-Financial Public Sector) refers to the outstanding stock of public debt contracted by the non-financial public sector with resident creditors. It includes loans, bonds, and other financial obligations held by domestic financial institutions, companies, or individuals. This indicator reflects the government’s reliance on domestic financing and the capacity of local markets to absorb public debt.",Ministerio de Economía y Finanzas de Paraguay,2026-07-16,a347fdb9dce22913,GGDBTDOMTCN,Domestic gross debt,SOURCE_SPECIFIC_EXACT,HIGH,IDB_LMW_SOURCE_EXACT,domestic public debt,CURRENT_USD,UNSPECIFIED,20,500,1521,False
Domestic Public Debt,millions of USD,,Annual,03_Fiscal Accounts and Public Debt,01_Central Government,18,1,2008,2025,"Domestic Public Debt (Central Government) refers to the outstanding stock of public debt contracted by the central government with resident creditors. It includes loans, bonds, and other financial obligations held by domestic financial institutions, companies, or individuals. This indicator reflects the government’s reliance on domestic financing and the capacity of local markets to absorb public debt.",Secretaria de Finanzas de Honduras,2026-07-16,0fd5bed87878e943,GGDBTDOMTCN,Domestic gross debt,SOURCE_SPECIFIC_EXACT,HIGH,IDB_LMW_SOURCE_EXACT,domestic public debt,CURRENT_USD,UNSPECIFIED,20,500,1521,False
Domestic Public Debt,"millions of domestic currency, end of period",,Annual,03_Fiscal Accounts and Public Debt,01_Central Government,168,11,1995,2025,"Domestic Public Debt (Central Government) refers to the outstanding stock of public debt contracted by the central government with resident creditors. It includes loans, bonds, and other financial obligations held by domestic financial institutions, companies, or individuals. This indicator reflects the government’s reliance on domestic financing and the capacity of local markets to absorb public debt.",Ministerio de Economía de Argentina,2026-07-16,efb89e0140c768b5,GGDBTDOMTCN,Domestic gross debt,SOURCE_SPECIFIC_EXACT,HIGH,IDB_LMW_SOURCE_EXACT,domestic public debt,OTHER,UNSPECIFIED,0,500,1511,False
Domestic Public Debt,"millions of domestic currency, avg. of period",,Annual,03_Fiscal Accounts and Public Debt,01_Central Government,157,10,1995,2026,"Domestic Public Debt (Central Government) refers to the outstanding stock of public debt contracted by the central government with resident creditors. It includes loans, bonds, and other financial obligations held by domestic financial institutions, companies, or individuals. This indicator reflects the government’s reliance on domestic financing and the capacity of local markets to absorb public debt.",Ministerio de Economía de Argentina,2026-07-16,b7f88f21618fed21,GGDBTDOMTCN,Domestic gross debt,SOURCE_SPECIFIC_EXACT,HIGH,IDB_LMW_SOURCE_EXACT,domestic public debt,OTHER,UNSPECIFIED,0,500,1510,False
Domestic Public Debt,"fiscal year (Q4–Q3 aggregation), avg. of period",,Annual,03_Fiscal Accounts and Public Debt,01_Central Government,158,9,1991,2025,"Domestic Public Debt (Central Government) refers to the outstanding stock of public debt contracted by the central government with resident creditors. It includes loans, bonds, and other financial obligations held by domestic financial institutions, companies, or individuals. This indicator reflects the government’s reliance on domestic financing and the capacity of local markets to absorb public debt.",Tesouro Nacional do Brasil,2026-07-16,311c4dbb247946aa,GGDBTDOMTCN,Domestic gross debt,SOURCE_SPECIFIC_EXACT,HIGH,IDB_LMW_SOURCE_EXACT,domestic public debt,OTHER,UNSPECIFIED,0,500,1509,False
Domestic Public Debt,"millions of domestic currency, end of period",,Annual,03_Fiscal Accounts and Public Debt,03_Non Financial Public Sector,210,8,1990,2025,"Domestic Public Debt (Non-Financial Public Sector) refers to the outstanding stock of public debt contracted by the non-financial public sector with resident creditors. It includes loans, bonds, and other financial obligations held by domestic financial institutions, companies, or individuals. This indicator reflects the government’s reliance on domestic financing and the capacity of local markets to absorb public debt.",Ministerio de Hacienda y Crédito Público de Colombia,2026-07-16,9a94af698817ebae,GGDBTDOMTCN,Domestic gross debt,SOURCE_SPECIFIC_EXACT,HIGH,IDB_LMW_SOURCE_EXACT,domestic public debt,OTHER,UNSPECIFIED,0,500,1508,False
Domestic Public Debt,"millions of domestic currency, avg. of period",,Annual,03_Fiscal Accounts and Public Debt,03_Non Financial Public Sector,197,8,1990,2025,"Domestic Public Debt (Non-Financial Public Sector) refers to the outstanding stock of public debt contracted by the non-financial public sector with resident creditors. It includes loans, bonds, and other financial obligations held by domestic financial institutions, companies, or individuals. This indicator reflects the government’s reliance on domestic financing and the capacity of local markets to absorb public debt.",Ministerio de Hacienda y Crédito Público de Colombia,2026-07-16,17769bdec99e4b7e,GGDBTDOMTCN,Domestic gross debt,SOURCE_SPECIFIC_EXACT,HIGH,IDB_LMW_SOURCE_EXACT,domestic public debt,OTHER,UNSPECIFIED,0,500,1508,False
Domestic Public Debt,"fiscal year (Q4–Q3 aggregation), end of period",,Annual,03_Fiscal Accounts and Public Debt,01_Central Government,143,8,1996,2025,"Domestic Public Debt (Central Government) refers to the outstanding stock of public debt contracted by the central government with resident creditors. It includes loans, bonds, and other financial obligations held by domestic financial institutions, companies, or individuals. This indicator reflects the government’s reliance on domestic financing and the capacity of local markets to absorb public debt.",Tesouro Nacional do Brasil,2026-07-16,51b4998e9ecb90c3,GGDBTDOMTCN,Domestic gross debt,SOURCE_SPECIFIC_EXACT,HIGH,IDB_LMW_SOURCE_EXACT,domestic public debt,OTHER,UNSPECIFIED,0,500,1508,False
Domestic Public Debt,fiscal year (Q4–Q3 aggregation),,Annual,03_Fiscal Accounts and Public Debt,03_Non Financial Public Sector,94,4,2000,2025,"Domestic Public Debt (Non-Financial Public Sector) refers to the outstanding stock of public debt contracted by the non-financial public sector with resident creditors. It includes loans, bonds, and other financial obligations held by domestic financial institutions, companies, or individuals. This indicator reflects the government’s reliance on domestic financing and the capacity of local markets to absorb public debt.",Ministerio de Hacienda y Crédito Público de Colombia,2026-07-16,e88b81ff32be2733,GGDBTDOMTCN,Domestic gross debt,SOURCE_SPECIFIC_EXACT,HIGH,IDB_LMW_SOURCE_EXACT,domestic public debt,OTHER,UNSPECIFIED,0,500,1504,False
Domestic Public Debt,"fiscal year (Q4–Q3 aggregation), end of period",,Annual,03_Fiscal Accounts and Public Debt,03_Non Financial Public Sector,81,4,1999,2025,"Domestic Public Debt (Non-Financial Public Sector) refers to the outstanding stock of public debt contracted by the non-financial public sector with resident creditors. It includes loans, bonds, and other financial obligations held by domestic financial institutions, companies, or individuals. This indicator reflects the government’s reliance on domestic financing and the capacity of local markets to absorb public debt.",Ministerio de Economía y Hacienda de Rep. Dominicana,2026-07-16,461dc3854f3079fc,GGDBTDOMTCN,Domestic gross debt,SOURCE_SPECIFIC_EXACT,HIGH,IDB_LMW_SOURCE_EXACT,domestic public debt,OTHER,UNSPECIFIED,0,500,1504,False
Domestic Public Debt,"fiscal year (Q4–Q3 aggregation), avg. of period",,Annual,03_Fiscal Accounts and Public Debt,03_Non Financial Public Sector,69,3,1999,2025,"Domestic Public Debt (Non-Financial Public Sector) refers to the outstanding stock of public debt contracted by the non-financial public sector with resident creditors. It includes loans, bonds, and other financial obligations held by domestic financial institutions, companies, or individuals. This indicator reflects the government’s reliance on domestic financing and the capacity of local markets to absorb public debt.",Ministerio de Economía y Finanzas de Ecuador,2026-07-16,b7f80259e970e0b4,GGDBTDOMTCN,Domestic gross debt,SOURCE_SPECIFIC_EXACT,HIGH,IDB_LMW_SOURCE_EXACT,domestic public debt,OTHER,UNSPECIFIED,0,500,1503,False
Domestic Public Debt,"millions of domestic currency, end of period",,Annual,03_Fiscal Accounts and Public Debt,02_General Government,56,3,2002,2025,"Domestic Public Debt (General Government) refers to the outstanding stock of public debt contracted by the general government with resident creditors. It includes loans, bonds, and other financial obligations held by domestic financial institutions, companies, or individuals. This indicator reflects the government’s reliance on domestic financing and the capacity of local markets to absorb public debt.",Tesouro Nacional do Brasil,2026-07-16,8aa5df3a768b0772,GGDBTDOMTCN,Domestic gross debt,SOURCE_SPECIFIC_EXACT,HIGH,IDB_LMW_SOURCE_EXACT,domestic public debt,OTHER,UNSPECIFIED,0,500,1503,False
Domestic Public Debt,fiscal year (Q4–Q3 aggregation),,Annual,03_Fiscal Accounts and Public Debt,01_Central Government,55,3,1999,2025,"Domestic Public Debt (Central Government) refers to the outstanding stock of public debt contracted by the central government with resident creditors. It includes loans, bonds, and other financial obligations held by domestic financial institutions, companies, or individuals. This indicator reflects the government’s reliance on domestic financing and the capacity of local markets to absorb public debt.",Ministerio de Economía de Argentina,2026-07-16,9aae74733a73d6b5,GGDBTDOMTCN,Domestic gross debt,SOURCE_SPECIFIC_EXACT,HIGH,IDB_LMW_SOURCE_EXACT,domestic public debt,OTHER,UNSPECIFIED,0,500,1503,False
Domestic Public Debt,"millions of domestic currency, avg. of period",,Annual,03_Fiscal Accounts and Public Debt,02_General Government,52,3,2002,2025,"Domestic Public Debt (General Government) refers to the outstanding stock of public debt contracted by the general government with resident creditors. It includes loans, bonds, and other financial obligations held by domestic financial institutions, companies, or individuals. This indicator reflects the government’s reliance on domestic financing and the capacity of local markets to absorb public debt.",Tesouro Nacional do Brasil,2026-07-16,552c5aa45946caf7,GGDBTDOMTCN,Domestic gross debt,SOURCE_SPECIFIC_EXACT,HIGH,IDB_LMW_SOURCE_EXACT,domestic public debt,OTHER,UNSPECIFIED,0,500,1503,False
Domestic Public Debt,"fiscal year (Q4–Q3 aggregation), end of period",,Annual,03_Fiscal Accounts and Public Debt,02_General Government,27,2,2009,2025,"Domestic Public Debt (General Government) refers to the outstanding stock of public debt contracted by the general government with resident creditors. It includes loans, bonds, and other financial obligations held by domestic financial institutions, companies, or individuals. This indicator reflects the government’s reliance on domestic financing and the capacity of local markets to absorb public debt.",Ministerio de Hacienda de Costa Rica,2026-08-03,c37034069feb250c,GGDBTDOMTCN,Domestic gross debt,SOURCE_SPECIFIC_EXACT,HIGH,IDB_LMW_SOURCE_EXACT,domestic public debt,OTHER,UNSPECIFIED,0,500,1502,False
Domestic Public Debt,"fiscal year (Q4–Q3 aggregation), avg. of period",,Annual,03_Fiscal Accounts and Public Debt,02_General Government,26,2,2009,2025,"Domestic Public Debt (General Government) refers to the outstanding stock of public debt contracted by the general government with resident creditors. It includes loans, bonds, and other financial obligations held by domestic financial institutions, companies, or individuals. This indicator reflects the government’s reliance on domestic financing and the capacity of local markets to absorb public debt.",Ministerio de Hacienda de Costa Rica,2026-08-03,49b00248903c3911,GGDBTDOMTCN,Domestic gross debt,SOURCE_SPECIFIC_EXACT,HIGH,IDB_LMW_SOURCE_EXACT,domestic public debt,OTHER,UNSPECIFIED,0,500,1502,False
Domestic Public Debt,fiscal year (Q4–Q3 aggregation),,Annual,03_Fiscal Accounts and Public Debt,02_General Government,23,1,2003,2025,"Domestic Public Debt (General Government) refers to the outstanding stock of public debt contracted by the general government with resident creditors. It includes loans, bonds, and other financial obligations held by domestic financial institutions, companies, or individuals. This indicator reflects the government’s reliance on domestic financing and the capacity of local markets to absorb public debt.",Tesouro Nacional do Brasil,2026-07-16,6e4ed664f37e14e3,GGDBTDOMTCN,Domestic gross debt,SOURCE_SPECIFIC_EXACT,HIGH,IDB_LMW_SOURCE_EXACT,domestic public debt,OTHER,UNSPECIFIED,0,500,1501,False
Domestic Public Debt,millions of domestic currency,,Annual,03_Fiscal Accounts and Public Debt,03_Non Financial Public Sector,22,1,2004,2025,"Domestic Public Debt (Non-Financial Public Sector) refers to the outstanding stock of public debt contracted by the non-financial public sector with resident creditors. It includes loans, bonds, and other financial obligations held by domestic financial institutions, companies, or individuals. This indicator reflects the government’s reliance on domestic financing and the capacity of local markets to absorb public debt.",Ministerio de Economía y Finanzas de Paraguay,2026-07-16,fb0a278b3a9d5cd6,GGDBTDOMTCN,Domestic gross debt,SOURCE_SPECIFIC_EXACT,HIGH,IDB_LMW_SOURCE_EXACT,domestic public debt,OTHER,UNSPECIFIED,0,500,1501,False
Domestic Public Debt,millions of domestic currency,,Annual,03_Fiscal Accounts and Public Debt,01_Central Government,18,1,2008,2025,"Domestic Public Debt (Central Government) refers to the outstanding stock of public debt contracted by the central government with resident creditors. It includes loans, bonds, and other financial obligations held by domestic financial institutions, companies, or individuals. This indicator reflects the government’s reliance on domestic financing and the capacity of local markets to absorb public debt.",Secretaria de Finanzas de Honduras,2026-07-16,7f98ce4c6b7d0a64,GGDBTDOMTCN,Domestic gross debt,SOURCE_SPECIFIC_EXACT,HIGH,IDB_LMW_SOURCE_EXACT,domestic public debt,OTHER,UNSPECIFIED,0,500,1501,False
Domestic Public Debt,"constant prices – CPI-deflated, end of period",,Annual,03_Fiscal Accounts and Public Debt,01_Central Government,162,11,1995,2025,"Domestic Public Debt (Central Government) refers to the outstanding stock of public debt contracted by the central government with resident creditors. It includes loans, bonds, and other financial obligations held by domestic financial institutions, companies, or individuals. This indicator reflects the government’s reliance on domestic financing and the capacity of local markets to absorb public debt.",Ministerio de Economía de Argentina,2026-07-16,fbc02b5b1aaa7458,GGDBTDOMTCN,Domestic gross debt,SOURCE_SPECIFIC_EXACT,HIGH,IDB_LMW_SOURCE_EXACT,domestic public debt,CONSTANT_OTHER,UNSPECIFIED,-250,500,1261,False
Domestic Public Debt,"constant prices – CPI-deflated, avg. of period",,Annual,03_Fiscal Accounts and Public Debt,01_Central Government,146,10,1995,2025,"Domestic Public Debt (Central Government) refers to the outstanding stock of public debt contracted by the central government with resident creditors. It includes loans, bonds, and other financial obligations held by domestic financial institutions, companies, or individuals. This indicator reflects the government’s reliance on domestic financing and the capacity of local markets to absorb public debt.",Ministerio de Economía de Argentina,2026-07-16,b66c29d44b672c14,GGDBTDOMTCN,Domestic gross debt,SOURCE_SPECIFIC_EXACT,HIGH,IDB_LMW_SOURCE_EXACT,domestic public debt,CONSTANT_OTHER,UNSPECIFIED,-250,500,1260,False
Domestic Public Debt,"constant prices – CPI-deflated, end of period",,Annual,03_Fiscal Accounts and Public Debt,03_Non Financial Public Sector,209,8,1990,2025,"Domestic Public Debt (Non-Financial Public Sector) refers to the outstanding stock of public debt contracted by the non-financial public sector with resident creditors. It includes loans, bonds, and other financial obligations held by domestic financial institutions, companies, or individuals. This indicator reflects the government’s reliance on domestic financing and the capacity of local markets to absorb public debt.",Ministerio de Hacienda y Crédito Público de Colombia,2026-07-16,5a925dd86a79fafd,GGDBTDOMTCN,Domestic gross debt,SOURCE_SPECIFIC_EXACT,HIGH,IDB_LMW_SOURCE_EXACT,domestic public debt,CONSTANT_OTHER,UNSPECIFIED,-250,500,1258,False
Domestic Public Debt,"constant prices – CPI-deflated, avg. of period",,Annual,03_Fiscal Accounts and Public Debt,03_Non Financial Public Sector,197,8,1990,2025,"Domestic Public Debt (Non-Financial Public Sector) refers to the outstanding stock of public debt contracted by the non-financial public sector with resident creditors. It includes loans, bonds, and other financial obligations held by domestic financial institutions, companies, or individuals. This indicator reflects the government’s reliance on domestic financing and the capacity of local markets to absorb public debt.",Ministerio de Hacienda y Crédito Público de Colombia,2026-07-16,424d56125c6fa55f,GGDBTDOMTCN,Domestic gross debt,SOURCE_SPECIFIC_EXACT,HIGH,IDB_LMW_SOURCE_EXACT,domestic public debt,CONSTANT_OTHER,UNSPECIFIED,-250,500,1258,False
Domestic Public Debt,"constant prices – CPI-deflated, end of period",,Annual,03_Fiscal Accounts and Public Debt,02_General Government,56,3,2002,2025,"Domestic Public Debt (General Government) refers to the outstanding stock of public debt contracted by the general government with resident creditors. It includes loans, bonds, and other financial obligations held by domestic financial institutions, companies, or individuals. This indicator reflects the government’s reliance on domestic financing and the capacity of local markets to absorb public debt.",Tesouro Nacional do Brasil,2026-07-16,ad3cd2d7192333c3,GGDBTDOMTCN,Domestic gross debt,SOURCE_SPECIFIC_EXACT,HIGH,IDB_LMW_SOURCE_EXACT,domestic public debt,CONSTANT_OTHER,UNSPECIFIED,-250,500,1253,False
Domestic Public Debt,"constant prices – CPI-deflated, avg. of period",,Annual,03_Fiscal Accounts and Public Debt,02_General Government,52,3,2002,2025,"Domestic Public Debt (General Government) refers to the outstanding stock of public debt contracted by the general government with resident creditors. It includes loans, bonds, and other financial obligations held by domestic financial institutions, companies, or individuals. This indicator reflects the government’s reliance on domestic financing and the capacity of local markets to absorb public debt.",Tesouro Nacional do Brasil,2026-07-16,2cfac76a8a679a4f,GGDBTDOMTCN,Domestic gross debt,SOURCE_SPECIFIC_EXACT,HIGH,IDB_LMW_SOURCE_EXACT,domestic public debt,CONSTANT_OTHER,UNSPECIFIED,-250,500,1253,False
Domestic Public Debt,constant prices – CPI-deflated,,Annual,03_Fiscal Accounts and Public Debt,03_Non Financial Public Sector,22,1,2004,2025,"Domestic Public Debt (Non-Financial Public Sector) refers to the outstanding stock of public debt contracted by the non-financial public sector with resident creditors. It includes loans, bonds, and other financial obligations held by domestic financial institutions, companies, or individuals. This indicator reflects the government’s reliance on domestic financing and the capacity of local markets to absorb public debt.",Ministerio de Economía y Finanzas de Paraguay,2026-07-16,c810952c2018e7cb,GGDBTDOMTCN,Domestic gross debt,SOURCE_SPECIFIC_EXACT,HIGH,IDB_LMW_SOURCE_EXACT,domestic public debt,CONSTANT_OTHER,UNSPECIFIED,-250,500,1251,False
Domestic Public Debt,constant prices – CPI-deflated,,Annual,03_Fiscal Accounts and Public Debt,01_Central Government,18,1,2008,2025,"Domestic Public Debt (Central Government) refers to the outstanding stock of public debt contracted by the central government with resident creditors. It includes loans, bonds, and other financial obligations held by domestic financial institutions, companies, or individuals. This indicator reflects the government’s reliance on domestic financing and the capacity of local markets to absorb public debt.",Secretaria de Finanzas de Honduras,2026-07-16,4598affc46182313,GGDBTDOMTCN,Domestic gross debt,SOURCE_SPECIFIC_EXACT,HIGH,IDB_LMW_SOURCE_EXACT,domestic public debt,CONSTANT_OTHER,UNSPECIFIED,-250,500,1251,False
Domestic Public Debt,"millions of USD, end of period",YoY %,Annual,03_Fiscal Accounts and Public Debt,01_Central Government,160,11,1996,2025,"Domestic Public Debt (Central Government) refers to the outstanding stock of public debt contracted by the central government with resident creditors. It includes loans, bonds, and other financial obligations held by domestic financial institutions, companies, or individuals. This indicator reflects the government’s reliance on domestic financing and the capacity of local markets to absorb public debt.",Ministerio de Economía de Argentina,2026-07-16,286964ea94d43f5f,GGDBTDOMTCN,Domestic gross debt,SOURCE_SPECIFIC_EXACT,HIGH,IDB_LMW_SOURCE_EXACT,domestic public debt,TRANSFORMED_NONLEVEL,UNSPECIFIED,-280,500,1231,False
Domestic Public Debt,"millions of USD, avg. of period",YoY %,Annual,03_Fiscal Accounts and Public Debt,01_Central Government,148,10,1996,2025,"Domestic Public Debt (Central Government) refers to the outstanding stock of public debt contracted by the central government with resident creditors. It includes loans, bonds, and other financial obligations held by domestic financial institutions, companies, or individuals. This indicator reflects the government’s reliance on domestic financing and the capacity of local markets to absorb public debt.",Ministerio de Economía de Argentina,2026-07-16,199d74eeed1745e1,GGDBTDOMTCN,Domestic gross debt,SOURCE_SPECIFIC_EXACT,HIGH,IDB_LMW_SOURCE_EXACT,domestic public debt,TRANSFORMED_NONLEVEL,UNSPECIFIED,-280,500,1230,False
Domestic Public Debt,"millions of USD, end of period",YoY %,Annual,03_Fiscal Accounts and Public Debt,03_Non Financial Public Sector,202,8,1991,2025,"Domestic Public Debt (Non-Financial Public Sector) refers to the outstanding stock of public debt contracted by the non-financial public sector with resident creditors. It includes loans, bonds, and other financial obligations held by domestic financial institutions, companies, or individuals. This indicator reflects the government’s reliance on domestic financing and the capacity of local markets to absorb public debt.",Ministerio de Hacienda y Crédito Público de Colombia,2026-07-16,e89a302afa95ca8a,GGDBTDOMTCN,Domestic gross debt,SOURCE_SPECIFIC_EXACT,HIGH,IDB_LMW_SOURCE_EXACT,domestic public debt,TRANSFORMED_NONLEVEL,UNSPECIFIED,-280,500,1228,False
Domestic Public Debt,"millions of USD, avg. of period",YoY %,Annual,03_Fiscal Accounts and Public Debt,03_Non Financial Public Sector,189,8,1991,2025,"Domestic Public Debt (Non-Financial Public Sector) refers to the outstanding stock of public debt contracted by the non-financial public sector with resident creditors. It includes loans, bonds, and other financial obligations held by domestic financial institutions, companies, or individuals. This indicator reflects the government’s reliance on domestic financing and the capacity of local markets to absorb public debt.",Ministerio de Hacienda y Crédito Público de Colombia,2026-07-16,5348559a54d3ce6d,GGDBTDOMTCN,Domestic gross debt,SOURCE_SPECIFIC_EXACT,HIGH,IDB_LMW_SOURCE_EXACT,domestic public debt,TRANSFORMED_NONLEVEL,UNSPECIFIED,-280,500,1228,False
Domestic Public Debt,"millions of USD, end of period",YoY %,Annual,03_Fiscal Accounts and Public Debt,02_General Government,53,3,2003,2025,"Domestic Public Debt (General Government) refers to the outstanding stock of public debt contracted by the general government with resident creditors. It includes loans, bonds, and other financial obligations held by domestic financial institutions, companies, or individuals. This indicator reflects the government’s reliance on domestic financing and the capacity of local markets to absorb public debt.",Tesouro Nacional do Brasil,2026-07-16,cea21486796394bf,GGDBTDOMTCN,Domestic gross debt,SOURCE_SPECIFIC_EXACT,HIGH,IDB_LMW_SOURCE_EXACT,domestic public debt,TRANSFORMED_NONLEVEL,UNSPECIFIED,-280,500,1223,False
Domestic Public Debt,"millions of USD, avg. of period",YoY %,Annual,03_Fiscal Accounts and Public Debt,02_General Government,49,3,2003,2025,"Domestic Public Debt (General Government) refers to the outstanding stock of public debt contracted by the general government with resident creditors. It includes loans, bonds, and other financial obligations held by domestic financial institutions, companies, or individuals. This indicator reflects the government’s reliance on domestic financing and the capacity of local markets to absorb public debt.",Tesouro Nacional do Brasil,2026-07-16,6d953878a88e6e9c,GGDBTDOMTCN,Domestic gross debt,SOURCE_SPECIFIC_EXACT,HIGH,IDB_LMW_SOURCE_EXACT,domestic public debt,TRANSFORMED_NONLEVEL,UNSPECIFIED,-280,500,1223,False
Domestic Public Debt,millions of USD,YoY %,Annual,03_Fiscal Accounts and Public Debt,03_Non Financial Public Sector,21,1,2005,2025,"Domestic Public Debt (Non-Financial Public Sector) refers to the outstanding stock of public debt contracted by the non-financial public sector with resident creditors. It includes loans, bonds, and other financial obligations held by domestic financial institutions, companies, or individuals. This indicator reflects the government’s reliance on domestic financing and the capacity of local markets to absorb public debt.",Ministerio de Economía y Finanzas de Paraguay,2026-07-16,9ab9b47f7a73c607,GGDBTDOMTCN,Domestic gross debt,SOURCE_SPECIFIC_EXACT,HIGH,IDB_LMW_SOURCE_EXACT,domestic public debt,TRANSFORMED_NONLEVEL,UNSPECIFIED,-280,500,1221,False
Domestic Public Debt,millions of USD,YoY %,Annual,03_Fiscal Accounts and Public Debt,01_Central Government,17,1,2009,2025,"Domestic Public Debt (Central Government) refers to the outstanding stock of public debt contracted by the central government with resident creditors. It includes loans, bonds, and other financial obligations held by domestic financial institutions, companies, or individuals. This indicator reflects the government’s reliance on domestic financing and the capacity of local markets to absorb public debt.",Secretaria de Finanzas de Honduras,2026-07-16,921d52c1b44b40ba,GGDBTDOMTCN,Domestic gross debt,SOURCE_SPECIFIC_EXACT,HIGH,IDB_LMW_SOURCE_EXACT,domestic public debt,TRANSFORMED_NONLEVEL,UNSPECIFIED,-280,500,1221,False
Domestic Public Debt,"millions of domestic currency, end of period",YoY %,Annual,03_Fiscal Accounts and Public Debt,01_Central Government,160,11,1996,2025,"Domestic Public Debt (Central Government) refers to the outstanding stock of public debt contracted by the central government with resident creditors. It includes loans, bonds, and other financial obligations held by domestic financial institutions, companies, or individuals. This indicator reflects the government’s reliance on domestic financing and the capacity of local markets to absorb public debt.",Ministerio de Economía de Argentina,2026-07-16,072829de6a8da0ef,GGDBTDOMTCN,Domestic gross debt,SOURCE_SPECIFIC_EXACT,HIGH,IDB_LMW_SOURCE_EXACT,domestic public debt,TRANSFORMED_NONLEVEL,UNSPECIFIED,-300,500,1211,False
Domestic Public Debt,"millions of domestic currency, avg. of period",YoY %,Annual,03_Fiscal Accounts and Public Debt,01_Central Government,149,10,1996,2026,"Domestic Public Debt (Central Government) refers to the outstanding stock of public debt contracted by the central government with resident creditors. It includes loans, bonds, and other financial obligations held by domestic financial institutions, companies, or individuals. This indicator reflects the government’s reliance on domestic financing and the capacity of local markets to absorb public debt.",Ministerio de Economía de Argentina,2026-07-16,b89590da26b1dcdb,GGDBTDOMTCN,Domestic gross debt,SOURCE_SPECIFIC_EXACT,HIGH,IDB_LMW_SOURCE_EXACT,domestic public debt,TRANSFORMED_NONLEVEL,UNSPECIFIED,-300,500,1210,False
Domestic Public Debt,"millions of domestic currency, end of period",YoY %,Annual,03_Fiscal Accounts and Public Debt,03_Non Financial Public Sector,202,8,1991,2025,"Domestic Public Debt (Non-Financial Public Sector) refers to the outstanding stock of public debt contracted by the non-financial public sector with resident creditors. It includes loans, bonds, and other financial obligations held by domestic financial institutions, companies, or individuals. This indicator reflects the government’s reliance on domestic financing and the capacity of local markets to absorb public debt.",Ministerio de Hacienda y Crédito Público de Colombia,2026-07-16,de3f0cef7535428a,GGDBTDOMTCN,Domestic gross debt,SOURCE_SPECIFIC_EXACT,HIGH,IDB_LMW_SOURCE_EXACT,domestic public debt,TRANSFORMED_NONLEVEL,UNSPECIFIED,-300,500,1208,False
Domestic Public Debt,"millions of domestic currency, avg. of period",YoY %,Annual,03_Fiscal Accounts and Public Debt,03_Non Financial Public Sector,189,8,1991,2025,"Domestic Public Debt (Non-Financial Public Sector) refers to the outstanding stock of public debt contracted by the non-financial public sector with resident creditors. It includes loans, bonds, and other financial obligations held by domestic financial institutions, companies, or individuals. This indicator reflects the government’s reliance on domestic financing and the capacity of local markets to absorb public debt.",Ministerio de Hacienda y Crédito Público de Colombia,2026-07-16,3bf216e5937a9a05,GGDBTDOMTCN,Domestic gross debt,SOURCE_SPECIFIC_EXACT,HIGH,IDB_LMW_SOURCE_EXACT,domestic public debt,TRANSFORMED_NONLEVEL,UNSPECIFIED,-300,500,1208,False
Domestic Public Debt,"millions of domestic currency, end of period",YoY %,Annual,03_Fiscal Accounts and Public Debt,02_General Government,53,3,2003,2025,"Domestic Public Debt (General Government) refers to the outstanding stock of public debt contracted by the general government with resident creditors. It includes loans, bonds, and other financial obligations held by domestic financial institutions, companies, or individuals. This indicator reflects the government’s reliance on domestic financing and the capacity of local markets to absorb public debt.",Tesouro Nacional do Brasil,2026-07-16,47225f517c151048,GGDBTDOMTCN,Domestic gross debt,SOURCE_SPECIFIC_EXACT,HIGH,IDB_LMW_SOURCE_EXACT,domestic public debt,TRANSFORMED_NONLEVEL,UNSPECIFIED,-300,500,1203,False
Domestic Public Debt,"millions of domestic currency, avg. of period",YoY %,Annual,03_Fiscal Accounts and Public Debt,02_General Government,49,3,2003,2025,"Domestic Public Debt (General Government) refers to the outstanding stock of public debt contracted by the general government with resident creditors. It includes loans, bonds, and other financial obligations held by domestic financial institutions, companies, or individuals. This indicator reflects the government’s reliance on domestic financing and the capacity of local markets to absorb public debt.",Tesouro Nacional do Brasil,2026-07-16,a6e71e73ad425fa1,GGDBTDOMTCN,Domestic gross debt,SOURCE_SPECIFIC_EXACT,HIGH,IDB_LMW_SOURCE_EXACT,domestic public debt,TRANSFORMED_NONLEVEL,UNSPECIFIED,-300,500,1203,False
Domestic Public Debt,millions of domestic currency,YoY %,Annual,03_Fiscal Accounts and Public Debt,03_Non Financial Public Sector,21,1,2005,2025,"Domestic Public Debt (Non-Financial Public Sector) refers to the outstanding stock of public debt contracted by the non-financial public sector with resident creditors. It includes loans, bonds, and other financial obligations held by domestic financial institutions, companies, or individuals. This indicator reflects the government’s reliance on domestic financing and the capacity of local markets to absorb public debt.",Ministerio de Economía y Finanzas de Paraguay,2026-07-16,9c75e0e4c7916293,GGDBTDOMTCN,Domestic gross debt,SOURCE_SPECIFIC_EXACT,HIGH,IDB_LMW_SOURCE_EXACT,domestic public debt,TRANSFORMED_NONLEVEL,UNSPECIFIED,-300,500,1201,False
Domestic Public Debt,millions of domestic currency,YoY %,Annual,03_Fiscal Accounts and Public Debt,01_Central Government,17,1,2009,2025,"Domestic Public Debt (Central Government) refers to the outstanding stock of public debt contracted by the central government with resident creditors. It includes loans, bonds, and other financial obligations held by domestic financial institutions, companies, or individuals. This indicator reflects the government’s reliance on domestic financing and the capacity of local markets to absorb public debt.",Secretaria de Finanzas de Honduras,2026-07-16,198e8389d1b493f3,GGDBTDOMTCN,Domestic gross debt,SOURCE_SPECIFIC_EXACT,HIGH,IDB_LMW_SOURCE_EXACT,domestic public debt,TRANSFORMED_NONLEVEL,UNSPECIFIED,-300,500,1201,False
Domestic Public Debt,"% of GDP, end of period",,Annual,03_Fiscal Accounts and Public Debt,01_Central Government,157,11,1995,2025,"Domestic Public Debt (Central Government) refers to the outstanding stock of public debt contracted by the central government with resident creditors. It includes loans, bonds, and other financial obligations held by domestic financial institutions, companies, or individuals. This indicator reflects the government’s reliance on domestic financing and the capacity of local markets to absorb public debt.",Ministerio de Economía de Argentina,2026-07-16,1b1eace92279678b,GGDBTDOMTCN,Domestic gross debt,AUTO_CANDIDATE,HIGH,IDB_LMW_RULE_CANDIDATE,domestic public debt,PCT_GDP,UNSPECIFIED,60,115,186,False
Domestic Public Debt,"% of GDP, avg. of period",,Annual,03_Fiscal Accounts and Public Debt,01_Central Government,145,10,1995,2025,"Domestic Public Debt (Central Government) refers to the outstanding stock of public debt contracted by the central government with resident creditors. It includes loans, bonds, and other financial obligations held by domestic financial institutions, companies, or individuals. This indicator reflects the government’s reliance on domestic financing and the capacity of local markets to absorb public debt.",Ministerio de Economía de Argentina,2026-07-16,a9e884c780b16c01,GGDBTDOMTCN,Domestic gross debt,AUTO_CANDIDATE,HIGH,IDB_LMW_RULE_CANDIDATE,domestic public debt,PCT_GDP,UNSPECIFIED,60,115,185,False
Domestic Public Debt,"% of GDP, end of period",,Annual,03_Fiscal Accounts and Public Debt,03_Non Financial Public Sector,194,8,1993,2025,"Domestic Public Debt (Non-Financial Public Sector) refers to the outstanding stock of public debt contracted by the non-financial public sector with resident creditors. It includes loans, bonds, and other financial obligations held by domestic financial institutions, companies, or individuals. This indicator reflects the government’s reliance on domestic financing and the capacity of local markets to absorb public debt.",Ministerio de Hacienda y Crédito Público de Colombia,2026-07-16,faa82341b0ac37c0,GGDBTDOMTCN,Domestic gross debt,AUTO_CANDIDATE,HIGH,IDB_LMW_RULE_CANDIDATE,domestic public debt,PCT_GDP,UNSPECIFIED,60,115,183,False
Domestic Public Debt,"% of GDP, avg. of period",,Annual,03_Fiscal Accounts and Public Debt,03_Non Financial Public Sector,192,8,1993,2025,"Domestic Public Debt (Non-Financial Public Sector) refers to the outstanding stock of public debt contracted by the non-financial public sector with resident creditors. It includes loans, bonds, and other financial obligations held by domestic financial institutions, companies, or individuals. This indicator reflects the government’s reliance on domestic financing and the capacity of local markets to absorb public debt.",Ministerio de Hacienda y Crédito Público de Colombia,2026-07-16,4b0e588540e4ef05,GGDBTDOMTCN,Domestic gross debt,AUTO_CANDIDATE,HIGH,IDB_LMW_RULE_CANDIDATE,domestic public debt,PCT_GDP,UNSPECIFIED,60,115,183,False
Domestic Public Debt,"% of GDP, end of period",,Annual,03_Fiscal Accounts and Public Debt,02_General Government,56,3,2002,2025,"Domestic Public Debt (General Government) refers to the outstanding stock of public debt contracted by the general government with resident creditors. It includes loans, bonds, and other financial obligations held by domestic financial institutions, companies, or individuals. This indicator reflects the government’s reliance on domestic financing and the capacity of local markets to absorb public debt.",Tesouro Nacional do Brasil,2026-07-16,a6ac0f3da72862a0,GGDBTDOMTCN,Domestic gross debt,AUTO_CANDIDATE,HIGH,IDB_LMW_RULE_CANDIDATE,domestic public debt,PCT_GDP,UNSPECIFIED,60,115,178,False
Domestic Public Debt,"% of GDP, avg. of period",,Annual,03_Fiscal Accounts and Public Debt,02_General Government,52,3,2002,2025,"Domestic Public Debt (General Government) refers to the outstanding stock of public debt contracted by the general government with resident creditors. It includes loans, bonds, and other financial obligations held by domestic financial institutions, companies, or individuals. This indicator reflects the government’s reliance on domestic financing and the capacity of local markets to absorb public debt.",Tesouro Nacional do Brasil,2026-07-16,e6fa48489b3fb155,GGDBTDOMTCN,Domestic gross debt,AUTO_CANDIDATE,HIGH,IDB_LMW_RULE_CANDIDATE,domestic public debt,PCT_GDP,UNSPECIFIED,60,115,178,False
Domestic Public Debt,% of GDP,,Annual,03_Fiscal Accounts and Public Debt,03_Non Financial Public Sector,22,1,2004,2025,"Domestic Public Debt (Non-Financial Public Sector) refers to the outstanding stock of public debt contracted by the non-financial public sector with resident creditors. It includes loans, bonds, and other financial obligations held by domestic financial institutions, companies, or individuals. This indicator reflects the government’s reliance on domestic financing and the capacity of local markets to absorb public debt.",Ministerio de Economía y Finanzas de Paraguay,2026-07-16,2595efed782a0482,GGDBTDOMTCN,Domestic gross debt,AUTO_CANDIDATE,HIGH,IDB_LMW_RULE_CANDIDATE,domestic public debt,PCT_GDP,UNSPECIFIED,60,115,176,False
Domestic Public Debt,% of GDP,,Annual,03_Fiscal Accounts and Public Debt,01_Central Government,18,1,2008,2025,"Domestic Public Debt (Central Government) refers to the outstanding stock of public debt contracted by the central government with resident creditors. It includes loans, bonds, and other financial obligations held by domestic financial institutions, companies, or individuals. This indicator reflects the government’s reliance on domestic financing and the capacity of local markets to absorb public debt.",Secretaria de Finanzas de Honduras,2026-07-16,ade838e9173f809b,GGDBTDOMTCN,Domestic gross debt,AUTO_CANDIDATE,HIGH,IDB_LMW_RULE_CANDIDATE,domestic public debt,PCT_GDP,UNSPECIFIED,60,115,176,False
Domestic Public Debt,"millions of USD, end of period",,Annual,03_Fiscal Accounts and Public Debt,01_Central Government,168,11,1995,2025,"Domestic Public Debt (Central Government) refers to the outstanding stock of public debt contracted by the central government with resident creditors. It includes loans, bonds, and other financial obligations held by domestic financial institutions, companies, or individuals. This indicator reflects the government’s reliance on domestic financing and the capacity of local markets to absorb public debt.",Ministerio de Economía de Argentina,2026-07-16,99abd861f6616b7d,GGDBTDOMTCN,Domestic gross debt,AUTO_CANDIDATE,HIGH,IDB_LMW_RULE_CANDIDATE,domestic public debt,CURRENT_USD,UNSPECIFIED,20,115,146,False
Domestic Public Debt,"millions of USD, avg. of period",,Annual,03_Fiscal Accounts and Public Debt,01_Central Government,156,10,1995,2025,"Domestic Public Debt (Central Government) refers to the outstanding stock of public debt contracted by the central government with resident creditors. It includes loans, bonds, and other financial obligations held by domestic financial institutions, companies, or individuals. This indicator reflects the government’s reliance on domestic financing and the capacity of local markets to absorb public debt.",Ministerio de Economía de Argentina,2026-07-16,6284f7045da6ffc6,GGDBTDOMTCN,Domestic gross debt,AUTO_CANDIDATE,HIGH,IDB_LMW_RULE_CANDIDATE,domestic public debt,CURRENT_USD,UNSPECIFIED,20,115,145,False
Domestic Public Debt,"millions of USD, end of period",,Annual,03_Fiscal Accounts and Public Debt,03_Non Financial Public Sector,210,8,1990,2025,"Domestic Public Debt (Non-Financial Public Sector) refers to the outstanding stock of public debt contracted by the non-financial public sector with resident creditors. It includes loans, bonds, and other financial obligations held by domestic financial institutions, companies, or individuals. This indicator reflects the government’s reliance on domestic financing and the capacity of local markets to absorb public debt.",Ministerio de Hacienda y Crédito Público de Colombia,2026-07-16,547ee541965f35f1,GGDBTDOMTCN,Domestic gross debt,AUTO_CANDIDATE,HIGH,IDB_LMW_RULE_CANDIDATE,domestic public debt,CURRENT_USD,UNSPECIFIED,20,115,143,False
Domestic Public Debt,"millions of USD, avg. of period",,Annual,03_Fiscal Accounts and Public Debt,03_Non Financial Public Sector,197,8,1990,2025,"Domestic Public Debt (Non-Financial Public Sector) refers to the outstanding stock of public debt contracted by the non-financial public sector with resident creditors. It includes loans, bonds, and other financial obligations held by domestic financial institutions, companies, or individuals. This indicator reflects the government’s reliance on domestic financing and the capacity of local markets to absorb public debt.",Ministerio de Hacienda y Crédito Público de Colombia,2026-07-16,5c379c2029e062cd,GGDBTDOMTCN,Domestic gross debt,AUTO_CANDIDATE,HIGH,IDB_LMW_RULE_CANDIDATE,domestic public debt,CURRENT_USD,UNSPECIFIED,20,115,143,False
Domestic Public Debt,"millions of USD, end of period",,Annual,03_Fiscal Accounts and Public Debt,02_General Government,56,3,2002,2025,"Domestic Public Debt (General Government) refers to the outstanding stock of public debt contracted by the general government with resident creditors. It includes loans, bonds, and other financial obligations held by domestic financial institutions, companies, or individuals. This indicator reflects the government’s reliance on domestic financing and the capacity of local markets to absorb public debt.",Tesouro Nacional do Brasil,2026-07-16,ae84b27c46a4059a,GGDBTDOMTCN,Domestic gross debt,AUTO_CANDIDATE,HIGH,IDB_LMW_RULE_CANDIDATE,domestic public debt,CURRENT_USD,UNSPECIFIED,20,115,138,False
Domestic Public Debt,"millions of USD, avg. of period",,Annual,03_Fiscal Accounts and Public Debt,02_General Government,52,3,2002,2025,"Domestic Public Debt (General Government) refers to the outstanding stock of public debt contracted by the general government with resident creditors. It includes loans, bonds, and other financial obligations held by domestic financial institutions, companies, or individuals. This indicator reflects the government’s reliance on domestic financing and the capacity of local markets to absorb public debt.",Tesouro Nacional do Brasil,2026-07-16,5278a94f7c291883,GGDBTDOMTCN,Domestic gross debt,AUTO_CANDIDATE,HIGH,IDB_LMW_RULE_CANDIDATE,domestic public debt,CURRENT_USD,UNSPECIFIED,20,115,138,False
Domestic Public Debt,millions of USD,,Annual,03_Fiscal Accounts and Public Debt,03_Non Financial Public Sector,22,1,2004,2025,"Domestic Public Debt (Non-Financial Public Sector) refers to the outstanding stock of public debt contracted by the non-financial public sector with resident creditors. It includes loans, bonds, and other financial obligations held by domestic financial institutions, companies, or individuals. This indicator reflects the government’s reliance on domestic financing and the capacity of local markets to absorb public debt.",Ministerio de Economía y Finanzas de Paraguay,2026-07-16,a347fdb9dce22913,GGDBTDOMTCN,Domestic gross debt,AUTO_CANDIDATE,HIGH,IDB_LMW_RULE_CANDIDATE,domestic public debt,CURRENT_USD,UNSPECIFIED,20,115,136,False
Domestic Public Debt,millions of USD,,Annual,03_Fiscal Accounts and Public Debt,01_Central Government,18,1,2008,2025,"Domestic Public Debt (Central Government) refers to the outstanding stock of public debt contracted by the central government with resident creditors. It includes loans, bonds, and other financial obligations held by domestic financial institutions, companies, or individuals. This indicator reflects the government’s reliance on domestic financing and the capacity of local markets to absorb public debt.",Secretaria de Finanzas de Honduras,2026-07-16,0fd5bed87878e943,GGDBTDOMTCN,Domestic gross debt,AUTO_CANDIDATE,HIGH,IDB_LMW_RULE_CANDIDATE,domestic public debt,CURRENT_USD,UNSPECIFIED,20,115,136,False
Domestic Public Debt,"millions of domestic currency, end of period",,Annual,03_Fiscal Accounts and Public Debt,01_Central Government,168,11,1995,2025,"Domestic Public Debt (Central Government) refers to the outstanding stock of public debt contracted by the central government with resident creditors. It includes loans, bonds, and other financial obligations held by domestic financial institutions, companies, or individuals. This indicator reflects the government’s reliance on domestic financing and the capacity of local markets to absorb public debt.",Ministerio de Economía de Argentina,2026-07-16,efb89e0140c768b5,GGDBTDOMTCN,Domestic gross debt,AUTO_CANDIDATE,HIGH,IDB_LMW_RULE_CANDIDATE,domestic public debt,OTHER,UNSPECIFIED,0,115,126,False
Domestic Public Debt,"millions of domestic currency, avg. of period",,Annual,03_Fiscal Accounts and Public Debt,01_Central Government,157,10,1995,2026,"Domestic Public Debt (Central Government) refers to the outstanding stock of public debt contracted by the central government with resident creditors. It includes loans, bonds, and other financial obligations held by domestic financial institutions, companies, or individuals. This indicator reflects the government’s reliance on domestic financing and the capacity of local markets to absorb public debt.",Ministerio de Economía de Argentina,2026-07-16,b7f88f21618fed21,GGDBTDOMTCN,Domestic gross debt,AUTO_CANDIDATE,HIGH,IDB_LMW_RULE_CANDIDATE,domestic public debt,OTHER,UNSPECIFIED,0,115,125,False
Domestic Public Debt,"fiscal year (Q4–Q3 aggregation), avg. of period",,Annual,03_Fiscal Accounts and Public Debt,01_Central Government,158,9,1991,2025,"Domestic Public Debt (Central Government) refers to the outstanding stock of public debt contracted by the central government with resident creditors. It includes loans, bonds, and other financial obligations held by domestic financial institutions, companies, or individuals. This indicator reflects the government’s reliance on domestic financing and the capacity of local markets to absorb public debt.",Tesouro Nacional do Brasil,2026-07-16,311c4dbb247946aa,GGDBTDOMTCN,Domestic gross debt,AUTO_CANDIDATE,HIGH,IDB_LMW_RULE_CANDIDATE,domestic public debt,OTHER,UNSPECIFIED,0,115,124,False
Domestic Public Debt,"millions of domestic currency, end of period",,Annual,03_Fiscal Accounts and Public Debt,03_Non Financial Public Sector,210,8,1990,2025,"Domestic Public Debt (Non-Financial Public Sector) refers to the outstanding stock of public debt contracted by the non-financial public sector with resident creditors. It includes loans, bonds, and other financial obligations held by domestic financial institutions, companies, or individuals. This indicator reflects the government’s reliance on domestic financing and the capacity of local markets to absorb public debt.",Ministerio de Hacienda y Crédito Público de Colombia,2026-07-16,9a94af698817ebae,GGDBTDOMTCN,Domestic gross debt,AUTO_CANDIDATE,HIGH,IDB_LMW_RULE_CANDIDATE,domestic public debt,OTHER,UNSPECIFIED,0,115,123,False
Domestic Public Debt,"millions of domestic currency, avg. of period",,Annual,03_Fiscal Accounts and Public Debt,03_Non Financial Public Sector,197,8,1990,2025,"Domestic Public Debt (Non-Financial Public Sector) refers to the outstanding stock of public debt contracted by the non-financial public sector with resident creditors. It includes loans, bonds, and other financial obligations held by domestic financial institutions, companies, or individuals. This indicator reflects the government’s reliance on domestic financing and the capacity of local markets to absorb public debt.",Ministerio de Hacienda y Crédito Público de Colombia,2026-07-16,17769bdec99e4b7e,GGDBTDOMTCN,Domestic gross debt,AUTO_CANDIDATE,HIGH,IDB_LMW_RULE_CANDIDATE,domestic public debt,OTHER,UNSPECIFIED,0,115,123,False
Domestic Public Debt,"fiscal year (Q4–Q3 aggregation), end of period",,Annual,03_Fiscal Accounts and Public Debt,01_Central Government,143,8,1996,2025,"Domestic Public Debt (Central Government) refers to the outstanding stock of public debt contracted by the central government with resident creditors. It includes loans, bonds, and other financial obligations held by domestic financial institutions, companies, or individuals. This indicator reflects the government’s reliance on domestic financing and the capacity of local markets to absorb public debt.",Tesouro Nacional do Brasil,2026-07-16,51b4998e9ecb90c3,GGDBTDOMTCN,Domestic gross debt,AUTO_CANDIDATE,HIGH,IDB_LMW_RULE_CANDIDATE,domestic public debt,OTHER,UNSPECIFIED,0,115,123,False
Domestic Public Debt,fiscal year (Q4–Q3 aggregation),,Annual,03_Fiscal Accounts and Public Debt,03_Non Financial Public Sector,94,4,2000,2025,"Domestic Public Debt (Non-Financial Public Sector) refers to the outstanding stock of public debt contracted by the non-financial public sector with resident creditors. It includes loans, bonds, and other financial obligations held by domestic financial institutions, companies, or individuals. This indicator reflects the government’s reliance on domestic financing and the capacity of local markets to absorb public debt.",Ministerio de Hacienda y Crédito Público de Colombia,2026-07-16,e88b81ff32be2733,GGDBTDOMTCN,Domestic gross debt,AUTO_CANDIDATE,HIGH,IDB_LMW_RULE_CANDIDATE,domestic public debt,OTHER,UNSPECIFIED,0,115,119,False
Domestic Public Debt,"fiscal year (Q4–Q3 aggregation), end of period",,Annual,03_Fiscal Accounts and Public Debt,03_Non Financial Public Sector,81,4,1999,2025,"Domestic Public Debt (Non-Financial Public Sector) refers to the outstanding stock of public debt contracted by the non-financial public sector with resident creditors. It includes loans, bonds, and other financial obligations held by domestic financial institutions, companies, or individuals. This indicator reflects the government’s reliance on domestic financing and the capacity of local markets to absorb public debt.",Ministerio de Economía y Hacienda de Rep. Dominicana,2026-07-16,461dc3854f3079fc,GGDBTDOMTCN,Domestic gross debt,AUTO_CANDIDATE,HIGH,IDB_LMW_RULE_CANDIDATE,domestic public debt,OTHER,UNSPECIFIED,0,115,119,False
Domestic Public Debt,"fiscal year (Q4–Q3 aggregation), avg. of period",,Annual,03_Fiscal Accounts and Public Debt,03_Non Financial Public Sector,69,3,1999,2025,"Domestic Public Debt (Non-Financial Public Sector) refers to the outstanding stock of public debt contracted by the non-financial public sector with resident creditors. It includes loans, bonds, and other financial obligations held by domestic financial institutions, companies, or individuals. This indicator reflects the government’s reliance on domestic financing and the capacity of local markets to absorb public debt.",Ministerio de Economía y Finanzas de Ecuador,2026-07-16,b7f80259e970e0b4,GGDBTDOMTCN,Domestic gross debt,AUTO_CANDIDATE,HIGH,IDB_LMW_RULE_CANDIDATE,domestic public debt,OTHER,UNSPECIFIED,0,115,118,False
Domestic Public Debt,"millions of domestic currency, end of period",,Annual,03_Fiscal Accounts and Public Debt,02_General Government,56,3,2002,2025,"Domestic Public Debt (General Government) refers to the outstanding stock of public debt contracted by the general government with resident creditors. It includes loans, bonds, and other financial obligations held by domestic financial institutions, companies, or individuals. This indicator reflects the government’s reliance on domestic financing and the capacity of local markets to absorb public debt.",Tesouro Nacional do Brasil,2026-07-16,8aa5df3a768b0772,GGDBTDOMTCN,Domestic gross debt,AUTO_CANDIDATE,HIGH,IDB_LMW_RULE_CANDIDATE,domestic public debt,OTHER,UNSPECIFIED,0,115,118,False
Domestic Public Debt,fiscal year (Q4–Q3 aggregation),,Annual,03_Fiscal Accounts and Public Debt,01_Central Government,55,3,1999,2025,"Domestic Public Debt (Central Government) refers to the outstanding stock of public debt contracted by the central government with resident creditors. It includes loans, bonds, and other financial obligations held by domestic financial institutions, companies, or individuals. This indicator reflects the government’s reliance on domestic financing and the capacity of local markets to absorb public debt.",Ministerio de Economía de Argentina,2026-07-16,9aae74733a73d6b5,GGDBTDOMTCN,Domestic gross debt,AUTO_CANDIDATE,HIGH,IDB_LMW_RULE_CANDIDATE,domestic public debt,OTHER,UNSPECIFIED,0,115,118,False
Domestic Public Debt,"millions of domestic currency, avg. of period",,Annual,03_Fiscal Accounts and Public Debt,02_General Government,52,3,2002,2025,"Domestic Public Debt (General Government) refers to the outstanding stock of public debt contracted by the general government with resident creditors. It includes loans, bonds, and other financial obligations held by domestic financial institutions, companies, or individuals. This indicator reflects the government’s reliance on domestic financing and the capacity of local markets to absorb public debt.",Tesouro Nacional do Brasil,2026-07-16,552c5aa45946caf7,GGDBTDOMTCN,Domestic gross debt,AUTO_CANDIDATE,HIGH,IDB_LMW_RULE_CANDIDATE,domestic public debt,OTHER,UNSPECIFIED,0,115,118,False
Domestic Public Debt,"fiscal year (Q4–Q3 aggregation), end of period",,Annual,03_Fiscal Accounts and Public Debt,02_General Government,27,2,2009,2025,"Domestic Public Debt (General Government) refers to the outstanding stock of public debt contracted by the general government with resident creditors. It includes loans, bonds, and other financial obligations held by domestic financial institutions, companies, or individuals. This indicator reflects the government’s reliance on domestic financing and the capacity of local markets to absorb public debt.",Ministerio de Hacienda de Costa Rica,2026-08-03,c37034069feb250c,GGDBTDOMTCN,Domestic gross debt,AUTO_CANDIDATE,HIGH,IDB_LMW_RULE_CANDIDATE,domestic public debt,OTHER,UNSPECIFIED,0,115,117,False
Domestic Public Debt,"fiscal year (Q4–Q3 aggregation), avg. of period",,Annual,03_Fiscal Accounts and Public Debt,02_General Government,26,2,2009,2025,"Domestic Public Debt (General Government) refers to the outstanding stock of public debt contracted by the general government with resident creditors. It includes loans, bonds, and other financial obligations held by domestic financial institutions, companies, or individuals. This indicator reflects the government’s reliance on domestic financing and the capacity of local markets to absorb public debt.",Ministerio de Hacienda de Costa Rica,2026-08-03,49b00248903c3911,GGDBTDOMTCN,Domestic gross debt,AUTO_CANDIDATE,HIGH,IDB_LMW_RULE_CANDIDATE,domestic public debt,OTHER,UNSPECIFIED,0,115,117,False
Domestic Public Debt,fiscal year (Q4–Q3 aggregation),,Annual,03_Fiscal Accounts and Public Debt,02_General Government,23,1,2003,2025,"Domestic Public Debt (General Government) refers to the outstanding stock of public debt contracted by the general government with resident creditors. It includes loans, bonds, and other financial obligations held by domestic financial institutions, companies, or individuals. This indicator reflects the government’s reliance on domestic financing and the capacity of local markets to absorb public debt.",Tesouro Nacional do Brasil,2026-07-16,6e4ed664f37e14e3,GGDBTDOMTCN,Domestic gross debt,AUTO_CANDIDATE,HIGH,IDB_LMW_RULE_CANDIDATE,domestic public debt,OTHER,UNSPECIFIED,0,115,116,False
Domestic Public Debt,millions of domestic currency,,Annual,03_Fiscal Accounts and Public Debt,03_Non Financial Public Sector,22,1,2004,2025,"Domestic Public Debt (Non-Financial Public Sector) refers to the outstanding stock of public debt contracted by the non-financial public sector with resident creditors. It includes loans, bonds, and other financial obligations held by domestic financial institutions, companies, or individuals. This indicator reflects the government’s reliance on domestic financing and the capacity of local markets to absorb public debt.",Ministerio de Economía y Finanzas de Paraguay,2026-07-16,fb0a278b3a9d5cd6,GGDBTDOMTCN,Domestic gross debt,AUTO_CANDIDATE,HIGH,IDB_LMW_RULE_CANDIDATE,domestic public debt,OTHER,UNSPECIFIED,0,115,116,False
Domestic Public Debt,millions of domestic currency,,Annual,03_Fiscal Accounts and Public Debt,01_Central Government,18,1,2008,2025,"Domestic Public Debt (Central Government) refers to the outstanding stock of public debt contracted by the central government with resident creditors. It includes loans, bonds, and other financial obligations held by domestic financial institutions, companies, or individuals. This indicator reflects the government’s reliance on domestic financing and the capacity of local markets to absorb public debt.",Secretaria de Finanzas de Honduras,2026-07-16,7f98ce4c6b7d0a64,GGDBTDOMTCN,Domestic gross debt,AUTO_CANDIDATE,HIGH,IDB_LMW_RULE_CANDIDATE,domestic public debt,OTHER,UNSPECIFIED,0,115,116,False
Domestic Public Debt,"constant prices – CPI-deflated, end of period",,Annual,03_Fiscal Accounts and Public Debt,01_Central Government,162,11,1995,2025,"Domestic Public Debt (Central Government) refers to the outstanding stock of public debt contracted by the central government with resident creditors. It includes loans, bonds, and other financial obligations held by domestic financial institutions, companies, or individuals. This indicator reflects the government’s reliance on domestic financing and the capacity of local markets to absorb public debt.",Ministerio de Economía de Argentina,2026-07-16,fbc02b5b1aaa7458,GGDBTDOMTCN,Domestic gross debt,AUTO_CANDIDATE,HIGH,IDB_LMW_RULE_CANDIDATE,domestic public debt,CONSTANT_OTHER,UNSPECIFIED,-250,115,-124,False
Domestic Public Debt,"constant prices – CPI-deflated, avg. of period",,Annual,03_Fiscal Accounts and Public Debt,01_Central Government,146,10,1995,2025,"Domestic Public Debt (Central Government) refers to the outstanding stock of public debt contracted by the central government with resident creditors. It includes loans, bonds, and other financial obligations held by domestic financial institutions, companies, or individuals. This indicator reflects the government’s reliance on domestic financing and the capacity of local markets to absorb public debt.",Ministerio de Economía de Argentina,2026-07-16,b66c29d44b672c14,GGDBTDOMTCN,Domestic gross debt,AUTO_CANDIDATE,HIGH,IDB_LMW_RULE_CANDIDATE,domestic public debt,CONSTANT_OTHER,UNSPECIFIED,-250,115,-125,False
Domestic Public Debt,"constant prices – CPI-deflated, end of period",,Annual,03_Fiscal Accounts and Public Debt,03_Non Financial Public Sector,209,8,1990,2025,"Domestic Public Debt (Non-Financial Public Sector) refers to the outstanding stock of public debt contracted by the non-financial public sector with resident creditors. It includes loans, bonds, and other financial obligations held by domestic financial institutions, companies, or individuals. This indicator reflects the government’s reliance on domestic financing and the capacity of local markets to absorb public debt.",Ministerio de Hacienda y Crédito Público de Colombia,2026-07-16,5a925dd86a79fafd,GGDBTDOMTCN,Domestic gross debt,AUTO_CANDIDATE,HIGH,IDB_LMW_RULE_CANDIDATE,domestic public debt,CONSTANT_OTHER,UNSPECIFIED,-250,115,-127,False
Domestic Public Debt,"constant prices – CPI-deflated, avg. of period",,Annual,03_Fiscal Accounts and Public Debt,03_Non Financial Public Sector,197,8,1990,2025,"Domestic Public Debt (Non-Financial Public Sector) refers to the outstanding stock of public debt contracted by the non-financial public sector with resident creditors. It includes loans, bonds, and other financial obligations held by domestic financial institutions, companies, or individuals. This indicator reflects the government’s reliance on domestic financing and the capacity of local markets to absorb public debt.",Ministerio de Hacienda y Crédito Público de Colombia,2026-07-16,424d56125c6fa55f,GGDBTDOMTCN,Domestic gross debt,AUTO_CANDIDATE,HIGH,IDB_LMW_RULE_CANDIDATE,domestic public debt,CONSTANT_OTHER,UNSPECIFIED,-250,115,-127,False
Domestic Public Debt,"constant prices – CPI-deflated, end of period",,Annual,03_Fiscal Accounts and Public Debt,02_General Government,56,3,2002,2025,"Domestic Public Debt (General Government) refers to the outstanding stock of public debt contracted by the general government with resident creditors. It includes loans, bonds, and other financial obligations held by domestic financial institutions, companies, or individuals. This indicator reflects the government’s reliance on domestic financing and the capacity of local markets to absorb public debt.",Tesouro Nacional do Brasil,2026-07-16,ad3cd2d7192333c3,GGDBTDOMTCN,Domestic gross debt,AUTO_CANDIDATE,HIGH,IDB_LMW_RULE_CANDIDATE,domestic public debt,CONSTANT_OTHER,UNSPECIFIED,-250,115,-132,False
Domestic Public Debt,"constant prices – CPI-deflated, avg. of period",,Annual,03_Fiscal Accounts and Public Debt,02_General Government,52,3,2002,2025,"Domestic Public Debt (General Government) refers to the outstanding stock of public debt contracted by the general government with resident creditors. It includes loans, bonds, and other financial obligations held by domestic financial institutions, companies, or individuals. This indicator reflects the government’s reliance on domestic financing and the capacity of local markets to absorb public debt.",Tesouro Nacional do Brasil,2026-07-16,2cfac76a8a679a4f,GGDBTDOMTCN,Domestic gross debt,AUTO_CANDIDATE,HIGH,IDB_LMW_RULE_CANDIDATE,domestic public debt,CONSTANT_OTHER,UNSPECIFIED,-250,115,-132,False
Domestic Public Debt,constant prices – CPI-deflated,,Annual,03_Fiscal Accounts and Public Debt,03_Non Financial Public Sector,22,1,2004,2025,"Domestic Public Debt (Non-Financial Public Sector) refers to the outstanding stock of public debt contracted by the non-financial public sector with resident creditors. It includes loans, bonds, and other financial obligations held by domestic financial institutions, companies, or individuals. This indicator reflects the government’s reliance on domestic financing and the capacity of local markets to absorb public debt.",Ministerio de Economía y Finanzas de Paraguay,2026-07-16,c810952c2018e7cb,GGDBTDOMTCN,Domestic gross debt,AUTO_CANDIDATE,HIGH,IDB_LMW_RULE_CANDIDATE,domestic public debt,CONSTANT_OTHER,UNSPECIFIED,-250,115,-134,False
Domestic Public Debt,constant prices – CPI-deflated,,Annual,03_Fiscal Accounts and Public Debt,01_Central Government,18,1,2008,2025,"Domestic Public Debt (Central Government) refers to the outstanding stock of public debt contracted by the central government with resident creditors. It includes loans, bonds, and other financial obligations held by domestic financial institutions, companies, or individuals. This indicator reflects the government’s reliance on domestic financing and the capacity of local markets to absorb public debt.",Secretaria de Finanzas de Honduras,2026-07-16,4598affc46182313,GGDBTDOMTCN,Domestic gross debt,AUTO_CANDIDATE,HIGH,IDB_LMW_RULE_CANDIDATE,domestic public debt,CONSTANT_OTHER,UNSPECIFIED,-250,115,-134,False
Domestic Public Debt,"millions of USD, end of period",YoY %,Annual,03_Fiscal Accounts and Public Debt,01_Central Government,160,11,1996,2025,"Domestic Public Debt (Central Government) refers to the outstanding stock of public debt contracted by the central government with resident creditors. It includes loans, bonds, and other financial obligations held by domestic financial institutions, companies, or individuals. This indicator reflects the government’s reliance on domestic financing and the capacity of local markets to absorb public debt.",Ministerio de Economía de Argentina,2026-07-16,286964ea94d43f5f,GGDBTDOMTCN,Domestic gross debt,AUTO_CANDIDATE,HIGH,IDB_LMW_RULE_CANDIDATE,domestic public debt,TRANSFORMED_NONLEVEL,UNSPECIFIED,-280,115,-154,False
Domestic Public Debt,"millions of USD, avg. of period",YoY %,Annual,03_Fiscal Accounts and Public Debt,01_Central Government,148,10,1996,2025,"Domestic Public Debt (Central Government) refers to the outstanding stock of public debt contracted by the central government with resident creditors. It includes loans, bonds, and other financial obligations held by domestic financial institutions, companies, or individuals. This indicator reflects the government’s reliance on domestic financing and the capacity of local markets to absorb public debt.",Ministerio de Economía de Argentina,2026-07-16,199d74eeed1745e1,GGDBTDOMTCN,Domestic gross debt,AUTO_CANDIDATE,HIGH,IDB_LMW_RULE_CANDIDATE,domestic public debt,TRANSFORMED_NONLEVEL,UNSPECIFIED,-280,115,-155,False
Domestic Public Debt,"millions of USD, end of period",YoY %,Annual,03_Fiscal Accounts and Public Debt,03_Non Financial Public Sector,202,8,1991,2025,"Domestic Public Debt (Non-Financial Public Sector) refers to the outstanding stock of public debt contracted by the non-financial public sector with resident creditors. It includes loans, bonds, and other financial obligations held by domestic financial institutions, companies, or individuals. This indicator reflects the government’s reliance on domestic financing and the capacity of local markets to absorb public debt.",Ministerio de Hacienda y Crédito Público de Colombia,2026-07-16,e89a302afa95ca8a,GGDBTDOMTCN,Domestic gross debt,AUTO_CANDIDATE,HIGH,IDB_LMW_RULE_CANDIDATE,domestic public debt,TRANSFORMED_NONLEVEL,UNSPECIFIED,-280,115,-157,False
Domestic Public Debt,"millions of USD, avg. of period",YoY %,Annual,03_Fiscal Accounts and Public Debt,03_Non Financial Public Sector,189,8,1991,2025,"Domestic Public Debt (Non-Financial Public Sector) refers to the outstanding stock of public debt contracted by the non-financial public sector with resident creditors. It includes loans, bonds, and other financial obligations held by domestic financial institutions, companies, or individuals. This indicator reflects the government’s reliance on domestic financing and the capacity of local markets to absorb public debt.",Ministerio de Hacienda y Crédito Público de Colombia,2026-07-16,5348559a54d3ce6d,GGDBTDOMTCN,Domestic gross debt,AUTO_CANDIDATE,HIGH,IDB_LMW_RULE_CANDIDATE,domestic public debt,TRANSFORMED_NONLEVEL,UNSPECIFIED,-280,115,-157,False
Domestic Public Debt,"millions of USD, end of period",YoY %,Annual,03_Fiscal Accounts and Public Debt,02_General Government,53,3,2003,2025,"Domestic Public Debt (General Government) refers to the outstanding stock of public debt contracted by the general government with resident creditors. It includes loans, bonds, and other financial obligations held by domestic financial institutions, companies, or individuals. This indicator reflects the government’s reliance on domestic financing and the capacity of local markets to absorb public debt.",Tesouro Nacional do Brasil,2026-07-16,cea21486796394bf,GGDBTDOMTCN,Domestic gross debt,AUTO_CANDIDATE,HIGH,IDB_LMW_RULE_CANDIDATE,domestic public debt,TRANSFORMED_NONLEVEL,UNSPECIFIED,-280,115,-162,False
Domestic Public Debt,"millions of USD, avg. of period",YoY %,Annual,03_Fiscal Accounts and Public Debt,02_General Government,49,3,2003,2025,"Domestic Public Debt (General Government) refers to the outstanding stock of public debt contracted by the general government with resident creditors. It includes loans, bonds, and other financial obligations held by domestic financial institutions, companies, or individuals. This indicator reflects the government’s reliance on domestic financing and the capacity of local markets to absorb public debt.",Tesouro Nacional do Brasil,2026-07-16,6d953878a88e6e9c,GGDBTDOMTCN,Domestic gross debt,AUTO_CANDIDATE,HIGH,IDB_LMW_RULE_CANDIDATE,domestic public debt,TRANSFORMED_NONLEVEL,UNSPECIFIED,-280,115,-162,False
Domestic Public Debt,millions of USD,YoY %,Annual,03_Fiscal Accounts and Public Debt,03_Non Financial Public Sector,21,1,2005,2025,"Domestic Public Debt (Non-Financial Public Sector) refers to the outstanding stock of public debt contracted by the non-financial public sector with resident creditors. It includes loans, bonds, and other financial obligations held by domestic financial institutions, companies, or individuals. This indicator reflects the government’s reliance on domestic financing and the capacity of local markets to absorb public debt.",Ministerio de Economía y Finanzas de Paraguay,2026-07-16,9ab9b47f7a73c607,GGDBTDOMTCN,Domestic gross debt,AUTO_CANDIDATE,HIGH,IDB_LMW_RULE_CANDIDATE,domestic public debt,TRANSFORMED_NONLEVEL,UNSPECIFIED,-280,115,-164,False
Domestic Public Debt,millions of USD,YoY %,Annual,03_Fiscal Accounts and Public Debt,01_Central Government,17,1,2009,2025,"Domestic Public Debt (Central Government) refers to the outstanding stock of public debt contracted by the central government with resident creditors. It includes loans, bonds, and other financial obligations held by domestic financial institutions, companies, or individuals. This indicator reflects the government’s reliance on domestic financing and the capacity of local markets to absorb public debt.",Secretaria de Finanzas de Honduras,2026-07-16,921d52c1b44b40ba,GGDBTDOMTCN,Domestic gross debt,AUTO_CANDIDATE,HIGH,IDB_LMW_RULE_CANDIDATE,domestic public debt,TRANSFORMED_NONLEVEL,UNSPECIFIED,-280,115,-164,False
Domestic Public Debt,"millions of domestic currency, end of period",YoY %,Annual,03_Fiscal Accounts and Public Debt,01_Central Government,160,11,1996,2025,"Domestic Public Debt (Central Government) refers to the outstanding stock of public debt contracted by the central government with resident creditors. It includes loans, bonds, and other financial obligations held by domestic financial institutions, companies, or individuals. This indicator reflects the government’s reliance on domestic financing and the capacity of local markets to absorb public debt.",Ministerio de Economía de Argentina,2026-07-16,072829de6a8da0ef,GGDBTDOMTCN,Domestic gross debt,AUTO_CANDIDATE,HIGH,IDB_LMW_RULE_CANDIDATE,domestic public debt,TRANSFORMED_NONLEVEL,UNSPECIFIED,-300,115,-174,False
Domestic Public Debt,"millions of domestic currency, avg. of period",YoY %,Annual,03_Fiscal Accounts and Public Debt,01_Central Government,149,10,1996,2026,"Domestic Public Debt (Central Government) refers to the outstanding stock of public debt contracted by the central government with resident creditors. It includes loans, bonds, and other financial obligations held by domestic financial institutions, companies, or individuals. This indicator reflects the government’s reliance on domestic financing and the capacity of local markets to absorb public debt.",Ministerio de Economía de Argentina,2026-07-16,b89590da26b1dcdb,GGDBTDOMTCN,Domestic gross debt,AUTO_CANDIDATE,HIGH,IDB_LMW_RULE_CANDIDATE,domestic public debt,TRANSFORMED_NONLEVEL,UNSPECIFIED,-300,115,-175,False
Domestic Public Debt,"millions of domestic currency, end of period",YoY %,Annual,03_Fiscal Accounts and Public Debt,03_Non Financial Public Sector,202,8,1991,2025,"Domestic Public Debt (Non-Financial Public Sector) refers to the outstanding stock of public debt contracted by the non-financial public sector with resident creditors. It includes loans, bonds, and other financial obligations held by domestic financial institutions, companies, or individuals. This indicator reflects the government’s reliance on domestic financing and the capacity of local markets to absorb public debt.",Ministerio de Hacienda y Crédito Público de Colombia,2026-07-16,de3f0cef7535428a,GGDBTDOMTCN,Domestic gross debt,AUTO_CANDIDATE,HIGH,IDB_LMW_RULE_CANDIDATE,domestic public debt,TRANSFORMED_NONLEVEL,UNSPECIFIED,-300,115,-177,False
Domestic Public Debt,"millions of domestic currency, avg. of period",YoY %,Annual,03_Fiscal Accounts and Public Debt,03_Non Financial Public Sector,189,8,1991,2025,"Domestic Public Debt (Non-Financial Public Sector) refers to the outstanding stock of public debt contracted by the non-financial public sector with resident creditors. It includes loans, bonds, and other financial obligations held by domestic financial institutions, companies, or individuals. This indicator reflects the government’s reliance on domestic financing and the capacity of local markets to absorb public debt.",Ministerio de Hacienda y Crédito Público de Colombia,2026-07-16,3bf216e5937a9a05,GGDBTDOMTCN,Domestic gross debt,AUTO_CANDIDATE,HIGH,IDB_LMW_RULE_CANDIDATE,domestic public debt,TRANSFORMED_NONLEVEL,UNSPECIFIED,-300,115,-177,False
Domestic Public Debt,"millions of domestic currency, end of period",YoY %,Annual,03_Fiscal Accounts and Public Debt,02_General Government,53,3,2003,2025,"Domestic Public Debt (General Government) refers to the outstanding stock of public debt contracted by the general government with resident creditors. It includes loans, bonds, and other financial obligations held by domestic financial institutions, companies, or individuals. This indicator reflects the government’s reliance on domestic financing and the capacity of local markets to absorb public debt.",Tesouro Nacional do Brasil,2026-07-16,47225f517c151048,GGDBTDOMTCN,Domestic gross debt,AUTO_CANDIDATE,HIGH,IDB_LMW_RULE_CANDIDATE,domestic public debt,TRANSFORMED_NONLEVEL,UNSPECIFIED,-300,115,-182,False
Domestic Public Debt,"millions of domestic currency, avg. of period",YoY %,Annual,03_Fiscal Accounts and Public Debt,02_General Government,49,3,2003,2025,"Domestic Public Debt (General Government) refers to the outstanding stock of public debt contracted by the general government with resident creditors. It includes loans, bonds, and other financial obligations held by domestic financial institutions, companies, or individuals. This indicator reflects the government’s reliance on domestic financing and the capacity of local markets to absorb public debt.",Tesouro Nacional do Brasil,2026-07-16,a6e71e73ad425fa1,GGDBTDOMTCN,Domestic gross debt,AUTO_CANDIDATE,HIGH,IDB_LMW_RULE_CANDIDATE,domestic public debt,TRANSFORMED_NONLEVEL,UNSPECIFIED,-300,115,-182,False
Domestic Public Debt,millions of domestic currency,YoY %,Annual,03_Fiscal Accounts and Public Debt,03_Non Financial Public Sector,21,1,2005,2025,"Domestic Public Debt (Non-Financial Public Sector) refers to the outstanding stock of public debt contracted by the non-financial public sector with resident creditors. It includes loans, bonds, and other financial obligations held by domestic financial institutions, companies, or individuals. This indicator reflects the government’s reliance on domestic financing and the capacity of local markets to absorb public debt.",Ministerio de Economía y Finanzas de Paraguay,2026-07-16,9c75e0e4c7916293,GGDBTDOMTCN,Domestic gross debt,AUTO_CANDIDATE,HIGH,IDB_LMW_RULE_CANDIDATE,domestic public debt,TRANSFORMED_NONLEVEL,UNSPECIFIED,-300,115,-184,False
Domestic Public Debt,millions of domestic currency,YoY %,Annual,03_Fiscal Accounts and Public Debt,01_Central Government,17,1,2009,2025,"Domestic Public Debt (Central Government) refers to the outstanding stock of public debt contracted by the central government with resident creditors. It includes loans, bonds, and other financial obligations held by domestic financial institutions, companies, or individuals. This indicator reflects the government’s reliance on domestic financing and the capacity of local markets to absorb public debt.",Secretaria de Finanzas de Honduras,2026-07-16,198e8389d1b493f3,GGDBTDOMTCN,Domestic gross debt,AUTO_CANDIDATE,HIGH,IDB_LMW_RULE_CANDIDATE,domestic public debt,TRANSFORMED_NONLEVEL,UNSPECIFIED,-300,115,-184,False
External Public Debt,"% of GDP, end of period",,Annual,03_Fiscal Accounts and Public Debt,01_Central Government,157,11,1995,2025,"External Public Debt (Central Government) refers to the outstanding stock of public debt contracted by the central government with non-resident creditors. It includes external loans, bonds, and other financial obligations held by foreign entities. This indicator reflects the government’s reliance on external financing and exposure to international financial conditions.",Ministerio de Economía de Argentina,2026-07-16,f01f7a8a7cc02480,GGDBTEXTLCN,External gross debt,SOURCE_SPECIFIC_EXACT,HIGH,IDB_LMW_SOURCE_EXACT,external public debt,PCT_GDP,UNSPECIFIED,60,500,1571,False
External Public Debt,"% of GDP, avg. of period",,Annual,03_Fiscal Accounts and Public Debt,01_Central Government,145,10,1995,2025,"External Public Debt (Central Government) refers to the outstanding stock of public debt contracted by the central government with non-resident creditors. It includes external loans, bonds, and other financial obligations held by foreign entities. This indicator reflects the government’s reliance on external financing and exposure to international financial conditions.",Ministerio de Economía de Argentina,2026-07-16,76f6ef1496877641,GGDBTEXTLCN,External gross debt,SOURCE_SPECIFIC_EXACT,HIGH,IDB_LMW_SOURCE_EXACT,external public debt,PCT_GDP,UNSPECIFIED,60,500,1570,False
External Public Debt,"% of GDP, end of period",,Annual,03_Fiscal Accounts and Public Debt,03_Non Financial Public Sector,217,9,1993,2025,"External Public Debt (Non-Financial Public Sector) refers to the outstanding stock of public debt contracted by the non-financial public sector with non-resident creditors. It includes external loans, bonds, and other financial obligations held by foreign entities. This indicator reflects the government’s reliance on external financing and exposure to international financial conditions.",Ministerio de Economía y Finanzas Públicas de Bolivia,2026-07-16,69592ec40d65675c,GGDBTEXTLCN,External gross debt,SOURCE_SPECIFIC_EXACT,HIGH,IDB_LMW_SOURCE_EXACT,external public debt,PCT_GDP,UNSPECIFIED,60,500,1569,False
External Public Debt,"% of GDP, avg. of period",,Annual,03_Fiscal Accounts and Public Debt,03_Non Financial Public Sector,215,9,1993,2025,"External Public Debt (Non-Financial Public Sector) refers to the outstanding stock of public debt contracted by the non-financial public sector with non-resident creditors. It includes external loans, bonds, and other financial obligations held by foreign entities. This indicator reflects the government’s reliance on external financing and exposure to international financial conditions.",Ministerio de Economía y Finanzas Públicas de Bolivia,2026-07-16,c6cb07913ca10bd7,GGDBTEXTLCN,External gross debt,SOURCE_SPECIFIC_EXACT,HIGH,IDB_LMW_SOURCE_EXACT,external public debt,PCT_GDP,UNSPECIFIED,60,500,1569,False
External Public Debt,"% of GDP, avg. of period",,Annual,03_Fiscal Accounts and Public Debt,02_General Government,52,3,2002,2025,"External Public Debt (General Government) refers to the outstanding stock of public debt contracted by the general government with non-resident creditors. It includes external loans, bonds, and other financial obligations held by foreign entities. This indicator reflects the government’s reliance on external financing and exposure to international financial conditions.",Tesouro Nacional do Brasil,2026-07-16,5da5992080abced1,GGDBTEXTLCN,External gross debt,SOURCE_SPECIFIC_EXACT,HIGH,IDB_LMW_SOURCE_EXACT,external public debt,PCT_GDP,UNSPECIFIED,60,500,1563,False
External Public Debt,"% of GDP, end of period",,Annual,03_Fiscal Accounts and Public Debt,02_General Government,52,3,2002,2025,"External Public Debt (General Government) refers to the outstanding stock of public debt contracted by the general government with non-resident creditors. It includes external loans, bonds, and other financial obligations held by foreign entities. This indicator reflects the government’s reliance on external financing and exposure to international financial conditions.",Tesouro Nacional do Brasil,2026-07-16,501c5433e1444387,GGDBTEXTLCN,External gross debt,SOURCE_SPECIFIC_EXACT,HIGH,IDB_LMW_SOURCE_EXACT,external public debt,PCT_GDP,UNSPECIFIED,60,500,1563,False
External Public Debt,% of GDP,,Annual,03_Fiscal Accounts and Public Debt,03_Non Financial Public Sector,22,1,2004,2025,"External Public Debt (Non-Financial Public Sector) refers to the outstanding stock of public debt contracted by the non-financial public sector with non-resident creditors. It includes external loans, bonds, and other financial obligations held by foreign entities. This indicator reflects the government’s reliance on external financing and exposure to international financial conditions.",Ministerio de Economía y Finanzas de Paraguay,2026-07-16,1695428aec19a7ff,GGDBTEXTLCN,External gross debt,SOURCE_SPECIFIC_EXACT,HIGH,IDB_LMW_SOURCE_EXACT,external public debt,PCT_GDP,UNSPECIFIED,60,500,1561,False
External Public Debt,% of GDP,,Annual,03_Fiscal Accounts and Public Debt,01_Central Government,18,1,2008,2025,"External Public Debt (Central Government) refers to the outstanding stock of public debt contracted by the central government with non-resident creditors. It includes external loans, bonds, and other financial obligations held by foreign entities. This indicator reflects the government’s reliance on external financing and exposure to international financial conditions.",Secretaria de Finanzas de Honduras,2026-07-16,493bd9f43196f903,GGDBTEXTLCN,External gross debt,SOURCE_SPECIFIC_EXACT,HIGH,IDB_LMW_SOURCE_EXACT,external public debt,PCT_GDP,UNSPECIFIED,60,500,1561,False
External Public Debt,"millions of USD, end of period",,Annual,03_Fiscal Accounts and Public Debt,01_Central Government,168,11,1995,2025,"External Public Debt (Central Government) refers to the outstanding stock of public debt contracted by the central government with non-resident creditors. It includes external loans, bonds, and other financial obligations held by foreign entities. This indicator reflects the government’s reliance on external financing and exposure to international financial conditions.",Ministerio de Economía de Argentina,2026-07-16,f21f0621cabcb9d1,GGDBTEXTLCN,External gross debt,SOURCE_SPECIFIC_EXACT,HIGH,IDB_LMW_SOURCE_EXACT,external public debt,CURRENT_USD,UNSPECIFIED,20,500,1531,False
External Public Debt,"millions of USD, avg. of period",,Annual,03_Fiscal Accounts and Public Debt,01_Central Government,157,10,1995,2026,"External Public Debt (Central Government) refers to the outstanding stock of public debt contracted by the central government with non-resident creditors. It includes external loans, bonds, and other financial obligations held by foreign entities. This indicator reflects the government’s reliance on external financing and exposure to international financial conditions.",Ministerio de Economía de Argentina,2026-07-16,cdff26cde81ea5f0,GGDBTEXTLCN,External gross debt,SOURCE_SPECIFIC_EXACT,HIGH,IDB_LMW_SOURCE_EXACT,external public debt,CURRENT_USD,UNSPECIFIED,20,500,1530,False
External Public Debt,"millions of USD, end of period",,Annual,03_Fiscal Accounts and Public Debt,03_Non Financial Public Sector,233,9,1990,2025,"External Public Debt (Non-Financial Public Sector) refers to the outstanding stock of public debt contracted by the non-financial public sector with non-resident creditors. It includes external loans, bonds, and other financial obligations held by foreign entities. This indicator reflects the government’s reliance on external financing and exposure to international financial conditions.",Ministerio de Economía y Finanzas Públicas de Bolivia,2026-07-16,600b8bc59edbfc6a,GGDBTEXTLCN,External gross debt,SOURCE_SPECIFIC_EXACT,HIGH,IDB_LMW_SOURCE_EXACT,external public debt,CURRENT_USD,UNSPECIFIED,20,500,1529,False
External Public Debt,"millions of USD, avg. of period",,Annual,03_Fiscal Accounts and Public Debt,03_Non Financial Public Sector,221,9,1990,2025,"External Public Debt (Non-Financial Public Sector) refers to the outstanding stock of public debt contracted by the non-financial public sector with non-resident creditors. It includes external loans, bonds, and other financial obligations held by foreign entities. This indicator reflects the government’s reliance on external financing and exposure to international financial conditions.",Ministerio de Economía y Finanzas Públicas de Bolivia,2026-07-16,25c1f598f5d532ae,GGDBTEXTLCN,External gross debt,SOURCE_SPECIFIC_EXACT,HIGH,IDB_LMW_SOURCE_EXACT,external public debt,CURRENT_USD,UNSPECIFIED,20,500,1529,False
External Public Debt,"millions of USD, avg. of period",,Annual,03_Fiscal Accounts and Public Debt,02_General Government,53,3,2002,2026,"External Public Debt (General Government) refers to the outstanding stock of public debt contracted by the general government with non-resident creditors. It includes external loans, bonds, and other financial obligations held by foreign entities. This indicator reflects the government’s reliance on external financing and exposure to international financial conditions.",Tesouro Nacional do Brasil,2026-07-16,7189965646043d99,GGDBTEXTLCN,External gross debt,SOURCE_SPECIFIC_EXACT,HIGH,IDB_LMW_SOURCE_EXACT,external public debt,CURRENT_USD,UNSPECIFIED,20,500,1523,False
External Public Debt,"millions of USD, end of period",,Annual,03_Fiscal Accounts and Public Debt,02_General Government,52,3,2002,2025,"External Public Debt (General Government) refers to the outstanding stock of public debt contracted by the general government with non-resident creditors. It includes external loans, bonds, and other financial obligations held by foreign entities. This indicator reflects the government’s reliance on external financing and exposure to international financial conditions.",Tesouro Nacional do Brasil,2026-07-16,f3ae8e720e16d4b8,GGDBTEXTLCN,External gross debt,SOURCE_SPECIFIC_EXACT,HIGH,IDB_LMW_SOURCE_EXACT,external public debt,CURRENT_USD,UNSPECIFIED,20,500,1523,False
External Public Debt,millions of USD,,Annual,03_Fiscal Accounts and Public Debt,03_Non Financial Public Sector,22,1,2004,2025,"External Public Debt (Non-Financial Public Sector) refers to the outstanding stock of public debt contracted by the non-financial public sector with non-resident creditors. It includes external loans, bonds, and other financial obligations held by foreign entities. This indicator reflects the government’s reliance on external financing and exposure to international financial conditions.",Ministerio de Economía y Finanzas de Paraguay,2026-07-16,33c334149e9d6fc3,GGDBTEXTLCN,External gross debt,SOURCE_SPECIFIC_EXACT,HIGH,IDB_LMW_SOURCE_EXACT,external public debt,CURRENT_USD,UNSPECIFIED,20,500,1521,False
External Public Debt,millions of USD,,Annual,03_Fiscal Accounts and Public Debt,01_Central Government,18,1,2008,2025,"External Public Debt (Central Government) refers to the outstanding stock of public debt contracted by the central government with non-resident creditors. It includes external loans, bonds, and other financial obligations held by foreign entities. This indicator reflects the government’s reliance on external financing and exposure to international financial conditions.",Secretaria de Finanzas de Honduras,2026-07-16,d5c9907260960875,GGDBTEXTLCN,External gross debt,SOURCE_SPECIFIC_EXACT,HIGH,IDB_LMW_SOURCE_EXACT,external public debt,CURRENT_USD,UNSPECIFIED,20,500,1521,False
External Public Debt,"% of total external debt, end of period",,Annual,03_Fiscal Accounts and Public Debt,03_Non Financial Public Sector,170,8,1998,2025,"External Public Debt (Non-Financial Public Sector) refers to the outstanding stock of public debt contracted by the non-financial public sector with non-resident creditors. It includes external loans, bonds, and other financial obligations held by foreign entities. This indicator reflects the government’s reliance on external financing and exposure to international financial conditions.",Ministerio de Economía y Finanzas Públicas de Bolivia,2026-07-16,6ac7b4c90857eb91,GGDBTEXTLCN,External gross debt,SOURCE_SPECIFIC_EXACT,HIGH,IDB_LMW_SOURCE_EXACT,external public debt,OTHER,UNSPECIFIED,0,500,1508,False
External Public Debt,"% of total external debt, avg. of period",,Annual,03_Fiscal Accounts and Public Debt,03_Non Financial Public Sector,168,8,1999,2025,"External Public Debt (Non-Financial Public Sector) refers to the outstanding stock of public debt contracted by the non-financial public sector with non-resident creditors. It includes external loans, bonds, and other financial obligations held by foreign entities. This indicator reflects the government’s reliance on external financing and exposure to international financial conditions.",Ministerio de Economía y Finanzas Públicas de Bolivia,2026-07-16,31f86bdbc4b869cb,GGDBTEXTLCN,External gross debt,SOURCE_SPECIFIC_EXACT,HIGH,IDB_LMW_SOURCE_EXACT,external public debt,OTHER,UNSPECIFIED,0,500,1508,False
External Public Debt,"fiscal year (Q4–Q3 aggregation), end of period",,Annual,03_Fiscal Accounts and Public Debt,01_Central Government,143,8,1996,2025,"External Public Debt (Central Government) refers to the outstanding stock of public debt contracted by the central government with non-resident creditors. It includes external loans, bonds, and other financial obligations held by foreign entities. This indicator reflects the government’s reliance on external financing and exposure to international financial conditions.",Tesouro Nacional do Brasil,2026-07-16,6cfd0b28ef67c081,GGDBTEXTLCN,External gross debt,SOURCE_SPECIFIC_EXACT,HIGH,IDB_LMW_SOURCE_EXACT,external public debt,OTHER,UNSPECIFIED,0,500,1508,False
External Public Debt,"fiscal year (Q4–Q3 aggregation), avg. of period",,Annual,03_Fiscal Accounts and Public Debt,01_Central Government,142,8,1996,2025,"External Public Debt (Central Government) refers to the outstanding stock of public debt contracted by the central government with non-resident creditors. It includes external loans, bonds, and other financial obligations held by foreign entities. This indicator reflects the government’s reliance on external financing and exposure to international financial conditions.",Tesouro Nacional do Brasil,2026-07-16,bb340423040abcb1,GGDBTEXTLCN,External gross debt,SOURCE_SPECIFIC_EXACT,HIGH,IDB_LMW_SOURCE_EXACT,external public debt,OTHER,UNSPECIFIED,0,500,1508,False
External Public Debt,"% of total external debt, end of period",,Annual,03_Fiscal Accounts and Public Debt,01_Central Government,83,8,1999,2025,"External Public Debt (Central Government) refers to the outstanding stock of public debt contracted by the central government with non-resident creditors. It includes external loans, bonds, and other financial obligations held by foreign entities. This indicator reflects the government’s reliance on external financing and exposure to international financial conditions.",Ministerio de Economía de Argentina,2026-07-16,f8411d75588bcba1,GGDBTEXTLCN,External gross debt,SOURCE_SPECIFIC_EXACT,HIGH,IDB_LMW_SOURCE_EXACT,external public debt,OTHER,UNSPECIFIED,0,500,1508,False
External Public Debt,"% of total external debt, avg. of period",,Annual,03_Fiscal Accounts and Public Debt,01_Central Government,75,7,2001,2025,"External Public Debt (Central Government) refers to the outstanding stock of public debt contracted by the central government with non-resident creditors. It includes external loans, bonds, and other financial obligations held by foreign entities. This indicator reflects the government’s reliance on external financing and exposure to international financial conditions.",Ministerio de Economía de Argentina,2026-07-16,1a7028f2b5ae0bdc,GGDBTEXTLCN,External gross debt,SOURCE_SPECIFIC_EXACT,HIGH,IDB_LMW_SOURCE_EXACT,external public debt,OTHER,UNSPECIFIED,0,500,1507,False
External Public Debt,fiscal year (Q4–Q3 aggregation),,Annual,03_Fiscal Accounts and Public Debt,03_Non Financial Public Sector,117,5,2000,2025,"External Public Debt (Non-Financial Public Sector) refers to the outstanding stock of public debt contracted by the non-financial public sector with non-resident creditors. It includes external loans, bonds, and other financial obligations held by foreign entities. This indicator reflects the government’s reliance on external financing and exposure to international financial conditions.",Ministerio de Economía y Finanzas Públicas de Bolivia,2026-07-16,0744096708c07781,GGDBTEXTLCN,External gross debt,SOURCE_SPECIFIC_EXACT,HIGH,IDB_LMW_SOURCE_EXACT,external public debt,OTHER,UNSPECIFIED,0,500,1505,False
External Public Debt,"fiscal year (Q4–Q3 aggregation), end of period",,Annual,03_Fiscal Accounts and Public Debt,03_Non Financial Public Sector,81,4,1999,2025,"External Public Debt (Non-Financial Public Sector) refers to the outstanding stock of public debt contracted by the non-financial public sector with non-resident creditors. It includes external loans, bonds, and other financial obligations held by foreign entities. This indicator reflects the government’s reliance on external financing and exposure to international financial conditions.",Ministerio de Economía y Hacienda de Rep. Dominicana,2026-07-16,ae2475eeaffe90af,GGDBTEXTLCN,External gross debt,SOURCE_SPECIFIC_EXACT,HIGH,IDB_LMW_SOURCE_EXACT,external public debt,OTHER,UNSPECIFIED,0,500,1504,False
External Public Debt,"fiscal year (Q4–Q3 aggregation), avg. of period",,Annual,03_Fiscal Accounts and Public Debt,03_Non Financial Public Sector,85,3,1991,2025,"External Public Debt (Non-Financial Public Sector) refers to the outstanding stock of public debt contracted by the non-financial public sector with non-resident creditors. It includes external loans, bonds, and other financial obligations held by foreign entities. This indicator reflects the government’s reliance on external financing and exposure to international financial conditions.",Ministerio de Economía y Finanzas de Ecuador,2026-07-16,49563495001ae1e7,GGDBTEXTLCN,External gross debt,SOURCE_SPECIFIC_EXACT,HIGH,IDB_LMW_SOURCE_EXACT,external public debt,OTHER,UNSPECIFIED,0,500,1503,False
External Public Debt,fiscal year (Q4–Q3 aggregation),,Annual,03_Fiscal Accounts and Public Debt,01_Central Government,55,3,1999,2025,"External Public Debt (Central Government) refers to the outstanding stock of public debt contracted by the central government with non-resident creditors. It includes external loans, bonds, and other financial obligations held by foreign entities. This indicator reflects the government’s reliance on external financing and exposure to international financial conditions.",Ministerio de Economía de Argentina,2026-07-16,383ce85f54d369a8,GGDBTEXTLCN,External gross debt,SOURCE_SPECIFIC_EXACT,HIGH,IDB_LMW_SOURCE_EXACT,external public debt,OTHER,UNSPECIFIED,0,500,1503,False
External Public Debt,"% of total external debt, avg. of period",,Annual,03_Fiscal Accounts and Public Debt,02_General Government,53,3,2002,2026,"External Public Debt (General Government) refers to the outstanding stock of public debt contracted by the general government with non-resident creditors. It includes external loans, bonds, and other financial obligations held by foreign entities. This indicator reflects the government’s reliance on external financing and exposure to international financial conditions.",Tesouro Nacional do Brasil,2026-07-16,ef4d1f2e97a4fa57,GGDBTEXTLCN,External gross debt,SOURCE_SPECIFIC_EXACT,HIGH,IDB_LMW_SOURCE_EXACT,external public debt,OTHER,UNSPECIFIED,0,500,1503,False
External Public Debt,"% of total external debt, end of period",,Annual,03_Fiscal Accounts and Public Debt,02_General Government,52,3,2002,2025,"External Public Debt (General Government) refers to the outstanding stock of public debt contracted by the general government with non-resident creditors. It includes external loans, bonds, and other financial obligations held by foreign entities. This indicator reflects the government’s reliance on external financing and exposure to international financial conditions.",Tesouro Nacional do Brasil,2026-07-16,9a021a48908c25b7,GGDBTEXTLCN,External gross debt,SOURCE_SPECIFIC_EXACT,HIGH,IDB_LMW_SOURCE_EXACT,external public debt,OTHER,UNSPECIFIED,0,500,1503,False
External Public Debt,fiscal year (Q4–Q3 aggregation),,Annual,03_Fiscal Accounts and Public Debt,02_General Government,32,2,2003,2025,"External Public Debt (General Government) refers to the outstanding stock of public debt contracted by the general government with non-resident creditors. It includes external loans, bonds, and other financial obligations held by foreign entities. This indicator reflects the government’s reliance on external financing and exposure to international financial conditions.",Tesouro Nacional do Brasil,2026-07-16,9d35ebf25e832a67,GGDBTEXTLCN,External gross debt,SOURCE_SPECIFIC_EXACT,HIGH,IDB_LMW_SOURCE_EXACT,external public debt,OTHER,UNSPECIFIED,0,500,1502,False
External Public Debt,% of total external debt,,Annual,03_Fiscal Accounts and Public Debt,03_Non Financial Public Sector,18,1,2008,2025,"External Public Debt (Non-Financial Public Sector) refers to the outstanding stock of public debt contracted by the non-financial public sector with non-resident creditors. It includes external loans, bonds, and other financial obligations held by foreign entities. This indicator reflects the government’s reliance on external financing and exposure to international financial conditions.",Ministerio de Economía y Finanzas de Paraguay,2026-07-16,331891f1dfa7b62d,GGDBTEXTLCN,External gross debt,SOURCE_SPECIFIC_EXACT,HIGH,IDB_LMW_SOURCE_EXACT,external public debt,OTHER,UNSPECIFIED,0,500,1501,False
External Public Debt,"fiscal year (Q4–Q3 aggregation), avg. of period",,Annual,03_Fiscal Accounts and Public Debt,02_General Government,17,1,2009,2025,"External Public Debt (General Government) refers to the outstanding stock of public debt contracted by the general government with non-resident creditors. It includes external loans, bonds, and other financial obligations held by foreign entities. This indicator reflects the government’s reliance on external financing and exposure to international financial conditions.",Ministerio de Hacienda de Costa Rica,2026-08-03,22dc64bfbf09c6ee,GGDBTEXTLCN,External gross debt,SOURCE_SPECIFIC_EXACT,HIGH,IDB_LMW_SOURCE_EXACT,external public debt,OTHER,UNSPECIFIED,0,500,1501,False
External Public Debt,"fiscal year (Q4–Q3 aggregation), end of period",,Annual,03_Fiscal Accounts and Public Debt,02_General Government,17,1,2009,2025,"External Public Debt (General Government) refers to the outstanding stock of public debt contracted by the general government with non-resident creditors. It includes external loans, bonds, and other financial obligations held by foreign entities. This indicator reflects the government’s reliance on external financing and exposure to international financial conditions.",Ministerio de Hacienda de Costa Rica,2026-08-03,17259a4ad80d5d55,GGDBTEXTLCN,External gross debt,SOURCE_SPECIFIC_EXACT,HIGH,IDB_LMW_SOURCE_EXACT,external public debt,OTHER,UNSPECIFIED,0,500,1501,False
External Public Debt,% of total external debt,,Annual,03_Fiscal Accounts and Public Debt,01_Central Government,10,1,2016,2025,"External Public Debt (Central Government) refers to the outstanding stock of public debt contracted by the central government with non-resident creditors. It includes external loans, bonds, and other financial obligations held by foreign entities. This indicator reflects the government’s reliance on external financing and exposure to international financial conditions.",Secretaria de Finanzas de Honduras,2026-07-16,fb2805b657ceee01,GGDBTEXTLCN,External gross debt,SOURCE_SPECIFIC_EXACT,HIGH,IDB_LMW_SOURCE_EXACT,external public debt,OTHER,UNSPECIFIED,0,500,1501,False
External Public Debt,"millions of USD, end of period",YoY %,Annual,03_Fiscal Accounts and Public Debt,01_Central Government,160,11,1996,2025,"External Public Debt (Central Government) refers to the outstanding stock of public debt contracted by the central government with non-resident creditors. It includes external loans, bonds, and other financial obligations held by foreign entities. This indicator reflects the government’s reliance on external financing and exposure to international financial conditions.",Ministerio de Economía de Argentina,2026-07-16,6c1be61a6b7f86b8,GGDBTEXTLCN,External gross debt,SOURCE_SPECIFIC_EXACT,HIGH,IDB_LMW_SOURCE_EXACT,external public debt,TRANSFORMED_NONLEVEL,UNSPECIFIED,-280,500,1231,False
External Public Debt,"millions of USD, avg. of period",YoY %,Annual,03_Fiscal Accounts and Public Debt,01_Central Government,149,10,1996,2026,"External Public Debt (Central Government) refers to the outstanding stock of public debt contracted by the central government with non-resident creditors. It includes external loans, bonds, and other financial obligations held by foreign entities. This indicator reflects the government’s reliance on external financing and exposure to international financial conditions.",Ministerio de Economía de Argentina,2026-07-16,f4d61fffd1b215b1,GGDBTEXTLCN,External gross debt,SOURCE_SPECIFIC_EXACT,HIGH,IDB_LMW_SOURCE_EXACT,external public debt,TRANSFORMED_NONLEVEL,UNSPECIFIED,-280,500,1230,False
External Public Debt,"millions of USD, end of period",YoY %,Annual,03_Fiscal Accounts and Public Debt,03_Non Financial Public Sector,225,9,1991,2025,"External Public Debt (Non-Financial Public Sector) refers to the outstanding stock of public debt contracted by the non-financial public sector with non-resident creditors. It includes external loans, bonds, and other financial obligations held by foreign entities. This indicator reflects the government’s reliance on external financing and exposure to international financial conditions.",Ministerio de Economía y Finanzas Públicas de Bolivia,2026-07-16,81b1a2b61656d5a9,GGDBTEXTLCN,External gross debt,SOURCE_SPECIFIC_EXACT,HIGH,IDB_LMW_SOURCE_EXACT,external public debt,TRANSFORMED_NONLEVEL,UNSPECIFIED,-280,500,1229,False
External Public Debt,"millions of USD, avg. of period",YoY %,Annual,03_Fiscal Accounts and Public Debt,03_Non Financial Public Sector,212,9,1991,2025,"External Public Debt (Non-Financial Public Sector) refers to the outstanding stock of public debt contracted by the non-financial public sector with non-resident creditors. It includes external loans, bonds, and other financial obligations held by foreign entities. This indicator reflects the government’s reliance on external financing and exposure to international financial conditions.",Ministerio de Economía y Finanzas Públicas de Bolivia,2026-07-16,732e77793e9c40bc,GGDBTEXTLCN,External gross debt,SOURCE_SPECIFIC_EXACT,HIGH,IDB_LMW_SOURCE_EXACT,external public debt,TRANSFORMED_NONLEVEL,UNSPECIFIED,-280,500,1229,False
External Public Debt,"millions of USD, avg. of period",YoY %,Annual,03_Fiscal Accounts and Public Debt,02_General Government,50,3,2003,2026,"External Public Debt (General Government) refers to the outstanding stock of public debt contracted by the general government with non-resident creditors. It includes external loans, bonds, and other financial obligations held by foreign entities. This indicator reflects the government’s reliance on external financing and exposure to international financial conditions.",Tesouro Nacional do Brasil,2026-07-16,1085ff57826fbe87,GGDBTEXTLCN,External gross debt,SOURCE_SPECIFIC_EXACT,HIGH,IDB_LMW_SOURCE_EXACT,external public debt,TRANSFORMED_NONLEVEL,UNSPECIFIED,-280,500,1223,False
External Public Debt,"millions of USD, end of period",YoY %,Annual,03_Fiscal Accounts and Public Debt,02_General Government,50,3,2003,2026,"External Public Debt (General Government) refers to the outstanding stock of public debt contracted by the general government with non-resident creditors. It includes external loans, bonds, and other financial obligations held by foreign entities. This indicator reflects the government’s reliance on external financing and exposure to international financial conditions.",Tesouro Nacional do Brasil,2026-07-16,87b971313d27ec27,GGDBTEXTLCN,External gross debt,SOURCE_SPECIFIC_EXACT,HIGH,IDB_LMW_SOURCE_EXACT,external public debt,TRANSFORMED_NONLEVEL,UNSPECIFIED,-280,500,1223,False
External Public Debt,millions of USD,YoY %,Annual,03_Fiscal Accounts and Public Debt,03_Non Financial Public Sector,21,1,2005,2025,"External Public Debt (Non-Financial Public Sector) refers to the outstanding stock of public debt contracted by the non-financial public sector with non-resident creditors. It includes external loans, bonds, and other financial obligations held by foreign entities. This indicator reflects the government’s reliance on external financing and exposure to international financial conditions.",Ministerio de Economía y Finanzas de Paraguay,2026-07-16,f69e37cfc594464d,GGDBTEXTLCN,External gross debt,SOURCE_SPECIFIC_EXACT,HIGH,IDB_LMW_SOURCE_EXACT,external public debt,TRANSFORMED_NONLEVEL,UNSPECIFIED,-280,500,1221,False
External Public Debt,millions of USD,YoY %,Annual,03_Fiscal Accounts and Public Debt,01_Central Government,17,1,2009,2025,"External Public Debt (Central Government) refers to the outstanding stock of public debt contracted by the central government with non-resident creditors. It includes external loans, bonds, and other financial obligations held by foreign entities. This indicator reflects the government’s reliance on external financing and exposure to international financial conditions.",Secretaria de Finanzas de Honduras,2026-07-16,62402fae811e2979,GGDBTEXTLCN,External gross debt,SOURCE_SPECIFIC_EXACT,HIGH,IDB_LMW_SOURCE_EXACT,external public debt,TRANSFORMED_NONLEVEL,UNSPECIFIED,-280,500,1221,False
Public External Debt,"% of GDP, end of period",,Annual,04_External Accounts,03_External Debt,321,14,1990,2025,"Public external debt is the stock of outstanding debt owed by the public sector of a country to nonresidents. It includes the obligations of all entities that report under public external debt statistics, such as the central government, local governments and public enterprises. These obligations may take the form of loans, bonds or other financial liabilities denominated in foreign or domestic currency, provided the creditors are abroad. This indicator reflects the external borrowing of the public sector and its exposure to foreign financial risks. The definition may vary by country.",INDEC - Argentina,2026-07-16,d5d5a408ebba04cf,GGDBTEXTLCN,External gross debt,AUTO_CANDIDATE,HIGH,IDB_LMW_RULE_CANDIDATE,public external debt | public external debt,PCT_GDP,UNSPECIFIED,60,120,194,False
Public External Debt,"% of GDP, avg. of period",,Annual,04_External Accounts,03_External Debt,317,14,1990,2025,"Public external debt is the stock of outstanding debt owed by the public sector of a country to nonresidents. It includes the obligations of all entities that report under public external debt statistics, such as the central government, local governments and public enterprises. These obligations may take the form of loans, bonds or other financial liabilities denominated in foreign or domestic currency, provided the creditors are abroad. This indicator reflects the external borrowing of the public sector and its exposure to foreign financial risks. The definition may vary by country.",INDEC - Argentina,2026-07-16,f81f29d6a1d8bc5d,GGDBTEXTLCN,External gross debt,AUTO_CANDIDATE,HIGH,IDB_LMW_RULE_CANDIDATE,public external debt | public external debt,PCT_GDP,UNSPECIFIED,60,120,194,False
External Public Debt,"% of GDP, end of period",,Annual,03_Fiscal Accounts and Public Debt,01_Central Government,157,11,1995,2025,"External Public Debt (Central Government) refers to the outstanding stock of public debt contracted by the central government with non-resident creditors. It includes external loans, bonds, and other financial obligations held by foreign entities. This indicator reflects the government’s reliance on external financing and exposure to international financial conditions.",Ministerio de Economía de Argentina,2026-07-16,f01f7a8a7cc02480,GGDBTEXTLCN,External gross debt,AUTO_CANDIDATE,HIGH,IDB_LMW_RULE_CANDIDATE,external public debt | external public debt,PCT_GDP,UNSPECIFIED,60,120,191,False
External Public Debt,"% of GDP, avg. of period",,Annual,03_Fiscal Accounts and Public Debt,01_Central Government,145,10,1995,2025,"External Public Debt (Central Government) refers to the outstanding stock of public debt contracted by the central government with non-resident creditors. It includes external loans, bonds, and other financial obligations held by foreign entities. This indicator reflects the government’s reliance on external financing and exposure to international financial conditions.",Ministerio de Economía de Argentina,2026-07-16,76f6ef1496877641,GGDBTEXTLCN,External gross debt,AUTO_CANDIDATE,HIGH,IDB_LMW_RULE_CANDIDATE,external public debt | external public debt,PCT_GDP,UNSPECIFIED,60,120,190,False
External Public Debt,"% of GDP, end of period",,Annual,03_Fiscal Accounts and Public Debt,03_Non Financial Public Sector,217,9,1993,2025,"External Public Debt (Non-Financial Public Sector) refers to the outstanding stock of public debt contracted by the non-financial public sector with non-resident creditors. It includes external loans, bonds, and other financial obligations held by foreign entities. This indicator reflects the government’s reliance on external financing and exposure to international financial conditions.",Ministerio de Economía y Finanzas Públicas de Bolivia,2026-07-16,69592ec40d65675c,GGDBTEXTLCN,External gross debt,AUTO_CANDIDATE,HIGH,IDB_LMW_RULE_CANDIDATE,external public debt | external public debt,PCT_GDP,UNSPECIFIED,60,120,189,False
External Public Debt,"% of GDP, avg. of period",,Annual,03_Fiscal Accounts and Public Debt,03_Non Financial Public Sector,215,9,1993,2025,"External Public Debt (Non-Financial Public Sector) refers to the outstanding stock of public debt contracted by the non-financial public sector with non-resident creditors. It includes external loans, bonds, and other financial obligations held by foreign entities. This indicator reflects the government’s reliance on external financing and exposure to international financial conditions.",Ministerio de Economía y Finanzas Públicas de Bolivia,2026-07-16,c6cb07913ca10bd7,GGDBTEXTLCN,External gross debt,AUTO_CANDIDATE,HIGH,IDB_LMW_RULE_CANDIDATE,external public debt | external public debt,PCT_GDP,UNSPECIFIED,60,120,189,False
Short-term Public External Debt,"% of GDP, end of period",,Annual,04_External Accounts,03_External Debt,133,7,2001,2025,"Short-term public external debt is the stock of outstanding debt owed by the public sector of a country to nonresidents with an original maturity of one year or less. It covers obligations such as loans, trade credits, deposits and other financial liabilities denominated in foreign or domestic currency, provided the creditors are abroad. This indicator highlights the short-term external borrowing of the public sector and its exposure to rollover risk. The definition may vary by country.",INDEC - Argentina,2026-07-16,cc798ca4b3d504b7,GGDBTEXTLCN,External gross debt,AUTO_CANDIDATE,HIGH,IDB_LMW_RULE_CANDIDATE,public external debt | public external debt,PCT_GDP,UNSPECIFIED,60,120,187,False
Short-term Public External Debt,"% of GDP, avg. of period",,Annual,04_External Accounts,03_External Debt,132,7,2001,2025,"Short-term public external debt is the stock of outstanding debt owed by the public sector of a country to nonresidents with an original maturity of one year or less. It covers obligations such as loans, trade credits, deposits and other financial liabilities denominated in foreign or domestic currency, provided the creditors are abroad. This indicator highlights the short-term external borrowing of the public sector and its exposure to rollover risk. The definition may vary by country.",INDEC - Argentina,2026-07-16,c43a971fe2f2968d,GGDBTEXTLCN,External gross debt,AUTO_CANDIDATE,HIGH,IDB_LMW_RULE_CANDIDATE,public external debt | public external debt,PCT_GDP,UNSPECIFIED,60,120,187,False
External Public Debt,"% of GDP, avg. of period",,Annual,03_Fiscal Accounts and Public Debt,02_General Government,52,3,2002,2025,"External Public Debt (General Government) refers to the outstanding stock of public debt contracted by the general government with non-resident creditors. It includes external loans, bonds, and other financial obligations held by foreign entities. This indicator reflects the government’s reliance on external financing and exposure to international financial conditions.",Tesouro Nacional do Brasil,2026-07-16,5da5992080abced1,GGDBTEXTLCN,External gross debt,AUTO_CANDIDATE,HIGH,IDB_LMW_RULE_CANDIDATE,external public debt | external public debt,PCT_GDP,UNSPECIFIED,60,120,183,False
External Public Debt,"% of GDP, end of period",,Annual,03_Fiscal Accounts and Public Debt,02_General Government,52,3,2002,2025,"External Public Debt (General Government) refers to the outstanding stock of public debt contracted by the general government with non-resident creditors. It includes external loans, bonds, and other financial obligations held by foreign entities. This indicator reflects the government’s reliance on external financing and exposure to international financial conditions.",Tesouro Nacional do Brasil,2026-07-16,501c5433e1444387,GGDBTEXTLCN,External gross debt,AUTO_CANDIDATE,HIGH,IDB_LMW_RULE_CANDIDATE,external public debt | external public debt,PCT_GDP,UNSPECIFIED,60,120,183,False
External Public Debt,% of GDP,,Annual,03_Fiscal Accounts and Public Debt,03_Non Financial Public Sector,22,1,2004,2025,"External Public Debt (Non-Financial Public Sector) refers to the outstanding stock of public debt contracted by the non-financial public sector with non-resident creditors. It includes external loans, bonds, and other financial obligations held by foreign entities. This indicator reflects the government’s reliance on external financing and exposure to international financial conditions.",Ministerio de Economía y Finanzas de Paraguay,2026-07-16,1695428aec19a7ff,GGDBTEXTLCN,External gross debt,AUTO_CANDIDATE,HIGH,IDB_LMW_RULE_CANDIDATE,external public debt | external public debt,PCT_GDP,UNSPECIFIED,60,120,181,False
External Public Debt,% of GDP,,Annual,03_Fiscal Accounts and Public Debt,01_Central Government,18,1,2008,2025,"External Public Debt (Central Government) refers to the outstanding stock of public debt contracted by the central government with non-resident creditors. It includes external loans, bonds, and other financial obligations held by foreign entities. This indicator reflects the government’s reliance on external financing and exposure to international financial conditions.",Secretaria de Finanzas de Honduras,2026-07-16,493bd9f43196f903,GGDBTEXTLCN,External gross debt,AUTO_CANDIDATE,HIGH,IDB_LMW_RULE_CANDIDATE,external public debt | external public debt,PCT_GDP,UNSPECIFIED,60,120,181,False
Public External Debt,"millions of USD, end of period",,Annual,04_External Accounts,03_External Debt,329,14,1990,2025,"Public external debt is the stock of outstanding debt owed by the public sector of a country to nonresidents. It includes the obligations of all entities that report under public external debt statistics, such as the central government, local governments and public enterprises. These obligations may take the form of loans, bonds or other financial liabilities denominated in foreign or domestic currency, provided the creditors are abroad. This indicator reflects the external borrowing of the public sector and its exposure to foreign financial risks. The definition may vary by country.",INDEC - Argentina,2026-07-16,2394252f68071cfb,GGDBTEXTLCN,External gross debt,AUTO_CANDIDATE,HIGH,IDB_LMW_RULE_CANDIDATE,public external debt | public external debt,CURRENT_USD,UNSPECIFIED,20,120,154,False
Public External Debt,"millions of USD, avg. of period",,Annual,04_External Accounts,03_External Debt,325,14,1990,2025,"Public external debt is the stock of outstanding debt owed by the public sector of a country to nonresidents. It includes the obligations of all entities that report under public external debt statistics, such as the central government, local governments and public enterprises. These obligations may take the form of loans, bonds or other financial liabilities denominated in foreign or domestic currency, provided the creditors are abroad. This indicator reflects the external borrowing of the public sector and its exposure to foreign financial risks. The definition may vary by country.",INDEC - Argentina,2026-07-16,ee63a1e89f384156,GGDBTEXTLCN,External gross debt,AUTO_CANDIDATE,HIGH,IDB_LMW_RULE_CANDIDATE,public external debt | public external debt,CURRENT_USD,UNSPECIFIED,20,120,154,False
External Public Debt,"millions of USD, end of period",,Annual,03_Fiscal Accounts and Public Debt,01_Central Government,168,11,1995,2025,"External Public Debt (Central Government) refers to the outstanding stock of public debt contracted by the central government with non-resident creditors. It includes external loans, bonds, and other financial obligations held by foreign entities. This indicator reflects the government’s reliance on external financing and exposure to international financial conditions.",Ministerio de Economía de Argentina,2026-07-16,f21f0621cabcb9d1,GGDBTEXTLCN,External gross debt,AUTO_CANDIDATE,HIGH,IDB_LMW_RULE_CANDIDATE,external public debt | external public debt,CURRENT_USD,UNSPECIFIED,20,120,151,False
External Public Debt,"millions of USD, avg. of period",,Annual,03_Fiscal Accounts and Public Debt,01_Central Government,157,10,1995,2026,"External Public Debt (Central Government) refers to the outstanding stock of public debt contracted by the central government with non-resident creditors. It includes external loans, bonds, and other financial obligations held by foreign entities. This indicator reflects the government’s reliance on external financing and exposure to international financial conditions.",Ministerio de Economía de Argentina,2026-07-16,cdff26cde81ea5f0,GGDBTEXTLCN,External gross debt,AUTO_CANDIDATE,HIGH,IDB_LMW_RULE_CANDIDATE,external public debt | external public debt,CURRENT_USD,UNSPECIFIED,20,120,150,False
External Public Debt,"millions of USD, end of period",,Annual,03_Fiscal Accounts and Public Debt,03_Non Financial Public Sector,233,9,1990,2025,"External Public Debt (Non-Financial Public Sector) refers to the outstanding stock of public debt contracted by the non-financial public sector with non-resident creditors. It includes external loans, bonds, and other financial obligations held by foreign entities. This indicator reflects the government’s reliance on external financing and exposure to international financial conditions.",Ministerio de Economía y Finanzas Públicas de Bolivia,2026-07-16,600b8bc59edbfc6a,GGDBTEXTLCN,External gross debt,AUTO_CANDIDATE,HIGH,IDB_LMW_RULE_CANDIDATE,external public debt | external public debt,CURRENT_USD,UNSPECIFIED,20,120,149,False
External Public Debt,"millions of USD, avg. of period",,Annual,03_Fiscal Accounts and Public Debt,03_Non Financial Public Sector,221,9,1990,2025,"External Public Debt (Non-Financial Public Sector) refers to the outstanding stock of public debt contracted by the non-financial public sector with non-resident creditors. It includes external loans, bonds, and other financial obligations held by foreign entities. This indicator reflects the government’s reliance on external financing and exposure to international financial conditions.",Ministerio de Economía y Finanzas Públicas de Bolivia,2026-07-16,25c1f598f5d532ae,GGDBTEXTLCN,External gross debt,AUTO_CANDIDATE,HIGH,IDB_LMW_RULE_CANDIDATE,external public debt | external public debt,CURRENT_USD,UNSPECIFIED,20,120,149,False
Short-term Public External Debt,"millions of USD, end of period",,Annual,04_External Accounts,03_External Debt,134,7,2001,2025,"Short-term public external debt is the stock of outstanding debt owed by the public sector of a country to nonresidents with an original maturity of one year or less. It covers obligations such as loans, trade credits, deposits and other financial liabilities denominated in foreign or domestic currency, provided the creditors are abroad. This indicator highlights the short-term external borrowing of the public sector and its exposure to rollover risk. The definition may vary by country.",INDEC - Argentina,2026-07-16,da3a561b6d2663a8,GGDBTEXTLCN,External gross debt,AUTO_CANDIDATE,HIGH,IDB_LMW_RULE_CANDIDATE,public external debt | public external debt,CURRENT_USD,UNSPECIFIED,20,120,147,False
Short-term Public External Debt,"millions of USD, avg. of period",,Annual,04_External Accounts,03_External Debt,133,7,2001,2025,"Short-term public external debt is the stock of outstanding debt owed by the public sector of a country to nonresidents with an original maturity of one year or less. It covers obligations such as loans, trade credits, deposits and other financial liabilities denominated in foreign or domestic currency, provided the creditors are abroad. This indicator highlights the short-term external borrowing of the public sector and its exposure to rollover risk. The definition may vary by country.",INDEC - Argentina,2026-07-16,1523f6fd63eee738,GGDBTEXTLCN,External gross debt,AUTO_CANDIDATE,HIGH,IDB_LMW_RULE_CANDIDATE,public external debt | public external debt,CURRENT_USD,UNSPECIFIED,20,120,147,False
External Public Debt,"millions of USD, avg. of period",,Annual,03_Fiscal Accounts and Public Debt,02_General Government,53,3,2002,2026,"External Public Debt (General Government) refers to the outstanding stock of public debt contracted by the general government with non-resident creditors. It includes external loans, bonds, and other financial obligations held by foreign entities. This indicator reflects the government’s reliance on external financing and exposure to international financial conditions.",Tesouro Nacional do Brasil,2026-07-16,7189965646043d99,GGDBTEXTLCN,External gross debt,AUTO_CANDIDATE,HIGH,IDB_LMW_RULE_CANDIDATE,external public debt | external public debt,CURRENT_USD,UNSPECIFIED,20,120,143,False
External Public Debt,"millions of USD, end of period",,Annual,03_Fiscal Accounts and Public Debt,02_General Government,52,3,2002,2025,"External Public Debt (General Government) refers to the outstanding stock of public debt contracted by the general government with non-resident creditors. It includes external loans, bonds, and other financial obligations held by foreign entities. This indicator reflects the government’s reliance on external financing and exposure to international financial conditions.",Tesouro Nacional do Brasil,2026-07-16,f3ae8e720e16d4b8,GGDBTEXTLCN,External gross debt,AUTO_CANDIDATE,HIGH,IDB_LMW_RULE_CANDIDATE,external public debt | external public debt,CURRENT_USD,UNSPECIFIED,20,120,143,False
External Public Debt,millions of USD,,Annual,03_Fiscal Accounts and Public Debt,03_Non Financial Public Sector,22,1,2004,2025,"External Public Debt (Non-Financial Public Sector) refers to the outstanding stock of public debt contracted by the non-financial public sector with non-resident creditors. It includes external loans, bonds, and other financial obligations held by foreign entities. This indicator reflects the government’s reliance on external financing and exposure to international financial conditions.",Ministerio de Economía y Finanzas de Paraguay,2026-07-16,33c334149e9d6fc3,GGDBTEXTLCN,External gross debt,AUTO_CANDIDATE,HIGH,IDB_LMW_RULE_CANDIDATE,external public debt | external public debt,CURRENT_USD,UNSPECIFIED,20,120,141,False
External Public Debt,millions of USD,,Annual,03_Fiscal Accounts and Public Debt,01_Central Government,18,1,2008,2025,"External Public Debt (Central Government) refers to the outstanding stock of public debt contracted by the central government with non-resident creditors. It includes external loans, bonds, and other financial obligations held by foreign entities. This indicator reflects the government’s reliance on external financing and exposure to international financial conditions.",Secretaria de Finanzas de Honduras,2026-07-16,d5c9907260960875,GGDBTEXTLCN,External gross debt,AUTO_CANDIDATE,HIGH,IDB_LMW_RULE_CANDIDATE,external public debt | external public debt,CURRENT_USD,UNSPECIFIED,20,120,141,False
Public External Debt,"% of total external debt, end of period",,Annual,04_External Accounts,03_External Debt,296,14,1990,2025,"Public external debt is the stock of outstanding debt owed by the public sector of a country to nonresidents. It includes the obligations of all entities that report under public external debt statistics, such as the central government, local governments and public enterprises. These obligations may take the form of loans, bonds or other financial liabilities denominated in foreign or domestic currency, provided the creditors are abroad. This indicator reflects the external borrowing of the public sector and its exposure to foreign financial risks. The definition may vary by country.",INDEC - Argentina,2026-07-16,575003cba0afa200,GGDBTEXTLCN,External gross debt,AUTO_CANDIDATE,HIGH,IDB_LMW_RULE_CANDIDATE,public external debt | public external debt,OTHER,UNSPECIFIED,0,120,134,False
Public External Debt,"% of total external debt, avg. of period",,Annual,04_External Accounts,03_External Debt,292,14,1990,2025,"Public external debt is the stock of outstanding debt owed by the public sector of a country to nonresidents. It includes the obligations of all entities that report under public external debt statistics, such as the central government, local governments and public enterprises. These obligations may take the form of loans, bonds or other financial liabilities denominated in foreign or domestic currency, provided the creditors are abroad. This indicator reflects the external borrowing of the public sector and its exposure to foreign financial risks. The definition may vary by country.",INDEC - Argentina,2026-07-16,8f55da4cf098549a,GGDBTEXTLCN,External gross debt,AUTO_CANDIDATE,HIGH,IDB_LMW_RULE_CANDIDATE,public external debt | public external debt,OTHER,UNSPECIFIED,0,120,134,False
Public External Debt,"% of total exports, end of period",,Annual,04_External Accounts,03_External Debt,273,14,1995,2025,"Public external debt is the stock of outstanding debt owed by the public sector of a country to nonresidents. It includes the obligations of all entities that report under public external debt statistics, such as the central government, local governments and public enterprises. These obligations may take the form of loans, bonds or other financial liabilities denominated in foreign or domestic currency, provided the creditors are abroad. This indicator reflects the external borrowing of the public sector and its exposure to foreign financial risks. The definition may vary by country.",INDEC - Argentina,2026-07-16,ab0408f6e1c04595,GGDBTEXTLCN,External gross debt,AUTO_CANDIDATE,HIGH,IDB_LMW_RULE_CANDIDATE,public external debt | public external debt,OTHER,UNSPECIFIED,0,120,134,False
Public External Debt,"% of total imports, end of period",,Annual,04_External Accounts,03_External Debt,273,14,1995,2025,"Public external debt is the stock of outstanding debt owed by the public sector of a country to nonresidents. It includes the obligations of all entities that report under public external debt statistics, such as the central government, local governments and public enterprises. These obligations may take the form of loans, bonds or other financial liabilities denominated in foreign or domestic currency, provided the creditors are abroad. This indicator reflects the external borrowing of the public sector and its exposure to foreign financial risks. The definition may vary by country.",INDEC - Argentina,2026-07-16,668e7d641be28508,GGDBTEXTLCN,External gross debt,AUTO_CANDIDATE,HIGH,IDB_LMW_RULE_CANDIDATE,public external debt | public external debt,OTHER,UNSPECIFIED,0,120,134,False
Public External Debt,"% of total exports, avg. of period",,Annual,04_External Accounts,03_External Debt,271,14,1995,2025,"Public external debt is the stock of outstanding debt owed by the public sector of a country to nonresidents. It includes the obligations of all entities that report under public external debt statistics, such as the central government, local governments and public enterprises. These obligations may take the form of loans, bonds or other financial liabilities denominated in foreign or domestic currency, provided the creditors are abroad. This indicator reflects the external borrowing of the public sector and its exposure to foreign financial risks. The definition may vary by country.",INDEC - Argentina,2026-07-16,9f302343e77fd2e5,GGDBTEXTLCN,External gross debt,AUTO_CANDIDATE,HIGH,IDB_LMW_RULE_CANDIDATE,public external debt | public external debt,OTHER,UNSPECIFIED,0,120,134,False
Public External Debt,"% of total imports, avg. of period",,Annual,04_External Accounts,03_External Debt,271,14,1995,2025,"Public external debt is the stock of outstanding debt owed by the public sector of a country to nonresidents. It includes the obligations of all entities that report under public external debt statistics, such as the central government, local governments and public enterprises. These obligations may take the form of loans, bonds or other financial liabilities denominated in foreign or domestic currency, provided the creditors are abroad. This indicator reflects the external borrowing of the public sector and its exposure to foreign financial risks. The definition may vary by country.",INDEC - Argentina,2026-07-16,3eef80052e1e213d,GGDBTEXTLCN,External gross debt,AUTO_CANDIDATE,HIGH,IDB_LMW_RULE_CANDIDATE,public external debt | public external debt,OTHER,UNSPECIFIED,0,120,134,False
Public External Debt,fiscal year (Q4–Q3 aggregation),,Annual,04_External Accounts,03_External Debt,185,9,1991,2025,"Public external debt is the stock of outstanding debt owed by the public sector of a country to nonresidents. It includes the obligations of all entities that report under public external debt statistics, such as the central government, local governments and public enterprises. These obligations may take the form of loans, bonds or other financial liabilities denominated in foreign or domestic currency, provided the creditors are abroad. This indicator reflects the external borrowing of the public sector and its exposure to foreign financial risks. The definition may vary by country.",Banco Central do Brasil,2026-07-16,0679eee1d9142b33,GGDBTEXTLCN,External gross debt,AUTO_CANDIDATE,HIGH,IDB_LMW_RULE_CANDIDATE,public external debt | public external debt,OTHER,UNSPECIFIED,0,120,129,False
External Public Debt,"% of total external debt, end of period",,Annual,03_Fiscal Accounts and Public Debt,03_Non Financial Public Sector,170,8,1998,2025,"External Public Debt (Non-Financial Public Sector) refers to the outstanding stock of public debt contracted by the non-financial public sector with non-resident creditors. It includes external loans, bonds, and other financial obligations held by foreign entities. This indicator reflects the government’s reliance on external financing and exposure to international financial conditions.",Ministerio de Economía y Finanzas Públicas de Bolivia,2026-07-16,6ac7b4c90857eb91,GGDBTEXTLCN,External gross debt,AUTO_CANDIDATE,HIGH,IDB_LMW_RULE_CANDIDATE,external public debt | external public debt,OTHER,UNSPECIFIED,0,120,128,False
External Public Debt,"% of total external debt, avg. of period",,Annual,03_Fiscal Accounts and Public Debt,03_Non Financial Public Sector,168,8,1999,2025,"External Public Debt (Non-Financial Public Sector) refers to the outstanding stock of public debt contracted by the non-financial public sector with non-resident creditors. It includes external loans, bonds, and other financial obligations held by foreign entities. This indicator reflects the government’s reliance on external financing and exposure to international financial conditions.",Ministerio de Economía y Finanzas Públicas de Bolivia,2026-07-16,31f86bdbc4b869cb,GGDBTEXTLCN,External gross debt,AUTO_CANDIDATE,HIGH,IDB_LMW_RULE_CANDIDATE,external public debt | external public debt,OTHER,UNSPECIFIED,0,120,128,False
External Public Debt,"fiscal year (Q4–Q3 aggregation), end of period",,Annual,03_Fiscal Accounts and Public Debt,01_Central Government,143,8,1996,2025,"External Public Debt (Central Government) refers to the outstanding stock of public debt contracted by the central government with non-resident creditors. It includes external loans, bonds, and other financial obligations held by foreign entities. This indicator reflects the government’s reliance on external financing and exposure to international financial conditions.",Tesouro Nacional do Brasil,2026-07-16,6cfd0b28ef67c081,GGDBTEXTLCN,External gross debt,AUTO_CANDIDATE,HIGH,IDB_LMW_RULE_CANDIDATE,external public debt | external public debt,OTHER,UNSPECIFIED,0,120,128,False
External Public Debt,"fiscal year (Q4–Q3 aggregation), avg. of period",,Annual,03_Fiscal Accounts and Public Debt,01_Central Government,142,8,1996,2025,"External Public Debt (Central Government) refers to the outstanding stock of public debt contracted by the central government with non-resident creditors. It includes external loans, bonds, and other financial obligations held by foreign entities. This indicator reflects the government’s reliance on external financing and exposure to international financial conditions.",Tesouro Nacional do Brasil,2026-07-16,bb340423040abcb1,GGDBTEXTLCN,External gross debt,AUTO_CANDIDATE,HIGH,IDB_LMW_RULE_CANDIDATE,external public debt | external public debt,OTHER,UNSPECIFIED,0,120,128,False
External Public Debt,"% of total external debt, end of period",,Annual,03_Fiscal Accounts and Public Debt,01_Central Government,83,8,1999,2025,"External Public Debt (Central Government) refers to the outstanding stock of public debt contracted by the central government with non-resident creditors. It includes external loans, bonds, and other financial obligations held by foreign entities. This indicator reflects the government’s reliance on external financing and exposure to international financial conditions.",Ministerio de Economía de Argentina,2026-07-16,f8411d75588bcba1,GGDBTEXTLCN,External gross debt,AUTO_CANDIDATE,HIGH,IDB_LMW_RULE_CANDIDATE,external public debt | external public debt,OTHER,UNSPECIFIED,0,120,128,False
Short-term Public External Debt,"% of short-term external public debt, end of period",,Annual,04_External Accounts,03_External Debt,134,7,2001,2025,"Short-term public external debt is the stock of outstanding debt owed by the public sector of a country to nonresidents with an original maturity of one year or less. It covers obligations such as loans, trade credits, deposits and other financial liabilities denominated in foreign or domestic currency, provided the creditors are abroad. This indicator highlights the short-term external borrowing of the public sector and its exposure to rollover risk. The definition may vary by country.",INDEC - Argentina,2026-07-16,57dfe12030c67ed7,GGDBTEXTLCN,External gross debt,AUTO_CANDIDATE,HIGH,IDB_LMW_RULE_CANDIDATE,public external debt | public external debt,OTHER,UNSPECIFIED,0,120,127,False
Short-term Public External Debt,"% of total external debt, end of period",,Annual,04_External Accounts,03_External Debt,134,7,2001,2025,"Short-term public external debt is the stock of outstanding debt owed by the public sector of a country to nonresidents with an original maturity of one year or less. It covers obligations such as loans, trade credits, deposits and other financial liabilities denominated in foreign or domestic currency, provided the creditors are abroad. This indicator highlights the short-term external borrowing of the public sector and its exposure to rollover risk. The definition may vary by country.",INDEC - Argentina,2026-07-16,3e1f4896f423530d,GGDBTEXTLCN,External gross debt,AUTO_CANDIDATE,HIGH,IDB_LMW_RULE_CANDIDATE,public external debt | public external debt,OTHER,UNSPECIFIED,0,120,127,False
Short-term Public External Debt,"% of short-term external public debt, avg. of period",,Annual,04_External Accounts,03_External Debt,132,7,2001,2025,"Short-term public external debt is the stock of outstanding debt owed by the public sector of a country to nonresidents with an original maturity of one year or less. It covers obligations such as loans, trade credits, deposits and other financial liabilities denominated in foreign or domestic currency, provided the creditors are abroad. This indicator highlights the short-term external borrowing of the public sector and its exposure to rollover risk. The definition may vary by country.",INDEC - Argentina,2026-07-16,25ec7b0950688f3c,GGDBTEXTLCN,External gross debt,AUTO_CANDIDATE,HIGH,IDB_LMW_RULE_CANDIDATE,public external debt | public external debt,OTHER,UNSPECIFIED,0,120,127,False
Short-term Public External Debt,"% of total exports, end of period",,Annual,04_External Accounts,03_External Debt,132,7,2001,2025,"Short-term public external debt is the stock of outstanding debt owed by the public sector of a country to nonresidents with an original maturity of one year or less. It covers obligations such as loans, trade credits, deposits and other financial liabilities denominated in foreign or domestic currency, provided the creditors are abroad. This indicator highlights the short-term external borrowing of the public sector and its exposure to rollover risk. The definition may vary by country.",INDEC - Argentina,2026-07-16,ea6569081518be26,GGDBTEXTLCN,External gross debt,AUTO_CANDIDATE,HIGH,IDB_LMW_RULE_CANDIDATE,public external debt | public external debt,OTHER,UNSPECIFIED,0,120,127,False
Short-term Public External Debt,"% of total external debt, avg. of period",,Annual,04_External Accounts,03_External Debt,132,7,2001,2025,"Short-term public external debt is the stock of outstanding debt owed by the public sector of a country to nonresidents with an original maturity of one year or less. It covers obligations such as loans, trade credits, deposits and other financial liabilities denominated in foreign or domestic currency, provided the creditors are abroad. This indicator highlights the short-term external borrowing of the public sector and its exposure to rollover risk. The definition may vary by country.",INDEC - Argentina,2026-07-16,21b1109db26edf75,GGDBTEXTLCN,External gross debt,AUTO_CANDIDATE,HIGH,IDB_LMW_RULE_CANDIDATE,public external debt | public external debt,OTHER,UNSPECIFIED,0,120,127,False
Short-term Public External Debt,"% of total imports, end of period",,Annual,04_External Accounts,03_External Debt,132,7,2001,2025,"Short-term public external debt is the stock of outstanding debt owed by the public sector of a country to nonresidents with an original maturity of one year or less. It covers obligations such as loans, trade credits, deposits and other financial liabilities denominated in foreign or domestic currency, provided the creditors are abroad. This indicator highlights the short-term external borrowing of the public sector and its exposure to rollover risk. The definition may vary by country.",INDEC - Argentina,2026-07-16,fee7ae8a7ab60ba7,GGDBTEXTLCN,External gross debt,AUTO_CANDIDATE,HIGH,IDB_LMW_RULE_CANDIDATE,public external debt | public external debt,OTHER,UNSPECIFIED,0,120,127,False
Short-term Public External Debt,"% of total exports, avg. of period",,Annual,04_External Accounts,03_External Debt,131,7,2001,2025,"Short-term public external debt is the stock of outstanding debt owed by the public sector of a country to nonresidents with an original maturity of one year or less. It covers obligations such as loans, trade credits, deposits and other financial liabilities denominated in foreign or domestic currency, provided the creditors are abroad. This indicator highlights the short-term external borrowing of the public sector and its exposure to rollover risk. The definition may vary by country.",INDEC - Argentina,2026-07-16,507a83116142022a,GGDBTEXTLCN,External gross debt,AUTO_CANDIDATE,HIGH,IDB_LMW_RULE_CANDIDATE,public external debt | public external debt,OTHER,UNSPECIFIED,0,120,127,False
Short-term Public External Debt,"% of total imports, avg. of period",,Annual,04_External Accounts,03_External Debt,131,7,2001,2025,"Short-term public external debt is the stock of outstanding debt owed by the public sector of a country to nonresidents with an original maturity of one year or less. It covers obligations such as loans, trade credits, deposits and other financial liabilities denominated in foreign or domestic currency, provided the creditors are abroad. This indicator highlights the short-term external borrowing of the public sector and its exposure to rollover risk. The definition may vary by country.",INDEC - Argentina,2026-07-16,f36c121ca2c0eb94,GGDBTEXTLCN,External gross debt,AUTO_CANDIDATE,HIGH,IDB_LMW_RULE_CANDIDATE,public external debt | public external debt,OTHER,UNSPECIFIED,0,120,127,False
External Public Debt,"% of total external debt, avg. of period",,Annual,03_Fiscal Accounts and Public Debt,01_Central Government,75,7,2001,2025,"External Public Debt (Central Government) refers to the outstanding stock of public debt contracted by the central government with non-resident creditors. It includes external loans, bonds, and other financial obligations held by foreign entities. This indicator reflects the government’s reliance on external financing and exposure to international financial conditions.",Ministerio de Economía de Argentina,2026-07-16,1a7028f2b5ae0bdc,GGDBTEXTLCN,External gross debt,AUTO_CANDIDATE,HIGH,IDB_LMW_RULE_CANDIDATE,external public debt | external public debt,OTHER,UNSPECIFIED,0,120,127,False
Public External Debt,"fiscal year (Q4–Q3 aggregation), end of period",,Annual,04_External Accounts,03_External Debt,123,5,1991,2025,"Public external debt is the stock of outstanding debt owed by the public sector of a country to nonresidents. It includes the obligations of all entities that report under public external debt statistics, such as the central government, local governments and public enterprises. These obligations may take the form of loans, bonds or other financial liabilities denominated in foreign or domestic currency, provided the creditors are abroad. This indicator reflects the external borrowing of the public sector and its exposure to foreign financial risks. The definition may vary by country.",INDEC - Argentina,2026-07-16,58fbaf3d458ab2cd,GGDBTEXTLCN,External gross debt,AUTO_CANDIDATE,HIGH,IDB_LMW_RULE_CANDIDATE,public external debt | public external debt,OTHER,UNSPECIFIED,0,120,125,False
External Public Debt,fiscal year (Q4–Q3 aggregation),,Annual,03_Fiscal Accounts and Public Debt,03_Non Financial Public Sector,117,5,2000,2025,"External Public Debt (Non-Financial Public Sector) refers to the outstanding stock of public debt contracted by the non-financial public sector with non-resident creditors. It includes external loans, bonds, and other financial obligations held by foreign entities. This indicator reflects the government’s reliance on external financing and exposure to international financial conditions.",Ministerio de Economía y Finanzas Públicas de Bolivia,2026-07-16,0744096708c07781,GGDBTEXTLCN,External gross debt,AUTO_CANDIDATE,HIGH,IDB_LMW_RULE_CANDIDATE,external public debt | external public debt,OTHER,UNSPECIFIED,0,120,125,False
Public External Debt,"fiscal year (Q4–Q3 aggregation), avg. of period",,Annual,04_External Accounts,03_External Debt,104,4,1991,2025,"Public external debt is the stock of outstanding debt owed by the public sector of a country to nonresidents. It includes the obligations of all entities that report under public external debt statistics, such as the central government, local governments and public enterprises. These obligations may take the form of loans, bonds or other financial liabilities denominated in foreign or domestic currency, provided the creditors are abroad. This indicator reflects the external borrowing of the public sector and its exposure to foreign financial risks. The definition may vary by country.",The Central Bank of Belize,2026-07-16,326dc077b9d0fa43,GGDBTEXTLCN,External gross debt,AUTO_CANDIDATE,HIGH,IDB_LMW_RULE_CANDIDATE,public external debt | public external debt,OTHER,UNSPECIFIED,0,120,124,False
External Public Debt,"fiscal year (Q4–Q3 aggregation), end of period",,Annual,03_Fiscal Accounts and Public Debt,03_Non Financial Public Sector,81,4,1999,2025,"External Public Debt (Non-Financial Public Sector) refers to the outstanding stock of public debt contracted by the non-financial public sector with non-resident creditors. It includes external loans, bonds, and other financial obligations held by foreign entities. This indicator reflects the government’s reliance on external financing and exposure to international financial conditions.",Ministerio de Economía y Hacienda de Rep. Dominicana,2026-07-16,ae2475eeaffe90af,GGDBTEXTLCN,External gross debt,AUTO_CANDIDATE,HIGH,IDB_LMW_RULE_CANDIDATE,external public debt | external public debt,OTHER,UNSPECIFIED,0,120,124,False
Short-term Public External Debt,fiscal year (Q4–Q3 aggregation),,Annual,04_External Accounts,03_External Debt,73,4,2004,2025,"Short-term public external debt is the stock of outstanding debt owed by the public sector of a country to nonresidents with an original maturity of one year or less. It covers obligations such as loans, trade credits, deposits and other financial liabilities denominated in foreign or domestic currency, provided the creditors are abroad. This indicator highlights the short-term external borrowing of the public sector and its exposure to rollover risk. The definition may vary by country.",INDEC - Argentina,2026-07-16,644d7e632da85f3a,GGDBTEXTLCN,External gross debt,AUTO_CANDIDATE,HIGH,IDB_LMW_RULE_CANDIDATE,public external debt | public external debt,OTHER,UNSPECIFIED,0,120,124,False
External Public Debt,"fiscal year (Q4–Q3 aggregation), avg. of period",,Annual,03_Fiscal Accounts and Public Debt,03_Non Financial Public Sector,85,3,1991,2025,"External Public Debt (Non-Financial Public Sector) refers to the outstanding stock of public debt contracted by the non-financial public sector with non-resident creditors. It includes external loans, bonds, and other financial obligations held by foreign entities. This indicator reflects the government’s reliance on external financing and exposure to international financial conditions.",Ministerio de Economía y Finanzas de Ecuador,2026-07-16,49563495001ae1e7,GGDBTEXTLCN,External gross debt,AUTO_CANDIDATE,HIGH,IDB_LMW_RULE_CANDIDATE,external public debt | external public debt,OTHER,UNSPECIFIED,0,120,123,False
External Public Debt,fiscal year (Q4–Q3 aggregation),,Annual,03_Fiscal Accounts and Public Debt,01_Central Government,55,3,1999,2025,"External Public Debt (Central Government) refers to the outstanding stock of public debt contracted by the central government with non-resident creditors. It includes external loans, bonds, and other financial obligations held by foreign entities. This indicator reflects the government’s reliance on external financing and exposure to international financial conditions.",Ministerio de Economía de Argentina,2026-07-16,383ce85f54d369a8,GGDBTEXTLCN,External gross debt,AUTO_CANDIDATE,HIGH,IDB_LMW_RULE_CANDIDATE,external public debt | external public debt,OTHER,UNSPECIFIED,0,120,123,False
Short-term Public External Debt,"fiscal year (Q4–Q3 aggregation), avg. of period",,Annual,04_External Accounts,03_External Debt,55,3,2002,2025,"Short-term public external debt is the stock of outstanding debt owed by the public sector of a country to nonresidents with an original maturity of one year or less. It covers obligations such as loans, trade credits, deposits and other financial liabilities denominated in foreign or domestic currency, provided the creditors are abroad. This indicator highlights the short-term external borrowing of the public sector and its exposure to rollover risk. The definition may vary by country.",Banco Central de Chile,2026-07-16,c9e4a2665db7ecdb,GGDBTEXTLCN,External gross debt,AUTO_CANDIDATE,HIGH,IDB_LMW_RULE_CANDIDATE,public external debt | public external debt,OTHER,UNSPECIFIED,0,120,123,False
Short-term Public External Debt,"fiscal year (Q4–Q3 aggregation), end of period",,Annual,04_External Accounts,03_External Debt,55,3,2002,2025,"Short-term public external debt is the stock of outstanding debt owed by the public sector of a country to nonresidents with an original maturity of one year or less. It covers obligations such as loans, trade credits, deposits and other financial liabilities denominated in foreign or domestic currency, provided the creditors are abroad. This indicator highlights the short-term external borrowing of the public sector and its exposure to rollover risk. The definition may vary by country.",Banco Central de Chile,2026-07-16,4b1c7f83ca20b63b,GGDBTEXTLCN,External gross debt,AUTO_CANDIDATE,HIGH,IDB_LMW_RULE_CANDIDATE,public external debt | public external debt,OTHER,UNSPECIFIED,0,120,123,False
External Public Debt,"% of total external debt, avg. of period",,Annual,03_Fiscal Accounts and Public Debt,02_General Government,53,3,2002,2026,"External Public Debt (General Government) refers to the outstanding stock of public debt contracted by the general government with non-resident creditors. It includes external loans, bonds, and other financial obligations held by foreign entities. This indicator reflects the government’s reliance on external financing and exposure to international financial conditions.",Tesouro Nacional do Brasil,2026-07-16,ef4d1f2e97a4fa57,GGDBTEXTLCN,External gross debt,AUTO_CANDIDATE,HIGH,IDB_LMW_RULE_CANDIDATE,external public debt | external public debt,OTHER,UNSPECIFIED,0,120,123,False
External Public Debt,"% of total external debt, end of period",,Annual,03_Fiscal Accounts and Public Debt,02_General Government,52,3,2002,2025,"External Public Debt (General Government) refers to the outstanding stock of public debt contracted by the general government with non-resident creditors. It includes external loans, bonds, and other financial obligations held by foreign entities. This indicator reflects the government’s reliance on external financing and exposure to international financial conditions.",Tesouro Nacional do Brasil,2026-07-16,9a021a48908c25b7,GGDBTEXTLCN,External gross debt,AUTO_CANDIDATE,HIGH,IDB_LMW_RULE_CANDIDATE,external public debt | external public debt,OTHER,UNSPECIFIED,0,120,123,False
External Public Debt,fiscal year (Q4–Q3 aggregation),,Annual,03_Fiscal Accounts and Public Debt,02_General Government,32,2,2003,2025,"External Public Debt (General Government) refers to the outstanding stock of public debt contracted by the general government with non-resident creditors. It includes external loans, bonds, and other financial obligations held by foreign entities. This indicator reflects the government’s reliance on external financing and exposure to international financial conditions.",Tesouro Nacional do Brasil,2026-07-16,9d35ebf25e832a67,GGDBTEXTLCN,External gross debt,AUTO_CANDIDATE,HIGH,IDB_LMW_RULE_CANDIDATE,external public debt | external public debt,OTHER,UNSPECIFIED,0,120,122,False
External Public Debt,% of total external debt,,Annual,03_Fiscal Accounts and Public Debt,03_Non Financial Public Sector,18,1,2008,2025,"External Public Debt (Non-Financial Public Sector) refers to the outstanding stock of public debt contracted by the non-financial public sector with non-resident creditors. It includes external loans, bonds, and other financial obligations held by foreign entities. This indicator reflects the government’s reliance on external financing and exposure to international financial conditions.",Ministerio de Economía y Finanzas de Paraguay,2026-07-16,331891f1dfa7b62d,GGDBTEXTLCN,External gross debt,AUTO_CANDIDATE,HIGH,IDB_LMW_RULE_CANDIDATE,external public debt | external public debt,OTHER,UNSPECIFIED,0,120,121,False
External Public Debt,"fiscal year (Q4–Q3 aggregation), avg. of period",,Annual,03_Fiscal Accounts and Public Debt,02_General Government,17,1,2009,2025,"External Public Debt (General Government) refers to the outstanding stock of public debt contracted by the general government with non-resident creditors. It includes external loans, bonds, and other financial obligations held by foreign entities. This indicator reflects the government’s reliance on external financing and exposure to international financial conditions.",Ministerio de Hacienda de Costa Rica,2026-08-03,22dc64bfbf09c6ee,GGDBTEXTLCN,External gross debt,AUTO_CANDIDATE,HIGH,IDB_LMW_RULE_CANDIDATE,external public debt | external public debt,OTHER,UNSPECIFIED,0,120,121,False
External Public Debt,"fiscal year (Q4–Q3 aggregation), end of period",,Annual,03_Fiscal Accounts and Public Debt,02_General Government,17,1,2009,2025,"External Public Debt (General Government) refers to the outstanding stock of public debt contracted by the general government with non-resident creditors. It includes external loans, bonds, and other financial obligations held by foreign entities. This indicator reflects the government’s reliance on external financing and exposure to international financial conditions.",Ministerio de Hacienda de Costa Rica,2026-08-03,17259a4ad80d5d55,GGDBTEXTLCN,External gross debt,AUTO_CANDIDATE,HIGH,IDB_LMW_RULE_CANDIDATE,external public debt | external public debt,OTHER,UNSPECIFIED,0,120,121,False
External Public Debt,% of total external debt,,Annual,03_Fiscal Accounts and Public Debt,01_Central Government,10,1,2016,2025,"External Public Debt (Central Government) refers to the outstanding stock of public debt contracted by the central government with non-resident creditors. It includes external loans, bonds, and other financial obligations held by foreign entities. This indicator reflects the government’s reliance on external financing and exposure to international financial conditions.",Secretaria de Finanzas de Honduras,2026-07-16,fb2805b657ceee01,GGDBTEXTLCN,External gross debt,AUTO_CANDIDATE,HIGH,IDB_LMW_RULE_CANDIDATE,external public debt | external public debt,OTHER,UNSPECIFIED,0,120,121,False
Public External Debt,"millions of USD, end of period",YoY %,Annual,04_External Accounts,03_External Debt,315,14,1991,2025,"Public external debt is the stock of outstanding debt owed by the public sector of a country to nonresidents. It includes the obligations of all entities that report under public external debt statistics, such as the central government, local governments and public enterprises. These obligations may take the form of loans, bonds or other financial liabilities denominated in foreign or domestic currency, provided the creditors are abroad. This indicator reflects the external borrowing of the public sector and its exposure to foreign financial risks. The definition may vary by country.",INDEC - Argentina,2026-07-16,c4b4018be986edc6,GGDBTEXTLCN,External gross debt,AUTO_CANDIDATE,HIGH,IDB_LMW_RULE_CANDIDATE,public external debt | public external debt,TRANSFORMED_NONLEVEL,UNSPECIFIED,-280,120,-146,False
Public External Debt,"millions of USD, avg. of period",YoY %,Annual,04_External Accounts,03_External Debt,311,14,1991,2025,"Public external debt is the stock of outstanding debt owed by the public sector of a country to nonresidents. It includes the obligations of all entities that report under public external debt statistics, such as the central government, local governments and public enterprises. These obligations may take the form of loans, bonds or other financial liabilities denominated in foreign or domestic currency, provided the creditors are abroad. This indicator reflects the external borrowing of the public sector and its exposure to foreign financial risks. The definition may vary by country.",INDEC - Argentina,2026-07-16,fec88d78db228b23,GGDBTEXTLCN,External gross debt,AUTO_CANDIDATE,HIGH,IDB_LMW_RULE_CANDIDATE,public external debt | public external debt,TRANSFORMED_NONLEVEL,UNSPECIFIED,-280,120,-146,False
External Public Debt,"millions of USD, end of period",YoY %,Annual,03_Fiscal Accounts and Public Debt,01_Central Government,160,11,1996,2025,"External Public Debt (Central Government) refers to the outstanding stock of public debt contracted by the central government with non-resident creditors. It includes external loans, bonds, and other financial obligations held by foreign entities. This indicator reflects the government’s reliance on external financing and exposure to international financial conditions.",Ministerio de Economía de Argentina,2026-07-16,6c1be61a6b7f86b8,GGDBTEXTLCN,External gross debt,AUTO_CANDIDATE,HIGH,IDB_LMW_RULE_CANDIDATE,external public debt | external public debt,TRANSFORMED_NONLEVEL,UNSPECIFIED,-280,120,-149,False
External Public Debt,"millions of USD, avg. of period",YoY %,Annual,03_Fiscal Accounts and Public Debt,01_Central Government,149,10,1996,2026,"External Public Debt (Central Government) refers to the outstanding stock of public debt contracted by the central government with non-resident creditors. It includes external loans, bonds, and other financial obligations held by foreign entities. This indicator reflects the government’s reliance on external financing and exposure to international financial conditions.",Ministerio de Economía de Argentina,2026-07-16,f4d61fffd1b215b1,GGDBTEXTLCN,External gross debt,AUTO_CANDIDATE,HIGH,IDB_LMW_RULE_CANDIDATE,external public debt | external public debt,TRANSFORMED_NONLEVEL,UNSPECIFIED,-280,120,-150,False
External Public Debt,"millions of USD, end of period",YoY %,Annual,03_Fiscal Accounts and Public Debt,03_Non Financial Public Sector,225,9,1991,2025,"External Public Debt (Non-Financial Public Sector) refers to the outstanding stock of public debt contracted by the non-financial public sector with non-resident creditors. It includes external loans, bonds, and other financial obligations held by foreign entities. This indicator reflects the government’s reliance on external financing and exposure to international financial conditions.",Ministerio de Economía y Finanzas Públicas de Bolivia,2026-07-16,81b1a2b61656d5a9,GGDBTEXTLCN,External gross debt,AUTO_CANDIDATE,HIGH,IDB_LMW_RULE_CANDIDATE,external public debt | external public debt,TRANSFORMED_NONLEVEL,UNSPECIFIED,-280,120,-151,False
External Public Debt,"millions of USD, avg. of period",YoY %,Annual,03_Fiscal Accounts and Public Debt,03_Non Financial Public Sector,212,9,1991,2025,"External Public Debt (Non-Financial Public Sector) refers to the outstanding stock of public debt contracted by the non-financial public sector with non-resident creditors. It includes external loans, bonds, and other financial obligations held by foreign entities. This indicator reflects the government’s reliance on external financing and exposure to international financial conditions.",Ministerio de Economía y Finanzas Públicas de Bolivia,2026-07-16,732e77793e9c40bc,GGDBTEXTLCN,External gross debt,AUTO_CANDIDATE,HIGH,IDB_LMW_RULE_CANDIDATE,external public debt | external public debt,TRANSFORMED_NONLEVEL,UNSPECIFIED,-280,120,-151,False
Short-term Public External Debt,"millions of USD, avg. of period",YoY %,Annual,04_External Accounts,03_External Debt,125,7,2002,2025,"Short-term public external debt is the stock of outstanding debt owed by the public sector of a country to nonresidents with an original maturity of one year or less. It covers obligations such as loans, trade credits, deposits and other financial liabilities denominated in foreign or domestic currency, provided the creditors are abroad. This indicator highlights the short-term external borrowing of the public sector and its exposure to rollover risk. The definition may vary by country.",INDEC - Argentina,2026-07-16,da31882c27cc9b9c,GGDBTEXTLCN,External gross debt,AUTO_CANDIDATE,HIGH,IDB_LMW_RULE_CANDIDATE,public external debt | public external debt,TRANSFORMED_NONLEVEL,UNSPECIFIED,-280,120,-153,False
Short-term Public External Debt,"millions of USD, end of period",YoY %,Annual,04_External Accounts,03_External Debt,125,7,2001,2025,"Short-term public external debt is the stock of outstanding debt owed by the public sector of a country to nonresidents with an original maturity of one year or less. It covers obligations such as loans, trade credits, deposits and other financial liabilities denominated in foreign or domestic currency, provided the creditors are abroad. This indicator highlights the short-term external borrowing of the public sector and its exposure to rollover risk. The definition may vary by country.",INDEC - Argentina,2026-07-16,72d7abe0f5156581,GGDBTEXTLCN,External gross debt,AUTO_CANDIDATE,HIGH,IDB_LMW_RULE_CANDIDATE,public external debt | public external debt,TRANSFORMED_NONLEVEL,UNSPECIFIED,-280,120,-153,False
External Public Debt,"millions of USD, avg. of period",YoY %,Annual,03_Fiscal Accounts and Public Debt,02_General Government,50,3,2003,2026,"External Public Debt (General Government) refers to the outstanding stock of public debt contracted by the general government with non-resident creditors. It includes external loans, bonds, and other financial obligations held by foreign entities. This indicator reflects the government’s reliance on external financing and exposure to international financial conditions.",Tesouro Nacional do Brasil,2026-07-16,1085ff57826fbe87,GGDBTEXTLCN,External gross debt,AUTO_CANDIDATE,HIGH,IDB_LMW_RULE_CANDIDATE,external public debt | external public debt,TRANSFORMED_NONLEVEL,UNSPECIFIED,-280,120,-157,False
External Public Debt,"millions of USD, end of period",YoY %,Annual,03_Fiscal Accounts and Public Debt,02_General Government,50,3,2003,2026,"External Public Debt (General Government) refers to the outstanding stock of public debt contracted by the general government with non-resident creditors. It includes external loans, bonds, and other financial obligations held by foreign entities. This indicator reflects the government’s reliance on external financing and exposure to international financial conditions.",Tesouro Nacional do Brasil,2026-07-16,87b971313d27ec27,GGDBTEXTLCN,External gross debt,AUTO_CANDIDATE,HIGH,IDB_LMW_RULE_CANDIDATE,external public debt | external public debt,TRANSFORMED_NONLEVEL,UNSPECIFIED,-280,120,-157,False
External Public Debt,millions of USD,YoY %,Annual,03_Fiscal Accounts and Public Debt,03_Non Financial Public Sector,21,1,2005,2025,"External Public Debt (Non-Financial Public Sector) refers to the outstanding stock of public debt contracted by the non-financial public sector with non-resident creditors. It includes external loans, bonds, and other financial obligations held by foreign entities. This indicator reflects the government’s reliance on external financing and exposure to international financial conditions.",Ministerio de Economía y Finanzas de Paraguay,2026-07-16,f69e37cfc594464d,GGDBTEXTLCN,External gross debt,AUTO_CANDIDATE,HIGH,IDB_LMW_RULE_CANDIDATE,external public debt | external public debt,TRANSFORMED_NONLEVEL,UNSPECIFIED,-280,120,-159,False
External Public Debt,millions of USD,YoY %,Annual,03_Fiscal Accounts and Public Debt,01_Central Government,17,1,2009,2025,"External Public Debt (Central Government) refers to the outstanding stock of public debt contracted by the central government with non-resident creditors. It includes external loans, bonds, and other financial obligations held by foreign entities. This indicator reflects the government’s reliance on external financing and exposure to international financial conditions.",Secretaria de Finanzas de Honduras,2026-07-16,62402fae811e2979,GGDBTEXTLCN,External gross debt,AUTO_CANDIDATE,HIGH,IDB_LMW_RULE_CANDIDATE,external public debt | external public debt,TRANSFORMED_NONLEVEL,UNSPECIFIED,-280,120,-159,False
Total Public Debt,"% of GDP, end of period",,Annual,03_Fiscal Accounts and Public Debt,03_Non Financial Public Sector,209,9,1993,2025,"Total Public Debt (Non-Financial Public Sector) refers to the outstanding stock of public debt contracted by the non-financial public sector, both with resident and non-resident creditors. It includes external and domestic debt instruments such as loans, bonds, and other financial obligations. This indicator reflects the overall indebtedness of the public sector and its financing needs.",Ministerio de Hacienda y Crédito Público de Colombia,2026-07-16,3c98a40667a7727c,GGDBTTOTLCN,Total gross debt,SOURCE_SPECIFIC_EXACT,HIGH,IDB_LMW_SOURCE_EXACT,total public debt,PCT_GDP,UNSPECIFIED,60,500,1569,False
Total Public Debt,"% of GDP, avg. of period",,Annual,03_Fiscal Accounts and Public Debt,03_Non Financial Public Sector,207,9,1993,2025,"Total Public Debt (Non-Financial Public Sector) refers to the outstanding stock of public debt contracted by the non-financial public sector, both with resident and non-resident creditors. It includes external and domestic debt instruments such as loans, bonds, and other financial obligations. This indicator reflects the overall indebtedness of the public sector and its financing needs.",Ministerio de Hacienda y Crédito Público de Colombia,2026-07-16,06d30771d7ba8bfe,GGDBTTOTLCN,Total gross debt,SOURCE_SPECIFIC_EXACT,HIGH,IDB_LMW_SOURCE_EXACT,total public debt,PCT_GDP,UNSPECIFIED,60,500,1569,False
Total Public Debt,"% of GDP, end of period",,Annual,03_Fiscal Accounts and Public Debt,01_Central Government,130,9,1995,2025,"Total Public Debt (Central Government) refers to the outstanding stock of public debt contracted by the central government, both with resident and non-resident creditors. It includes external and domestic debt instruments such as loans, bonds, and other financial obligations. This indicator reflects the overall indebtedness of the government and its financing needs.",Ministerio de Economía de Argentina,2026-07-16,2a7b266c0aa4be38,GGDBTTOTLCN,Total gross debt,SOURCE_SPECIFIC_EXACT,HIGH,IDB_LMW_SOURCE_EXACT,total public debt,PCT_GDP,UNSPECIFIED,60,500,1569,False
Total Public Debt,"% of GDP, avg. of period",,Annual,03_Fiscal Accounts and Public Debt,01_Central Government,119,8,1995,2025,"Total Public Debt (Central Government) refers to the outstanding stock of public debt contracted by the central government, both with resident and non-resident creditors. It includes external and domestic debt instruments such as loans, bonds, and other financial obligations. This indicator reflects the overall indebtedness of the government and its financing needs.",Ministerio de Economía de Argentina,2026-07-16,dcfde09930775706,GGDBTTOTLCN,Total gross debt,SOURCE_SPECIFIC_EXACT,HIGH,IDB_LMW_SOURCE_EXACT,total public debt,PCT_GDP,UNSPECIFIED,60,500,1568,False
Total Public Debt,"% of GDP, end of period",,Annual,03_Fiscal Accounts and Public Debt,02_General Government,56,3,1998,2025,"Total Public Debt (General Government) refers to the outstanding stock of public debt contracted by the general government, both with resident and non-resident creditors. It includes external and domestic debt instruments such as loans, bonds, and other financial obligations. This indicator reflects the overall indebtedness of the government and its financing needs.",Tesouro Nacional do Brasil,2026-07-16,46e5f56f0ab4d2b0,GGDBTTOTLCN,Total gross debt,SOURCE_SPECIFIC_EXACT,HIGH,IDB_LMW_SOURCE_EXACT,total public debt,PCT_GDP,UNSPECIFIED,60,500,1563,False
Total Public Debt,"% of GDP, avg. of period",,Annual,03_Fiscal Accounts and Public Debt,02_General Government,55,3,1999,2025,"Total Public Debt (General Government) refers to the outstanding stock of public debt contracted by the general government, both with resident and non-resident creditors. It includes external and domestic debt instruments such as loans, bonds, and other financial obligations. This indicator reflects the overall indebtedness of the government and its financing needs.",Tesouro Nacional do Brasil,2026-07-16,d01f52093bf9aa6e,GGDBTTOTLCN,Total gross debt,SOURCE_SPECIFIC_EXACT,HIGH,IDB_LMW_SOURCE_EXACT,total public debt,PCT_GDP,UNSPECIFIED,60,500,1563,False
Total Public Debt,% of GDP,,Annual,03_Fiscal Accounts and Public Debt,03_Non Financial Public Sector,22,1,2004,2025,"Total Public Debt (Non-Financial Public Sector) refers to the outstanding stock of public debt contracted by the non-financial public sector, both with resident and non-resident creditors. It includes external and domestic debt instruments such as loans, bonds, and other financial obligations. This indicator reflects the overall indebtedness of the public sector and its financing needs.",Ministerio de Economía y Finanzas de Paraguay,2026-07-16,52a6e75078fd98b7,GGDBTTOTLCN,Total gross debt,SOURCE_SPECIFIC_EXACT,HIGH,IDB_LMW_SOURCE_EXACT,total public debt,PCT_GDP,UNSPECIFIED,60,500,1561,False
Total Public Debt,% of GDP,,Annual,03_Fiscal Accounts and Public Debt,01_Central Government,18,1,2008,2025,"Total Public Debt (Central Government) refers to the outstanding stock of public debt contracted by the central government, both with resident and non-resident creditors. It includes external and domestic debt instruments such as loans, bonds, and other financial obligations. This indicator reflects the overall indebtedness of the government and its financing needs.",Secretaria de Finanzas de Honduras,2026-07-16,4d62bfea5c7c9a9d,GGDBTTOTLCN,Total gross debt,SOURCE_SPECIFIC_EXACT,HIGH,IDB_LMW_SOURCE_EXACT,total public debt,PCT_GDP,UNSPECIFIED,60,500,1561,False
Total Public Debt,"millions of USD, end of period",,Annual,03_Fiscal Accounts and Public Debt,03_Non Financial Public Sector,226,9,1990,2025,"Total Public Debt (Non-Financial Public Sector) refers to the outstanding stock of public debt contracted by the non-financial public sector, both with resident and non-resident creditors. It includes external and domestic debt instruments such as loans, bonds, and other financial obligations. This indicator reflects the overall indebtedness of the public sector and its financing needs.",Ministerio de Hacienda y Crédito Público de Colombia,2026-07-16,19dff7bd304908cd,GGDBTTOTLCN,Total gross debt,SOURCE_SPECIFIC_EXACT,HIGH,IDB_LMW_SOURCE_EXACT,total public debt,CURRENT_USD,UNSPECIFIED,20,500,1529,False
Total Public Debt,"millions of USD, avg. of period",,Annual,03_Fiscal Accounts and Public Debt,03_Non Financial Public Sector,213,9,1990,2025,"Total Public Debt (Non-Financial Public Sector) refers to the outstanding stock of public debt contracted by the non-financial public sector, both with resident and non-resident creditors. It includes external and domestic debt instruments such as loans, bonds, and other financial obligations. This indicator reflects the overall indebtedness of the public sector and its financing needs.",Ministerio de Hacienda y Crédito Público de Colombia,2026-07-16,fbb7ed46f27a5d6a,GGDBTTOTLCN,Total gross debt,SOURCE_SPECIFIC_EXACT,HIGH,IDB_LMW_SOURCE_EXACT,total public debt,CURRENT_USD,UNSPECIFIED,20,500,1529,False
Total Public Debt,"millions of USD, end of period",,Annual,03_Fiscal Accounts and Public Debt,01_Central Government,139,9,1995,2025,"Total Public Debt (Central Government) refers to the outstanding stock of public debt contracted by the central government, both with resident and non-resident creditors. It includes external and domestic debt instruments such as loans, bonds, and other financial obligations. This indicator reflects the overall indebtedness of the government and its financing needs.",Ministerio de Economía de Argentina,2026-07-16,edd79e9eb92478d0,GGDBTTOTLCN,Total gross debt,SOURCE_SPECIFIC_EXACT,HIGH,IDB_LMW_SOURCE_EXACT,total public debt,CURRENT_USD,UNSPECIFIED,20,500,1529,False
Total Public Debt,"millions of USD, avg. of period",,Annual,03_Fiscal Accounts and Public Debt,01_Central Government,128,8,1995,2025,"Total Public Debt (Central Government) refers to the outstanding stock of public debt contracted by the central government, both with resident and non-resident creditors. It includes external and domestic debt instruments such as loans, bonds, and other financial obligations. This indicator reflects the overall indebtedness of the government and its financing needs.",Ministerio de Economía de Argentina,2026-07-16,faf880feaf042bb2,GGDBTTOTLCN,Total gross debt,SOURCE_SPECIFIC_EXACT,HIGH,IDB_LMW_SOURCE_EXACT,total public debt,CURRENT_USD,UNSPECIFIED,20,500,1528,False
Total Public Debt,"millions of USD, end of period",,Annual,03_Fiscal Accounts and Public Debt,02_General Government,57,3,1998,2025,"Total Public Debt (General Government) refers to the outstanding stock of public debt contracted by the general government, both with resident and non-resident creditors. It includes external and domestic debt instruments such as loans, bonds, and other financial obligations. This indicator reflects the overall indebtedness of the government and its financing needs.",Tesouro Nacional do Brasil,2026-07-16,6628c63bc1053864,GGDBTTOTLCN,Total gross debt,SOURCE_SPECIFIC_EXACT,HIGH,IDB_LMW_SOURCE_EXACT,total public debt,CURRENT_USD,UNSPECIFIED,20,500,1523,False
Total Public Debt,"millions of USD, avg. of period",,Annual,03_Fiscal Accounts and Public Debt,02_General Government,56,3,1999,2025,"Total Public Debt (General Government) refers to the outstanding stock of public debt contracted by the general government, both with resident and non-resident creditors. It includes external and domestic debt instruments such as loans, bonds, and other financial obligations. This indicator reflects the overall indebtedness of the government and its financing needs.",Tesouro Nacional do Brasil,2026-07-16,ec07ae9074482c50,GGDBTTOTLCN,Total gross debt,SOURCE_SPECIFIC_EXACT,HIGH,IDB_LMW_SOURCE_EXACT,total public debt,CURRENT_USD,UNSPECIFIED,20,500,1523,False
Total Public Debt,millions of USD,,Annual,03_Fiscal Accounts and Public Debt,03_Non Financial Public Sector,22,1,2004,2025,"Total Public Debt (Non-Financial Public Sector) refers to the outstanding stock of public debt contracted by the non-financial public sector, both with resident and non-resident creditors. It includes external and domestic debt instruments such as loans, bonds, and other financial obligations. This indicator reflects the overall indebtedness of the public sector and its financing needs.",Ministerio de Economía y Finanzas de Paraguay,2026-07-16,5062856758ce17c9,GGDBTTOTLCN,Total gross debt,SOURCE_SPECIFIC_EXACT,HIGH,IDB_LMW_SOURCE_EXACT,total public debt,CURRENT_USD,UNSPECIFIED,20,500,1521,False
Total Public Debt,millions of USD,,Annual,03_Fiscal Accounts and Public Debt,01_Central Government,18,1,2008,2025,"Total Public Debt (Central Government) refers to the outstanding stock of public debt contracted by the central government, both with resident and non-resident creditors. It includes external and domestic debt instruments such as loans, bonds, and other financial obligations. This indicator reflects the overall indebtedness of the government and its financing needs.",Secretaria de Finanzas de Honduras,2026-07-16,a17725d8397c3a2b,GGDBTTOTLCN,Total gross debt,SOURCE_SPECIFIC_EXACT,HIGH,IDB_LMW_SOURCE_EXACT,total public debt,CURRENT_USD,UNSPECIFIED,20,500,1521,False
Total Public Debt,"fiscal year (Q4–Q3 aggregation), avg. of period",,Annual,03_Fiscal Accounts and Public Debt,01_Central Government,103,6,1996,2025,"Total Public Debt (Central Government) refers to the outstanding stock of public debt contracted by the central government, both with resident and non-resident creditors. It includes external and domestic debt instruments such as loans, bonds, and other financial obligations. This indicator reflects the overall indebtedness of the government and its financing needs.",IRC - Relación con inversionistas de Colombia,2026-07-16,a3bf1cdffbe8c07e,GGDBTTOTLCN,Total gross debt,SOURCE_SPECIFIC_EXACT,HIGH,IDB_LMW_SOURCE_EXACT,total public debt,OTHER,UNSPECIFIED,0,500,1506,False
Total Public Debt,"fiscal year (Q4–Q3 aggregation), end of period",,Annual,03_Fiscal Accounts and Public Debt,01_Central Government,103,6,1996,2025,"Total Public Debt (Central Government) refers to the outstanding stock of public debt contracted by the central government, both with resident and non-resident creditors. It includes external and domestic debt instruments such as loans, bonds, and other financial obligations. This indicator reflects the overall indebtedness of the government and its financing needs.",IRC - Relación con inversionistas de Colombia,2026-07-16,9758cc6fb19c3f44,GGDBTTOTLCN,Total gross debt,SOURCE_SPECIFIC_EXACT,HIGH,IDB_LMW_SOURCE_EXACT,total public debt,OTHER,UNSPECIFIED,0,500,1506,False
Total Public Debt,"fiscal year (Q4–Q3 aggregation), end of period",,Annual,03_Fiscal Accounts and Public Debt,03_Non Financial Public Sector,96,5,1999,2025,"Total Public Debt (Non-Financial Public Sector) refers to the outstanding stock of public debt contracted by the non-financial public sector, both with resident and non-resident creditors. It includes external and domestic debt instruments such as loans, bonds, and other financial obligations. This indicator reflects the overall indebtedness of the public sector and its financing needs.",Ministerio de Economía y Hacienda de Rep. Dominicana,2026-07-16,1735424a50aa1e8b,GGDBTTOTLCN,Total gross debt,SOURCE_SPECIFIC_EXACT,HIGH,IDB_LMW_SOURCE_EXACT,total public debt,OTHER,UNSPECIFIED,0,500,1505,False
Total Public Debt,fiscal year (Q4–Q3 aggregation),,Annual,03_Fiscal Accounts and Public Debt,03_Non Financial Public Sector,94,4,2000,2025,"Total Public Debt (Non-Financial Public Sector) refers to the outstanding stock of public debt contracted by the non-financial public sector, both with resident and non-resident creditors. It includes external and domestic debt instruments such as loans, bonds, and other financial obligations. This indicator reflects the overall indebtedness of the public sector and its financing needs.",Ministerio de Hacienda y Crédito Público de Colombia,2026-07-16,8e4c6bcb94d05345,GGDBTTOTLCN,Total gross debt,SOURCE_SPECIFIC_EXACT,HIGH,IDB_LMW_SOURCE_EXACT,total public debt,OTHER,UNSPECIFIED,0,500,1504,False
Total Public Debt,"fiscal year (Q4–Q3 aggregation), avg. of period",,Annual,03_Fiscal Accounts and Public Debt,03_Non Financial Public Sector,84,4,1999,2025,"Total Public Debt (Non-Financial Public Sector) refers to the outstanding stock of public debt contracted by the non-financial public sector, both with resident and non-resident creditors. It includes external and domestic debt instruments such as loans, bonds, and other financial obligations. This indicator reflects the overall indebtedness of the public sector and its financing needs.",Ministerio de Economía y Finanzas de Ecuador,2026-07-16,24a9673eba424976,GGDBTTOTLCN,Total gross debt,SOURCE_SPECIFIC_EXACT,HIGH,IDB_LMW_SOURCE_EXACT,total public debt,OTHER,UNSPECIFIED,0,500,1504,False
Total Public Debt,fiscal year (Q4–Q3 aggregation),,Annual,03_Fiscal Accounts and Public Debt,01_Central Government,55,3,1999,2025,"Total Public Debt (Central Government) refers to the outstanding stock of public debt contracted by the central government, both with resident and non-resident creditors. It includes external and domestic debt instruments such as loans, bonds, and other financial obligations. This indicator reflects the overall indebtedness of the government and its financing needs.",Ministerio de Economía de Argentina,2026-07-16,3bff0587a372f85b,GGDBTTOTLCN,Total gross debt,SOURCE_SPECIFIC_EXACT,HIGH,IDB_LMW_SOURCE_EXACT,total public debt,OTHER,UNSPECIFIED,0,500,1503,False
Total Public Debt,"fiscal year (Q4–Q3 aggregation), avg. of period",,Annual,03_Fiscal Accounts and Public Debt,02_General Government,44,2,1999,2025,"Total Public Debt (General Government) refers to the outstanding stock of public debt contracted by the general government, both with resident and non-resident creditors. It includes external and domestic debt instruments such as loans, bonds, and other financial obligations. This indicator reflects the overall indebtedness of the government and its financing needs.",Tesouro Nacional do Brasil,2026-07-16,c9049e9b366923ad,GGDBTTOTLCN,Total gross debt,SOURCE_SPECIFIC_EXACT,HIGH,IDB_LMW_SOURCE_EXACT,total public debt,OTHER,UNSPECIFIED,0,500,1502,False
Total Public Debt,"fiscal year (Q4–Q3 aggregation), end of period",,Annual,03_Fiscal Accounts and Public Debt,02_General Government,44,2,1999,2025,"Total Public Debt (General Government) refers to the outstanding stock of public debt contracted by the general government, both with resident and non-resident creditors. It includes external and domestic debt instruments such as loans, bonds, and other financial obligations. This indicator reflects the overall indebtedness of the government and its financing needs.",Tesouro Nacional do Brasil,2026-07-16,df17a89c5fa84e64,GGDBTTOTLCN,Total gross debt,SOURCE_SPECIFIC_EXACT,HIGH,IDB_LMW_SOURCE_EXACT,total public debt,OTHER,UNSPECIFIED,0,500,1502,False
Total Public Debt,fiscal year (Q4–Q3 aggregation),,Annual,03_Fiscal Accounts and Public Debt,02_General Government,10,1,2016,2025,"Total Public Debt (General Government) refers to the outstanding stock of public debt contracted by the general government, both with resident and non-resident creditors. It includes external and domestic debt instruments such as loans, bonds, and other financial obligations. This indicator reflects the overall indebtedness of the government and its financing needs.",Central Bank of Trinidad and Tobago,2026-07-16,1869bd5a394ea3ee,GGDBTTOTLCN,Total gross debt,SOURCE_SPECIFIC_EXACT,HIGH,IDB_LMW_SOURCE_EXACT,total public debt,OTHER,UNSPECIFIED,0,500,1501,False
Total Public Debt,"millions of USD, end of period",YoY %,Annual,03_Fiscal Accounts and Public Debt,03_Non Financial Public Sector,217,9,1991,2025,"Total Public Debt (Non-Financial Public Sector) refers to the outstanding stock of public debt contracted by the non-financial public sector, both with resident and non-resident creditors. It includes external and domestic debt instruments such as loans, bonds, and other financial obligations. This indicator reflects the overall indebtedness of the public sector and its financing needs.",Ministerio de Hacienda y Crédito Público de Colombia,2026-07-16,e931de20804d6fdf,GGDBTTOTLCN,Total gross debt,SOURCE_SPECIFIC_EXACT,HIGH,IDB_LMW_SOURCE_EXACT,total public debt,TRANSFORMED_NONLEVEL,UNSPECIFIED,-280,500,1229,False
Total Public Debt,"millions of USD, avg. of period",YoY %,Annual,03_Fiscal Accounts and Public Debt,03_Non Financial Public Sector,204,9,1991,2025,"Total Public Debt (Non-Financial Public Sector) refers to the outstanding stock of public debt contracted by the non-financial public sector, both with resident and non-resident creditors. It includes external and domestic debt instruments such as loans, bonds, and other financial obligations. This indicator reflects the overall indebtedness of the public sector and its financing needs.",Ministerio de Hacienda y Crédito Público de Colombia,2026-07-16,b7847c930d64436c,GGDBTTOTLCN,Total gross debt,SOURCE_SPECIFIC_EXACT,HIGH,IDB_LMW_SOURCE_EXACT,total public debt,TRANSFORMED_NONLEVEL,UNSPECIFIED,-280,500,1229,False
Total Public Debt,"millions of USD, end of period",YoY %,Annual,03_Fiscal Accounts and Public Debt,01_Central Government,133,9,1996,2025,"Total Public Debt (Central Government) refers to the outstanding stock of public debt contracted by the central government, both with resident and non-resident creditors. It includes external and domestic debt instruments such as loans, bonds, and other financial obligations. This indicator reflects the overall indebtedness of the government and its financing needs.",Ministerio de Economía de Argentina,2026-07-16,a18408e10a3c8375,GGDBTTOTLCN,Total gross debt,SOURCE_SPECIFIC_EXACT,HIGH,IDB_LMW_SOURCE_EXACT,total public debt,TRANSFORMED_NONLEVEL,UNSPECIFIED,-280,500,1229,False
Total Public Debt,"millions of USD, avg. of period",YoY %,Annual,03_Fiscal Accounts and Public Debt,01_Central Government,122,8,1996,2025,"Total Public Debt (Central Government) refers to the outstanding stock of public debt contracted by the central government, both with resident and non-resident creditors. It includes external and domestic debt instruments such as loans, bonds, and other financial obligations. This indicator reflects the overall indebtedness of the government and its financing needs.",Ministerio de Economía de Argentina,2026-07-16,d5c4c8dab6ca0d8b,GGDBTTOTLCN,Total gross debt,SOURCE_SPECIFIC_EXACT,HIGH,IDB_LMW_SOURCE_EXACT,total public debt,TRANSFORMED_NONLEVEL,UNSPECIFIED,-280,500,1228,False
Total Public Debt,"millions of USD, end of period",YoY %,Annual,03_Fiscal Accounts and Public Debt,02_General Government,54,3,1999,2025,"Total Public Debt (General Government) refers to the outstanding stock of public debt contracted by the general government, both with resident and non-resident creditors. It includes external and domestic debt instruments such as loans, bonds, and other financial obligations. This indicator reflects the overall indebtedness of the government and its financing needs.",Tesouro Nacional do Brasil,2026-07-16,2a83948a00d67d4c,GGDBTTOTLCN,Total gross debt,SOURCE_SPECIFIC_EXACT,HIGH,IDB_LMW_SOURCE_EXACT,total public debt,TRANSFORMED_NONLEVEL,UNSPECIFIED,-280,500,1223,False
Total Public Debt,"millions of USD, avg. of period",YoY %,Annual,03_Fiscal Accounts and Public Debt,02_General Government,53,3,2000,2025,"Total Public Debt (General Government) refers to the outstanding stock of public debt contracted by the general government, both with resident and non-resident creditors. It includes external and domestic debt instruments such as loans, bonds, and other financial obligations. This indicator reflects the overall indebtedness of the government and its financing needs.",Tesouro Nacional do Brasil,2026-07-16,3db751ca9853de46,GGDBTTOTLCN,Total gross debt,SOURCE_SPECIFIC_EXACT,HIGH,IDB_LMW_SOURCE_EXACT,total public debt,TRANSFORMED_NONLEVEL,UNSPECIFIED,-280,500,1223,False
Total Public Debt,millions of USD,YoY %,Annual,03_Fiscal Accounts and Public Debt,03_Non Financial Public Sector,21,1,2005,2025,"Total Public Debt (Non-Financial Public Sector) refers to the outstanding stock of public debt contracted by the non-financial public sector, both with resident and non-resident creditors. It includes external and domestic debt instruments such as loans, bonds, and other financial obligations. This indicator reflects the overall indebtedness of the public sector and its financing needs.",Ministerio de Economía y Finanzas de Paraguay,2026-07-16,79d6222e96f7a3da,GGDBTTOTLCN,Total gross debt,SOURCE_SPECIFIC_EXACT,HIGH,IDB_LMW_SOURCE_EXACT,total public debt,TRANSFORMED_NONLEVEL,UNSPECIFIED,-280,500,1221,False
Total Public Debt,millions of USD,YoY %,Annual,03_Fiscal Accounts and Public Debt,01_Central Government,17,1,2009,2025,"Total Public Debt (Central Government) refers to the outstanding stock of public debt contracted by the central government, both with resident and non-resident creditors. It includes external and domestic debt instruments such as loans, bonds, and other financial obligations. This indicator reflects the overall indebtedness of the government and its financing needs.",Secretaria de Finanzas de Honduras,2026-07-16,d376b6d28e7738dd,GGDBTTOTLCN,Total gross debt,SOURCE_SPECIFIC_EXACT,HIGH,IDB_LMW_SOURCE_EXACT,total public debt,TRANSFORMED_NONLEVEL,UNSPECIFIED,-280,500,1221,False
Total Public Debt,"% of GDP, end of period",,Annual,03_Fiscal Accounts and Public Debt,03_Non Financial Public Sector,209,9,1993,2025,"Total Public Debt (Non-Financial Public Sector) refers to the outstanding stock of public debt contracted by the non-financial public sector, both with resident and non-resident creditors. It includes external and domestic debt instruments such as loans, bonds, and other financial obligations. This indicator reflects the overall indebtedness of the public sector and its financing needs.",Ministerio de Hacienda y Crédito Público de Colombia,2026-07-16,3c98a40667a7727c,GGDBTTOTLCN,Total gross debt,AUTO_CANDIDATE,HIGH,IDB_LMW_RULE_CANDIDATE,public debt | total public debt,PCT_GDP,UNSPECIFIED,60,120,189,False
Total Public Debt,"% of GDP, avg. of period",,Annual,03_Fiscal Accounts and Public Debt,03_Non Financial Public Sector,207,9,1993,2025,"Total Public Debt (Non-Financial Public Sector) refers to the outstanding stock of public debt contracted by the non-financial public sector, both with resident and non-resident creditors. It includes external and domestic debt instruments such as loans, bonds, and other financial obligations. This indicator reflects the overall indebtedness of the public sector and its financing needs.",Ministerio de Hacienda y Crédito Público de Colombia,2026-07-16,06d30771d7ba8bfe,GGDBTTOTLCN,Total gross debt,AUTO_CANDIDATE,HIGH,IDB_LMW_RULE_CANDIDATE,public debt | total public debt,PCT_GDP,UNSPECIFIED,60,120,189,False
Total Public Debt,"% of GDP, end of period",,Annual,03_Fiscal Accounts and Public Debt,01_Central Government,130,9,1995,2025,"Total Public Debt (Central Government) refers to the outstanding stock of public debt contracted by the central government, both with resident and non-resident creditors. It includes external and domestic debt instruments such as loans, bonds, and other financial obligations. This indicator reflects the overall indebtedness of the government and its financing needs.",Ministerio de Economía de Argentina,2026-07-16,2a7b266c0aa4be38,GGDBTTOTLCN,Total gross debt,AUTO_CANDIDATE,HIGH,IDB_LMW_RULE_CANDIDATE,public debt | total public debt,PCT_GDP,UNSPECIFIED,60,120,189,False
Total Public Debt,"% of GDP, avg. of period",,Annual,03_Fiscal Accounts and Public Debt,01_Central Government,119,8,1995,2025,"Total Public Debt (Central Government) refers to the outstanding stock of public debt contracted by the central government, both with resident and non-resident creditors. It includes external and domestic debt instruments such as loans, bonds, and other financial obligations. This indicator reflects the overall indebtedness of the government and its financing needs.",Ministerio de Economía de Argentina,2026-07-16,dcfde09930775706,GGDBTTOTLCN,Total gross debt,AUTO_CANDIDATE,HIGH,IDB_LMW_RULE_CANDIDATE,public debt | total public debt,PCT_GDP,UNSPECIFIED,60,120,188,False
Total Public Debt,"% of GDP, end of period",,Annual,03_Fiscal Accounts and Public Debt,02_General Government,56,3,1998,2025,"Total Public Debt (General Government) refers to the outstanding stock of public debt contracted by the general government, both with resident and non-resident creditors. It includes external and domestic debt instruments such as loans, bonds, and other financial obligations. This indicator reflects the overall indebtedness of the government and its financing needs.",Tesouro Nacional do Brasil,2026-07-16,46e5f56f0ab4d2b0,GGDBTTOTLCN,Total gross debt,AUTO_CANDIDATE,HIGH,IDB_LMW_RULE_CANDIDATE,public debt | total public debt,PCT_GDP,UNSPECIFIED,60,120,183,False
Total Public Debt,"% of GDP, avg. of period",,Annual,03_Fiscal Accounts and Public Debt,02_General Government,55,3,1999,2025,"Total Public Debt (General Government) refers to the outstanding stock of public debt contracted by the general government, both with resident and non-resident creditors. It includes external and domestic debt instruments such as loans, bonds, and other financial obligations. This indicator reflects the overall indebtedness of the government and its financing needs.",Tesouro Nacional do Brasil,2026-07-16,d01f52093bf9aa6e,GGDBTTOTLCN,Total gross debt,AUTO_CANDIDATE,HIGH,IDB_LMW_RULE_CANDIDATE,public debt | total public debt,PCT_GDP,UNSPECIFIED,60,120,183,False
Total Public Debt,% of GDP,,Annual,03_Fiscal Accounts and Public Debt,03_Non Financial Public Sector,22,1,2004,2025,"Total Public Debt (Non-Financial Public Sector) refers to the outstanding stock of public debt contracted by the non-financial public sector, both with resident and non-resident creditors. It includes external and domestic debt instruments such as loans, bonds, and other financial obligations. This indicator reflects the overall indebtedness of the public sector and its financing needs.",Ministerio de Economía y Finanzas de Paraguay,2026-07-16,52a6e75078fd98b7,GGDBTTOTLCN,Total gross debt,AUTO_CANDIDATE,HIGH,IDB_LMW_RULE_CANDIDATE,public debt | total public debt,PCT_GDP,UNSPECIFIED,60,120,181,False
Total Public Debt,% of GDP,,Annual,03_Fiscal Accounts and Public Debt,01_Central Government,18,1,2008,2025,"Total Public Debt (Central Government) refers to the outstanding stock of public debt contracted by the central government, both with resident and non-resident creditors. It includes external and domestic debt instruments such as loans, bonds, and other financial obligations. This indicator reflects the overall indebtedness of the government and its financing needs.",Secretaria de Finanzas de Honduras,2026-07-16,4d62bfea5c7c9a9d,GGDBTTOTLCN,Total gross debt,AUTO_CANDIDATE,HIGH,IDB_LMW_RULE_CANDIDATE,public debt | total public debt,PCT_GDP,UNSPECIFIED,60,120,181,False
Domestic Public Debt,"% of GDP, end of period",,Annual,03_Fiscal Accounts and Public Debt,01_Central Government,157,11,1995,2025,"Domestic Public Debt (Central Government) refers to the outstanding stock of public debt contracted by the central government with resident creditors. It includes loans, bonds, and other financial obligations held by domestic financial institutions, companies, or individuals. This indicator reflects the government’s reliance on domestic financing and the capacity of local markets to absorb public debt.",Ministerio de Economía de Argentina,2026-07-16,1b1eace92279678b,GGDBTTOTLCN,Total gross debt,AUTO_CANDIDATE,HIGH,IDB_LMW_RULE_CANDIDATE,public debt,PCT_GDP,UNSPECIFIED,60,95,166,False
External Public Debt,"% of GDP, end of period",,Annual,03_Fiscal Accounts and Public Debt,01_Central Government,157,11,1995,2025,"External Public Debt (Central Government) refers to the outstanding stock of public debt contracted by the central government with non-resident creditors. It includes external loans, bonds, and other financial obligations held by foreign entities. This indicator reflects the government’s reliance on external financing and exposure to international financial conditions.",Ministerio de Economía de Argentina,2026-07-16,f01f7a8a7cc02480,GGDBTTOTLCN,Total gross debt,AUTO_CANDIDATE,HIGH,IDB_LMW_RULE_CANDIDATE,public debt,PCT_GDP,UNSPECIFIED,60,95,166,False
Domestic Public Debt,"% of GDP, avg. of period",,Annual,03_Fiscal Accounts and Public Debt,01_Central Government,145,10,1995,2025,"Domestic Public Debt (Central Government) refers to the outstanding stock of public debt contracted by the central government with resident creditors. It includes loans, bonds, and other financial obligations held by domestic financial institutions, companies, or individuals. This indicator reflects the government’s reliance on domestic financing and the capacity of local markets to absorb public debt.",Ministerio de Economía de Argentina,2026-07-16,a9e884c780b16c01,GGDBTTOTLCN,Total gross debt,AUTO_CANDIDATE,HIGH,IDB_LMW_RULE_CANDIDATE,public debt,PCT_GDP,UNSPECIFIED,60,95,165,False
External Public Debt,"% of GDP, avg. of period",,Annual,03_Fiscal Accounts and Public Debt,01_Central Government,145,10,1995,2025,"External Public Debt (Central Government) refers to the outstanding stock of public debt contracted by the central government with non-resident creditors. It includes external loans, bonds, and other financial obligations held by foreign entities. This indicator reflects the government’s reliance on external financing and exposure to international financial conditions.",Ministerio de Economía de Argentina,2026-07-16,76f6ef1496877641,GGDBTTOTLCN,Total gross debt,AUTO_CANDIDATE,HIGH,IDB_LMW_RULE_CANDIDATE,public debt,PCT_GDP,UNSPECIFIED,60,95,165,False
External Public Debt,"% of GDP, end of period",,Annual,03_Fiscal Accounts and Public Debt,03_Non Financial Public Sector,217,9,1993,2025,"External Public Debt (Non-Financial Public Sector) refers to the outstanding stock of public debt contracted by the non-financial public sector with non-resident creditors. It includes external loans, bonds, and other financial obligations held by foreign entities. This indicator reflects the government’s reliance on external financing and exposure to international financial conditions.",Ministerio de Economía y Finanzas Públicas de Bolivia,2026-07-16,69592ec40d65675c,GGDBTTOTLCN,Total gross debt,AUTO_CANDIDATE,HIGH,IDB_LMW_RULE_CANDIDATE,public debt,PCT_GDP,UNSPECIFIED,60,95,164,False
External Public Debt,"% of GDP, avg. of period",,Annual,03_Fiscal Accounts and Public Debt,03_Non Financial Public Sector,215,9,1993,2025,"External Public Debt (Non-Financial Public Sector) refers to the outstanding stock of public debt contracted by the non-financial public sector with non-resident creditors. It includes external loans, bonds, and other financial obligations held by foreign entities. This indicator reflects the government’s reliance on external financing and exposure to international financial conditions.",Ministerio de Economía y Finanzas Públicas de Bolivia,2026-07-16,c6cb07913ca10bd7,GGDBTTOTLCN,Total gross debt,AUTO_CANDIDATE,HIGH,IDB_LMW_RULE_CANDIDATE,public debt,PCT_GDP,UNSPECIFIED,60,95,164,False
Domestic Public Debt,"% of GDP, end of period",,Annual,03_Fiscal Accounts and Public Debt,03_Non Financial Public Sector,194,8,1993,2025,"Domestic Public Debt (Non-Financial Public Sector) refers to the outstanding stock of public debt contracted by the non-financial public sector with resident creditors. It includes loans, bonds, and other financial obligations held by domestic financial institutions, companies, or individuals. This indicator reflects the government’s reliance on domestic financing and the capacity of local markets to absorb public debt.",Ministerio de Hacienda y Crédito Público de Colombia,2026-07-16,faa82341b0ac37c0,GGDBTTOTLCN,Total gross debt,AUTO_CANDIDATE,HIGH,IDB_LMW_RULE_CANDIDATE,public debt,PCT_GDP,UNSPECIFIED,60,95,163,False
Domestic Public Debt,"% of GDP, avg. of period",,Annual,03_Fiscal Accounts and Public Debt,03_Non Financial Public Sector,192,8,1993,2025,"Domestic Public Debt (Non-Financial Public Sector) refers to the outstanding stock of public debt contracted by the non-financial public sector with resident creditors. It includes loans, bonds, and other financial obligations held by domestic financial institutions, companies, or individuals. This indicator reflects the government’s reliance on domestic financing and the capacity of local markets to absorb public debt.",Ministerio de Hacienda y Crédito Público de Colombia,2026-07-16,4b0e588540e4ef05,GGDBTTOTLCN,Total gross debt,AUTO_CANDIDATE,HIGH,IDB_LMW_RULE_CANDIDATE,public debt,PCT_GDP,UNSPECIFIED,60,95,163,False
Domestic Public Debt,"% of GDP, end of period",,Annual,03_Fiscal Accounts and Public Debt,02_General Government,56,3,2002,2025,"Domestic Public Debt (General Government) refers to the outstanding stock of public debt contracted by the general government with resident creditors. It includes loans, bonds, and other financial obligations held by domestic financial institutions, companies, or individuals. This indicator reflects the government’s reliance on domestic financing and the capacity of local markets to absorb public debt.",Tesouro Nacional do Brasil,2026-07-16,a6ac0f3da72862a0,GGDBTTOTLCN,Total gross debt,AUTO_CANDIDATE,HIGH,IDB_LMW_RULE_CANDIDATE,public debt,PCT_GDP,UNSPECIFIED,60,95,158,False
Domestic Public Debt,"% of GDP, avg. of period",,Annual,03_Fiscal Accounts and Public Debt,02_General Government,52,3,2002,2025,"Domestic Public Debt (General Government) refers to the outstanding stock of public debt contracted by the general government with resident creditors. It includes loans, bonds, and other financial obligations held by domestic financial institutions, companies, or individuals. This indicator reflects the government’s reliance on domestic financing and the capacity of local markets to absorb public debt.",Tesouro Nacional do Brasil,2026-07-16,e6fa48489b3fb155,GGDBTTOTLCN,Total gross debt,AUTO_CANDIDATE,HIGH,IDB_LMW_RULE_CANDIDATE,public debt,PCT_GDP,UNSPECIFIED,60,95,158,False
External Public Debt,"% of GDP, avg. of period",,Annual,03_Fiscal Accounts and Public Debt,02_General Government,52,3,2002,2025,"External Public Debt (General Government) refers to the outstanding stock of public debt contracted by the general government with non-resident creditors. It includes external loans, bonds, and other financial obligations held by foreign entities. This indicator reflects the government’s reliance on external financing and exposure to international financial conditions.",Tesouro Nacional do Brasil,2026-07-16,5da5992080abced1,GGDBTTOTLCN,Total gross debt,AUTO_CANDIDATE,HIGH,IDB_LMW_RULE_CANDIDATE,public debt,PCT_GDP,UNSPECIFIED,60,95,158,False
External Public Debt,"% of GDP, end of period",,Annual,03_Fiscal Accounts and Public Debt,02_General Government,52,3,2002,2025,"External Public Debt (General Government) refers to the outstanding stock of public debt contracted by the general government with non-resident creditors. It includes external loans, bonds, and other financial obligations held by foreign entities. This indicator reflects the government’s reliance on external financing and exposure to international financial conditions.",Tesouro Nacional do Brasil,2026-07-16,501c5433e1444387,GGDBTTOTLCN,Total gross debt,AUTO_CANDIDATE,HIGH,IDB_LMW_RULE_CANDIDATE,public debt,PCT_GDP,UNSPECIFIED,60,95,158,False
Public Debt in Foreign Currency,"% of GDP, end of period",,Annual,03_Fiscal Accounts and Public Debt,03_Non Financial Public Sector,47,3,1999,2025,"Public Debt in Foreign Currency (Non-Financial Public Sector) refers to the outstanding stock of public debt denominated in foreign currencies, contracted by the non-financial public sector with both resident and non-resident creditors. It includes loans, bonds, and other financial instruments issued or payable in foreign currency. This indicator reflects exposure to exchange rate risk and external financial vulnerabilities.",Ministerio de Economía y Hacienda de Rep. Dominicana,2026-08-03,b58ebe2a4df1c364,GGDBTTOTLCN,Total gross debt,AUTO_CANDIDATE,HIGH,IDB_LMW_RULE_CANDIDATE,public debt,PCT_GDP,UNSPECIFIED,60,95,158,False
Public Debt in Foreign Currency,"% of GDP, avg. of period",,Annual,03_Fiscal Accounts and Public Debt,03_Non Financial Public Sector,46,3,2000,2025,"Public Debt in Foreign Currency (Non-Financial Public Sector) refers to the outstanding stock of public debt denominated in foreign currencies, contracted by the non-financial public sector with both resident and non-resident creditors. It includes loans, bonds, and other financial instruments issued or payable in foreign currency. This indicator reflects exposure to exchange rate risk and external financial vulnerabilities.",Ministerio de Economía y Hacienda de Rep. Dominicana,2026-08-03,6fc2d9d71c47e0a0,GGDBTTOTLCN,Total gross debt,AUTO_CANDIDATE,HIGH,IDB_LMW_RULE_CANDIDATE,public debt,PCT_GDP,UNSPECIFIED,60,95,158,False
Public Debt in Domestic Currency,"% of GDP, end of period",,Annual,03_Fiscal Accounts and Public Debt,01_Central Government,53,2,1995,2025,"Public Debt in Domestic Currency (Central Government) refers to the outstanding stock of public debt denominated in the domestic currency, contracted by the central government with both resident and non-resident creditors. It includes loans, bonds, and other financial instruments issued or payable in local currency. This indicator reflects reliance on local currency financing and the government’s exposure to domestic monetary and financial conditions.",Tesouro Nacional do Brasil,2026-07-16,2893c3d6a009476a,GGDBTTOTLCN,Total gross debt,AUTO_CANDIDATE,HIGH,IDB_LMW_RULE_CANDIDATE,public debt,PCT_GDP,UNSPECIFIED,60,95,157,False
Public Debt in Foreign Currency,"% of GDP, end of period",,Annual,03_Fiscal Accounts and Public Debt,01_Central Government,53,2,1995,2025,"Public Debt in Foreign Currency (Central Government) refers to the outstanding stock of public debt denominated in foreign currencies, contracted by the central government with both resident and non-resident creditors. It includes loans, bonds, and other financial instruments issued or payable in foreign currency. This indicator reflects exposure to exchange rate risk and external financial vulnerabilities.",Tesouro Nacional do Brasil,2026-07-16,54b2d4009369bf84,GGDBTTOTLCN,Total gross debt,AUTO_CANDIDATE,HIGH,IDB_LMW_RULE_CANDIDATE,public debt,PCT_GDP,UNSPECIFIED,60,95,157,False
Public Debt in Domestic Currency,"% of GDP, avg. of period",,Annual,03_Fiscal Accounts and Public Debt,01_Central Government,45,2,2003,2025,"Public Debt in Domestic Currency (Central Government) refers to the outstanding stock of public debt denominated in the domestic currency, contracted by the central government with both resident and non-resident creditors. It includes loans, bonds, and other financial instruments issued or payable in local currency. This indicator reflects reliance on local currency financing and the government’s exposure to domestic monetary and financial conditions.",Tesouro Nacional do Brasil,2026-07-16,672b7cf5a54abb80,GGDBTTOTLCN,Total gross debt,AUTO_CANDIDATE,HIGH,IDB_LMW_RULE_CANDIDATE,public debt,PCT_GDP,UNSPECIFIED,60,95,157,False
Public Debt in Foreign Currency,"% of GDP, avg. of period",,Annual,03_Fiscal Accounts and Public Debt,01_Central Government,45,2,2003,2025,"Public Debt in Foreign Currency (Central Government) refers to the outstanding stock of public debt denominated in foreign currencies, contracted by the central government with both resident and non-resident creditors. It includes loans, bonds, and other financial instruments issued or payable in foreign currency. This indicator reflects exposure to exchange rate risk and external financial vulnerabilities.",Tesouro Nacional do Brasil,2026-07-16,5ea8b449f3da69da,GGDBTTOTLCN,Total gross debt,AUTO_CANDIDATE,HIGH,IDB_LMW_RULE_CANDIDATE,public debt,PCT_GDP,UNSPECIFIED,60,95,157,False
Public Debt in Domestic Currency,"% of GDP, end of period",,Annual,03_Fiscal Accounts and Public Debt,03_Non Financial Public Sector,38,2,1999,2025,"Public Debt in Domestic Currency (Non-Financial Public Sector) refers to the outstanding stock of public debt denominated in the domestic currency, contracted by the non-financial public sector with both resident and non-resident creditors. It includes loans, bonds, and other financial instruments issued or payable in local currency. This indicator reflects reliance on local currency financing and the government’s exposure to domestic monetary and financial conditions.",Ministerio de Economía y Hacienda de Rep. Dominicana,2026-08-03,63376158018fd581,GGDBTTOTLCN,Total gross debt,AUTO_CANDIDATE,HIGH,IDB_LMW_RULE_CANDIDATE,public debt,PCT_GDP,UNSPECIFIED,60,95,157,False
Public Debt in Domestic Currency,"% of GDP, avg. of period",,Annual,03_Fiscal Accounts and Public Debt,03_Non Financial Public Sector,37,2,2000,2025,"Public Debt in Domestic Currency (Non-Financial Public Sector) refers to the outstanding stock of public debt denominated in the domestic currency, contracted by the non-financial public sector with both resident and non-resident creditors. It includes loans, bonds, and other financial instruments issued or payable in local currency. This indicator reflects reliance on local currency financing and the government’s exposure to domestic monetary and financial conditions.",Ministerio de Economía y Hacienda de Rep. Dominicana,2026-08-03,90567aceed27ae49,GGDBTTOTLCN,Total gross debt,AUTO_CANDIDATE,HIGH,IDB_LMW_RULE_CANDIDATE,public debt,PCT_GDP,UNSPECIFIED,60,95,157,False
Domestic Public Debt,% of GDP,,Annual,03_Fiscal Accounts and Public Debt,03_Non Financial Public Sector,22,1,2004,2025,"Domestic Public Debt (Non-Financial Public Sector) refers to the outstanding stock of public debt contracted by the non-financial public sector with resident creditors. It includes loans, bonds, and other financial obligations held by domestic financial institutions, companies, or individuals. This indicator reflects the government’s reliance on domestic financing and the capacity of local markets to absorb public debt.",Ministerio de Economía y Finanzas de Paraguay,2026-07-16,2595efed782a0482,GGDBTTOTLCN,Total gross debt,AUTO_CANDIDATE,HIGH,IDB_LMW_RULE_CANDIDATE,public debt,PCT_GDP,UNSPECIFIED,60,95,156,False
External Public Debt,% of GDP,,Annual,03_Fiscal Accounts and Public Debt,03_Non Financial Public Sector,22,1,2004,2025,"External Public Debt (Non-Financial Public Sector) refers to the outstanding stock of public debt contracted by the non-financial public sector with non-resident creditors. It includes external loans, bonds, and other financial obligations held by foreign entities. This indicator reflects the government’s reliance on external financing and exposure to international financial conditions.",Ministerio de Economía y Finanzas de Paraguay,2026-07-16,1695428aec19a7ff,GGDBTTOTLCN,Total gross debt,AUTO_CANDIDATE,HIGH,IDB_LMW_RULE_CANDIDATE,public debt,PCT_GDP,UNSPECIFIED,60,95,156,False
Domestic Public Debt,% of GDP,,Annual,03_Fiscal Accounts and Public Debt,01_Central Government,18,1,2008,2025,"Domestic Public Debt (Central Government) refers to the outstanding stock of public debt contracted by the central government with resident creditors. It includes loans, bonds, and other financial obligations held by domestic financial institutions, companies, or individuals. This indicator reflects the government’s reliance on domestic financing and the capacity of local markets to absorb public debt.",Secretaria de Finanzas de Honduras,2026-07-16,ade838e9173f809b,GGDBTTOTLCN,Total gross debt,AUTO_CANDIDATE,HIGH,IDB_LMW_RULE_CANDIDATE,public debt,PCT_GDP,UNSPECIFIED,60,95,156,False
External Public Debt,% of GDP,,Annual,03_Fiscal Accounts and Public Debt,01_Central Government,18,1,2008,2025,"External Public Debt (Central Government) refers to the outstanding stock of public debt contracted by the central government with non-resident creditors. It includes external loans, bonds, and other financial obligations held by foreign entities. This indicator reflects the government’s reliance on external financing and exposure to international financial conditions.",Secretaria de Finanzas de Honduras,2026-07-16,493bd9f43196f903,GGDBTTOTLCN,Total gross debt,AUTO_CANDIDATE,HIGH,IDB_LMW_RULE_CANDIDATE,public debt,PCT_GDP,UNSPECIFIED,60,95,156,False
Total Public Debt,"millions of USD, end of period",,Annual,03_Fiscal Accounts and Public Debt,03_Non Financial Public Sector,226,9,1990,2025,"Total Public Debt (Non-Financial Public Sector) refers to the outstanding stock of public debt contracted by the non-financial public sector, both with resident and non-resident creditors. It includes external and domestic debt instruments such as loans, bonds, and other financial obligations. This indicator reflects the overall indebtedness of the public sector and its financing needs.",Ministerio de Hacienda y Crédito Público de Colombia,2026-07-16,19dff7bd304908cd,GGDBTTOTLCN,Total gross debt,AUTO_CANDIDATE,HIGH,IDB_LMW_RULE_CANDIDATE,public debt | total public debt,CURRENT_USD,UNSPECIFIED,20,120,149,False
Total Public Debt,"millions of USD, avg. of period",,Annual,03_Fiscal Accounts and Public Debt,03_Non Financial Public Sector,213,9,1990,2025,"Total Public Debt (Non-Financial Public Sector) refers to the outstanding stock of public debt contracted by the non-financial public sector, both with resident and non-resident creditors. It includes external and domestic debt instruments such as loans, bonds, and other financial obligations. This indicator reflects the overall indebtedness of the public sector and its financing needs.",Ministerio de Hacienda y Crédito Público de Colombia,2026-07-16,fbb7ed46f27a5d6a,GGDBTTOTLCN,Total gross debt,AUTO_CANDIDATE,HIGH,IDB_LMW_RULE_CANDIDATE,public debt | total public debt,CURRENT_USD,UNSPECIFIED,20,120,149,False
Total Public Debt,"millions of USD, end of period",,Annual,03_Fiscal Accounts and Public Debt,01_Central Government,139,9,1995,2025,"Total Public Debt (Central Government) refers to the outstanding stock of public debt contracted by the central government, both with resident and non-resident creditors. It includes external and domestic debt instruments such as loans, bonds, and other financial obligations. This indicator reflects the overall indebtedness of the government and its financing needs.",Ministerio de Economía de Argentina,2026-07-16,edd79e9eb92478d0,GGDBTTOTLCN,Total gross debt,AUTO_CANDIDATE,HIGH,IDB_LMW_RULE_CANDIDATE,public debt | total public debt,CURRENT_USD,UNSPECIFIED,20,120,149,False
Total Public Debt,"millions of USD, avg. of period",,Annual,03_Fiscal Accounts and Public Debt,01_Central Government,128,8,1995,2025,"Total Public Debt (Central Government) refers to the outstanding stock of public debt contracted by the central government, both with resident and non-resident creditors. It includes external and domestic debt instruments such as loans, bonds, and other financial obligations. This indicator reflects the overall indebtedness of the government and its financing needs.",Ministerio de Economía de Argentina,2026-07-16,faf880feaf042bb2,GGDBTTOTLCN,Total gross debt,AUTO_CANDIDATE,HIGH,IDB_LMW_RULE_CANDIDATE,public debt | total public debt,CURRENT_USD,UNSPECIFIED,20,120,148,False
Total Public Debt,"millions of USD, end of period",,Annual,03_Fiscal Accounts and Public Debt,02_General Government,57,3,1998,2025,"Total Public Debt (General Government) refers to the outstanding stock of public debt contracted by the general government, both with resident and non-resident creditors. It includes external and domestic debt instruments such as loans, bonds, and other financial obligations. This indicator reflects the overall indebtedness of the government and its financing needs.",Tesouro Nacional do Brasil,2026-07-16,6628c63bc1053864,GGDBTTOTLCN,Total gross debt,AUTO_CANDIDATE,HIGH,IDB_LMW_RULE_CANDIDATE,public debt | total public debt,CURRENT_USD,UNSPECIFIED,20,120,143,False
Total Public Debt,"millions of USD, avg. of period",,Annual,03_Fiscal Accounts and Public Debt,02_General Government,56,3,1999,2025,"Total Public Debt (General Government) refers to the outstanding stock of public debt contracted by the general government, both with resident and non-resident creditors. It includes external and domestic debt instruments such as loans, bonds, and other financial obligations. This indicator reflects the overall indebtedness of the government and its financing needs.",Tesouro Nacional do Brasil,2026-07-16,ec07ae9074482c50,GGDBTTOTLCN,Total gross debt,AUTO_CANDIDATE,HIGH,IDB_LMW_RULE_CANDIDATE,public debt | total public debt,CURRENT_USD,UNSPECIFIED,20,120,143,False
Total Public Debt,millions of USD,,Annual,03_Fiscal Accounts and Public Debt,03_Non Financial Public Sector,22,1,2004,2025,"Total Public Debt (Non-Financial Public Sector) refers to the outstanding stock of public debt contracted by the non-financial public sector, both with resident and non-resident creditors. It includes external and domestic debt instruments such as loans, bonds, and other financial obligations. This indicator reflects the overall indebtedness of the public sector and its financing needs.",Ministerio de Economía y Finanzas de Paraguay,2026-07-16,5062856758ce17c9,GGDBTTOTLCN,Total gross debt,AUTO_CANDIDATE,HIGH,IDB_LMW_RULE_CANDIDATE,public debt | total public debt,CURRENT_USD,UNSPECIFIED,20,120,141,False
Total Public Debt,millions of USD,,Annual,03_Fiscal Accounts and Public Debt,01_Central Government,18,1,2008,2025,"Total Public Debt (Central Government) refers to the outstanding stock of public debt contracted by the central government, both with resident and non-resident creditors. It includes external and domestic debt instruments such as loans, bonds, and other financial obligations. This indicator reflects the overall indebtedness of the government and its financing needs.",Secretaria de Finanzas de Honduras,2026-07-16,a17725d8397c3a2b,GGDBTTOTLCN,Total gross debt,AUTO_CANDIDATE,HIGH,IDB_LMW_RULE_CANDIDATE,public debt | total public debt,CURRENT_USD,UNSPECIFIED,20,120,141,False
Domestic Public Debt,"millions of USD, end of period",,Annual,03_Fiscal Accounts and Public Debt,01_Central Government,168,11,1995,2025,"Domestic Public Debt (Central Government) refers to the outstanding stock of public debt contracted by the central government with resident creditors. It includes loans, bonds, and other financial obligations held by domestic financial institutions, companies, or individuals. This indicator reflects the government’s reliance on domestic financing and the capacity of local markets to absorb public debt.",Ministerio de Economía de Argentina,2026-07-16,99abd861f6616b7d,GGDBTTOTLCN,Total gross debt,AUTO_CANDIDATE,HIGH,IDB_LMW_RULE_CANDIDATE,public debt,CURRENT_USD,UNSPECIFIED,20,95,126,False
External Public Debt,"millions of USD, end of period",,Annual,03_Fiscal Accounts and Public Debt,01_Central Government,168,11,1995,2025,"External Public Debt (Central Government) refers to the outstanding stock of public debt contracted by the central government with non-resident creditors. It includes external loans, bonds, and other financial obligations held by foreign entities. This indicator reflects the government’s reliance on external financing and exposure to international financial conditions.",Ministerio de Economía de Argentina,2026-07-16,f21f0621cabcb9d1,GGDBTTOTLCN,Total gross debt,AUTO_CANDIDATE,HIGH,IDB_LMW_RULE_CANDIDATE,public debt,CURRENT_USD,UNSPECIFIED,20,95,126,False
Total Public Debt,"fiscal year (Q4–Q3 aggregation), avg. of period",,Annual,03_Fiscal Accounts and Public Debt,01_Central Government,103,6,1996,2025,"Total Public Debt (Central Government) refers to the outstanding stock of public debt contracted by the central government, both with resident and non-resident creditors. It includes external and domestic debt instruments such as loans, bonds, and other financial obligations. This indicator reflects the overall indebtedness of the government and its financing needs.",IRC - Relación con inversionistas de Colombia,2026-07-16,a3bf1cdffbe8c07e,GGDBTTOTLCN,Total gross debt,AUTO_CANDIDATE,HIGH,IDB_LMW_RULE_CANDIDATE,public debt | total public debt,OTHER,UNSPECIFIED,0,120,126,False
Total Public Debt,"fiscal year (Q4–Q3 aggregation), end of period",,Annual,03_Fiscal Accounts and Public Debt,01_Central Government,103,6,1996,2025,"Total Public Debt (Central Government) refers to the outstanding stock of public debt contracted by the central government, both with resident and non-resident creditors. It includes external and domestic debt instruments such as loans, bonds, and other financial obligations. This indicator reflects the overall indebtedness of the government and its financing needs.",IRC - Relación con inversionistas de Colombia,2026-07-16,9758cc6fb19c3f44,GGDBTTOTLCN,Total gross debt,AUTO_CANDIDATE,HIGH,IDB_LMW_RULE_CANDIDATE,public debt | total public debt,OTHER,UNSPECIFIED,0,120,126,False
External Public Debt,"millions of USD, avg. of period",,Annual,03_Fiscal Accounts and Public Debt,01_Central Government,157,10,1995,2026,"External Public Debt (Central Government) refers to the outstanding stock of public debt contracted by the central government with non-resident creditors. It includes external loans, bonds, and other financial obligations held by foreign entities. This indicator reflects the government’s reliance on external financing and exposure to international financial conditions.",Ministerio de Economía de Argentina,2026-07-16,cdff26cde81ea5f0,GGDBTTOTLCN,Total gross debt,AUTO_CANDIDATE,HIGH,IDB_LMW_RULE_CANDIDATE,public debt,CURRENT_USD,UNSPECIFIED,20,95,125,False
Domestic Public Debt,"millions of USD, avg. of period",,Annual,03_Fiscal Accounts and Public Debt,01_Central Government,156,10,1995,2025,"Domestic Public Debt (Central Government) refers to the outstanding stock of public debt contracted by the central government with resident creditors. It includes loans, bonds, and other financial obligations held by domestic financial institutions, companies, or individuals. This indicator reflects the government’s reliance on domestic financing and the capacity of local markets to absorb public debt.",Ministerio de Economía de Argentina,2026-07-16,6284f7045da6ffc6,GGDBTTOTLCN,Total gross debt,AUTO_CANDIDATE,HIGH,IDB_LMW_RULE_CANDIDATE,public debt,CURRENT_USD,UNSPECIFIED,20,95,125,False
Total Public Debt,"fiscal year (Q4–Q3 aggregation), end of period",,Annual,03_Fiscal Accounts and Public Debt,03_Non Financial Public Sector,96,5,1999,2025,"Total Public Debt (Non-Financial Public Sector) refers to the outstanding stock of public debt contracted by the non-financial public sector, both with resident and non-resident creditors. It includes external and domestic debt instruments such as loans, bonds, and other financial obligations. This indicator reflects the overall indebtedness of the public sector and its financing needs.",Ministerio de Economía y Hacienda de Rep. Dominicana,2026-07-16,1735424a50aa1e8b,GGDBTTOTLCN,Total gross debt,AUTO_CANDIDATE,HIGH,IDB_LMW_RULE_CANDIDATE,public debt | total public debt,OTHER,UNSPECIFIED,0,120,125,False
External Public Debt,"millions of USD, end of period",,Annual,03_Fiscal Accounts and Public Debt,03_Non Financial Public Sector,233,9,1990,2025,"External Public Debt (Non-Financial Public Sector) refers to the outstanding stock of public debt contracted by the non-financial public sector with non-resident creditors. It includes external loans, bonds, and other financial obligations held by foreign entities. This indicator reflects the government’s reliance on external financing and exposure to international financial conditions.",Ministerio de Economía y Finanzas Públicas de Bolivia,2026-07-16,600b8bc59edbfc6a,GGDBTTOTLCN,Total gross debt,AUTO_CANDIDATE,HIGH,IDB_LMW_RULE_CANDIDATE,public debt,CURRENT_USD,UNSPECIFIED,20,95,124,False
External Public Debt,"millions of USD, avg. of period",,Annual,03_Fiscal Accounts and Public Debt,03_Non Financial Public Sector,221,9,1990,2025,"External Public Debt (Non-Financial Public Sector) refers to the outstanding stock of public debt contracted by the non-financial public sector with non-resident creditors. It includes external loans, bonds, and other financial obligations held by foreign entities. This indicator reflects the government’s reliance on external financing and exposure to international financial conditions.",Ministerio de Economía y Finanzas Públicas de Bolivia,2026-07-16,25c1f598f5d532ae,GGDBTTOTLCN,Total gross debt,AUTO_CANDIDATE,HIGH,IDB_LMW_RULE_CANDIDATE,public debt,CURRENT_USD,UNSPECIFIED,20,95,124,False
Total Public Debt,fiscal year (Q4–Q3 aggregation),,Annual,03_Fiscal Accounts and Public Debt,03_Non Financial Public Sector,94,4,2000,2025,"Total Public Debt (Non-Financial Public Sector) refers to the outstanding stock of public debt contracted by the non-financial public sector, both with resident and non-resident creditors. It includes external and domestic debt instruments such as loans, bonds, and other financial obligations. This indicator reflects the overall indebtedness of the public sector and its financing needs.",Ministerio de Hacienda y Crédito Público de Colombia,2026-07-16,8e4c6bcb94d05345,GGDBTTOTLCN,Total gross debt,AUTO_CANDIDATE,HIGH,IDB_LMW_RULE_CANDIDATE,public debt | total public debt,OTHER,UNSPECIFIED,0,120,124,False
Total Public Debt,"fiscal year (Q4–Q3 aggregation), avg. of period",,Annual,03_Fiscal Accounts and Public Debt,03_Non Financial Public Sector,84,4,1999,2025,"Total Public Debt (Non-Financial Public Sector) refers to the outstanding stock of public debt contracted by the non-financial public sector, both with resident and non-resident creditors. It includes external and domestic debt instruments such as loans, bonds, and other financial obligations. This indicator reflects the overall indebtedness of the public sector and its financing needs.",Ministerio de Economía y Finanzas de Ecuador,2026-07-16,24a9673eba424976,GGDBTTOTLCN,Total gross debt,AUTO_CANDIDATE,HIGH,IDB_LMW_RULE_CANDIDATE,public debt | total public debt,OTHER,UNSPECIFIED,0,120,124,False
Domestic Public Debt,"millions of USD, end of period",,Annual,03_Fiscal Accounts and Public Debt,03_Non Financial Public Sector,210,8,1990,2025,"Domestic Public Debt (Non-Financial Public Sector) refers to the outstanding stock of public debt contracted by the non-financial public sector with resident creditors. It includes loans, bonds, and other financial obligations held by domestic financial institutions, companies, or individuals. This indicator reflects the government’s reliance on domestic financing and the capacity of local markets to absorb public debt.",Ministerio de Hacienda y Crédito Público de Colombia,2026-07-16,547ee541965f35f1,GGDBTTOTLCN,Total gross debt,AUTO_CANDIDATE,HIGH,IDB_LMW_RULE_CANDIDATE,public debt,CURRENT_USD,UNSPECIFIED,20,95,123,False
Domestic Public Debt,"millions of USD, avg. of period",,Annual,03_Fiscal Accounts and Public Debt,03_Non Financial Public Sector,197,8,1990,2025,"Domestic Public Debt (Non-Financial Public Sector) refers to the outstanding stock of public debt contracted by the non-financial public sector with resident creditors. It includes loans, bonds, and other financial obligations held by domestic financial institutions, companies, or individuals. This indicator reflects the government’s reliance on domestic financing and the capacity of local markets to absorb public debt.",Ministerio de Hacienda y Crédito Público de Colombia,2026-07-16,5c379c2029e062cd,GGDBTTOTLCN,Total gross debt,AUTO_CANDIDATE,HIGH,IDB_LMW_RULE_CANDIDATE,public debt,CURRENT_USD,UNSPECIFIED,20,95,123,False
Total Public Debt,fiscal year (Q4–Q3 aggregation),,Annual,03_Fiscal Accounts and Public Debt,01_Central Government,55,3,1999,2025,"Total Public Debt (Central Government) refers to the outstanding stock of public debt contracted by the central government, both with resident and non-resident creditors. It includes external and domestic debt instruments such as loans, bonds, and other financial obligations. This indicator reflects the overall indebtedness of the government and its financing needs.",Ministerio de Economía de Argentina,2026-07-16,3bff0587a372f85b,GGDBTTOTLCN,Total gross debt,AUTO_CANDIDATE,HIGH,IDB_LMW_RULE_CANDIDATE,public debt | total public debt,OTHER,UNSPECIFIED,0,120,123,False
Total Public Debt,"fiscal year (Q4–Q3 aggregation), avg. of period",,Annual,03_Fiscal Accounts and Public Debt,02_General Government,44,2,1999,2025,"Total Public Debt (General Government) refers to the outstanding stock of public debt contracted by the general government, both with resident and non-resident creditors. It includes external and domestic debt instruments such as loans, bonds, and other financial obligations. This indicator reflects the overall indebtedness of the government and its financing needs.",Tesouro Nacional do Brasil,2026-07-16,c9049e9b366923ad,GGDBTTOTLCN,Total gross debt,AUTO_CANDIDATE,HIGH,IDB_LMW_RULE_CANDIDATE,public debt | total public debt,OTHER,UNSPECIFIED,0,120,122,False
Total Public Debt,"fiscal year (Q4–Q3 aggregation), end of period",,Annual,03_Fiscal Accounts and Public Debt,02_General Government,44,2,1999,2025,"Total Public Debt (General Government) refers to the outstanding stock of public debt contracted by the general government, both with resident and non-resident creditors. It includes external and domestic debt instruments such as loans, bonds, and other financial obligations. This indicator reflects the overall indebtedness of the government and its financing needs.",Tesouro Nacional do Brasil,2026-07-16,df17a89c5fa84e64,GGDBTTOTLCN,Total gross debt,AUTO_CANDIDATE,HIGH,IDB_LMW_RULE_CANDIDATE,public debt | total public debt,OTHER,UNSPECIFIED,0,120,122,False
Total Public Debt,fiscal year (Q4–Q3 aggregation),,Annual,03_Fiscal Accounts and Public Debt,02_General Government,10,1,2016,2025,"Total Public Debt (General Government) refers to the outstanding stock of public debt contracted by the general government, both with resident and non-resident creditors. It includes external and domestic debt instruments such as loans, bonds, and other financial obligations. This indicator reflects the overall indebtedness of the government and its financing needs.",Central Bank of Trinidad and Tobago,2026-07-16,1869bd5a394ea3ee,GGDBTTOTLCN,Total gross debt,AUTO_CANDIDATE,HIGH,IDB_LMW_RULE_CANDIDATE,public debt | total public debt,OTHER,UNSPECIFIED,0,120,121,False
Domestic Public Debt,"millions of USD, end of period",,Annual,03_Fiscal Accounts and Public Debt,02_General Government,56,3,2002,2025,"Domestic Public Debt (General Government) refers to the outstanding stock of public debt contracted by the general government with resident creditors. It includes loans, bonds, and other financial obligations held by domestic financial institutions, companies, or individuals. This indicator reflects the government’s reliance on domestic financing and the capacity of local markets to absorb public debt.",Tesouro Nacional do Brasil,2026-07-16,ae84b27c46a4059a,GGDBTTOTLCN,Total gross debt,AUTO_CANDIDATE,HIGH,IDB_LMW_RULE_CANDIDATE,public debt,CURRENT_USD,UNSPECIFIED,20,95,118,False
External Public Debt,"millions of USD, avg. of period",,Annual,03_Fiscal Accounts and Public Debt,02_General Government,53,3,2002,2026,"External Public Debt (General Government) refers to the outstanding stock of public debt contracted by the general government with non-resident creditors. It includes external loans, bonds, and other financial obligations held by foreign entities. This indicator reflects the government’s reliance on external financing and exposure to international financial conditions.",Tesouro Nacional do Brasil,2026-07-16,7189965646043d99,GGDBTTOTLCN,Total gross debt,AUTO_CANDIDATE,HIGH,IDB_LMW_RULE_CANDIDATE,public debt,CURRENT_USD,UNSPECIFIED,20,95,118,False
Domestic Public Debt,"millions of USD, avg. of period",,Annual,03_Fiscal Accounts and Public Debt,02_General Government,52,3,2002,2025,"Domestic Public Debt (General Government) refers to the outstanding stock of public debt contracted by the general government with resident creditors. It includes loans, bonds, and other financial obligations held by domestic financial institutions, companies, or individuals. This indicator reflects the government’s reliance on domestic financing and the capacity of local markets to absorb public debt.",Tesouro Nacional do Brasil,2026-07-16,5278a94f7c291883,GGDBTTOTLCN,Total gross debt,AUTO_CANDIDATE,HIGH,IDB_LMW_RULE_CANDIDATE,public debt,CURRENT_USD,UNSPECIFIED,20,95,118,False
External Public Debt,"millions of USD, end of period",,Annual,03_Fiscal Accounts and Public Debt,02_General Government,52,3,2002,2025,"External Public Debt (General Government) refers to the outstanding stock of public debt contracted by the general government with non-resident creditors. It includes external loans, bonds, and other financial obligations held by foreign entities. This indicator reflects the government’s reliance on external financing and exposure to international financial conditions.",Tesouro Nacional do Brasil,2026-07-16,f3ae8e720e16d4b8,GGDBTTOTLCN,Total gross debt,AUTO_CANDIDATE,HIGH,IDB_LMW_RULE_CANDIDATE,public debt,CURRENT_USD,UNSPECIFIED,20,95,118,False
Public Debt in Foreign Currency,"millions of USD, end of period",,Annual,03_Fiscal Accounts and Public Debt,03_Non Financial Public Sector,47,3,1999,2025,"Public Debt in Foreign Currency (Non-Financial Public Sector) refers to the outstanding stock of public debt denominated in foreign currencies, contracted by the non-financial public sector with both resident and non-resident creditors. It includes loans, bonds, and other financial instruments issued or payable in foreign currency. This indicator reflects exposure to exchange rate risk and external financial vulnerabilities.",Ministerio de Economía y Hacienda de Rep. Dominicana,2026-08-03,89b7cab0cf6c0cbc,GGDBTTOTLCN,Total gross debt,AUTO_CANDIDATE,HIGH,IDB_LMW_RULE_CANDIDATE,public debt,CURRENT_USD,UNSPECIFIED,20,95,118,False
Public Debt in Foreign Currency,"millions of USD, avg. of period",,Annual,03_Fiscal Accounts and Public Debt,03_Non Financial Public Sector,46,3,2000,2025,"Public Debt in Foreign Currency (Non-Financial Public Sector) refers to the outstanding stock of public debt denominated in foreign currencies, contracted by the non-financial public sector with both resident and non-resident creditors. It includes loans, bonds, and other financial instruments issued or payable in foreign currency. This indicator reflects exposure to exchange rate risk and external financial vulnerabilities.",Ministerio de Economía y Hacienda de Rep. Dominicana,2026-08-03,de26389c5b6a8517,GGDBTTOTLCN,Total gross debt,AUTO_CANDIDATE,HIGH,IDB_LMW_RULE_CANDIDATE,public debt,CURRENT_USD,UNSPECIFIED,20,95,118,False
Public Debt in Domestic Currency,"millions of USD, end of period",,Annual,03_Fiscal Accounts and Public Debt,01_Central Government,53,2,1995,2025,"Public Debt in Domestic Currency (Central Government) refers to the outstanding stock of public debt denominated in the domestic currency, contracted by the central government with both resident and non-resident creditors. It includes loans, bonds, and other financial instruments issued or payable in local currency. This indicator reflects reliance on local currency financing and the government’s exposure to domestic monetary and financial conditions.",Tesouro Nacional do Brasil,2026-07-16,9ee58274d755f368,GGDBTTOTLCN,Total gross debt,AUTO_CANDIDATE,HIGH,IDB_LMW_RULE_CANDIDATE,public debt,CURRENT_USD,UNSPECIFIED,20,95,117,False
Public Debt in Foreign Currency,"millions of USD, end of period",,Annual,03_Fiscal Accounts and Public Debt,01_Central Government,53,2,1995,2025,"Public Debt in Foreign Currency (Central Government) refers to the outstanding stock of public debt denominated in foreign currencies, contracted by the central government with both resident and non-resident creditors. It includes loans, bonds, and other financial instruments issued or payable in foreign currency. This indicator reflects exposure to exchange rate risk and external financial vulnerabilities.",Tesouro Nacional do Brasil,2026-07-16,493baafa90f89a2a,GGDBTTOTLCN,Total gross debt,AUTO_CANDIDATE,HIGH,IDB_LMW_RULE_CANDIDATE,public debt,CURRENT_USD,UNSPECIFIED,20,95,117,False
Public Debt in Domestic Currency,"millions of USD, avg. of period",,Annual,03_Fiscal Accounts and Public Debt,01_Central Government,45,2,2003,2025,"Public Debt in Domestic Currency (Central Government) refers to the outstanding stock of public debt denominated in the domestic currency, contracted by the central government with both resident and non-resident creditors. It includes loans, bonds, and other financial instruments issued or payable in local currency. This indicator reflects reliance on local currency financing and the government’s exposure to domestic monetary and financial conditions.",Tesouro Nacional do Brasil,2026-07-16,3b265a506b556372,GGDBTTOTLCN,Total gross debt,AUTO_CANDIDATE,HIGH,IDB_LMW_RULE_CANDIDATE,public debt,CURRENT_USD,UNSPECIFIED,20,95,117,False
Public Debt in Foreign Currency,"millions of USD, avg. of period",,Annual,03_Fiscal Accounts and Public Debt,01_Central Government,45,2,2003,2025,"Public Debt in Foreign Currency (Central Government) refers to the outstanding stock of public debt denominated in foreign currencies, contracted by the central government with both resident and non-resident creditors. It includes loans, bonds, and other financial instruments issued or payable in foreign currency. This indicator reflects exposure to exchange rate risk and external financial vulnerabilities.",Tesouro Nacional do Brasil,2026-07-16,8c8258cff503df58,GGDBTTOTLCN,Total gross debt,AUTO_CANDIDATE,HIGH,IDB_LMW_RULE_CANDIDATE,public debt,CURRENT_USD,UNSPECIFIED,20,95,117,False
Public Debt in Domestic Currency,"millions of USD, end of period",,Annual,03_Fiscal Accounts and Public Debt,03_Non Financial Public Sector,38,2,1999,2025,"Public Debt in Domestic Currency (Non-Financial Public Sector) refers to the outstanding stock of public debt denominated in the domestic currency, contracted by the non-financial public sector with both resident and non-resident creditors. It includes loans, bonds, and other financial instruments issued or payable in local currency. This indicator reflects reliance on local currency financing and the government’s exposure to domestic monetary and financial conditions.",Ministerio de Economía y Hacienda de Rep. Dominicana,2026-08-03,146d886eaad748fc,GGDBTTOTLCN,Total gross debt,AUTO_CANDIDATE,HIGH,IDB_LMW_RULE_CANDIDATE,public debt,CURRENT_USD,UNSPECIFIED,20,95,117,False
Public Debt in Domestic Currency,"millions of USD, avg. of period",,Annual,03_Fiscal Accounts and Public Debt,03_Non Financial Public Sector,37,2,2000,2025,"Public Debt in Domestic Currency (Non-Financial Public Sector) refers to the outstanding stock of public debt denominated in the domestic currency, contracted by the non-financial public sector with both resident and non-resident creditors. It includes loans, bonds, and other financial instruments issued or payable in local currency. This indicator reflects reliance on local currency financing and the government’s exposure to domestic monetary and financial conditions.",Ministerio de Economía y Hacienda de Rep. Dominicana,2026-08-03,48ed08b4e0893717,GGDBTTOTLCN,Total gross debt,AUTO_CANDIDATE,HIGH,IDB_LMW_RULE_CANDIDATE,public debt,CURRENT_USD,UNSPECIFIED,20,95,117,False
Domestic Public Debt,millions of USD,,Annual,03_Fiscal Accounts and Public Debt,03_Non Financial Public Sector,22,1,2004,2025,"Domestic Public Debt (Non-Financial Public Sector) refers to the outstanding stock of public debt contracted by the non-financial public sector with resident creditors. It includes loans, bonds, and other financial obligations held by domestic financial institutions, companies, or individuals. This indicator reflects the government’s reliance on domestic financing and the capacity of local markets to absorb public debt.",Ministerio de Economía y Finanzas de Paraguay,2026-07-16,a347fdb9dce22913,GGDBTTOTLCN,Total gross debt,AUTO_CANDIDATE,HIGH,IDB_LMW_RULE_CANDIDATE,public debt,CURRENT_USD,UNSPECIFIED,20,95,116,False
External Public Debt,millions of USD,,Annual,03_Fiscal Accounts and Public Debt,03_Non Financial Public Sector,22,1,2004,2025,"External Public Debt (Non-Financial Public Sector) refers to the outstanding stock of public debt contracted by the non-financial public sector with non-resident creditors. It includes external loans, bonds, and other financial obligations held by foreign entities. This indicator reflects the government’s reliance on external financing and exposure to international financial conditions.",Ministerio de Economía y Finanzas de Paraguay,2026-07-16,33c334149e9d6fc3,GGDBTTOTLCN,Total gross debt,AUTO_CANDIDATE,HIGH,IDB_LMW_RULE_CANDIDATE,public debt,CURRENT_USD,UNSPECIFIED,20,95,116,False
Domestic Public Debt,millions of USD,,Annual,03_Fiscal Accounts and Public Debt,01_Central Government,18,1,2008,2025,"Domestic Public Debt (Central Government) refers to the outstanding stock of public debt contracted by the central government with resident creditors. It includes loans, bonds, and other financial obligations held by domestic financial institutions, companies, or individuals. This indicator reflects the government’s reliance on domestic financing and the capacity of local markets to absorb public debt.",Secretaria de Finanzas de Honduras,2026-07-16,0fd5bed87878e943,GGDBTTOTLCN,Total gross debt,AUTO_CANDIDATE,HIGH,IDB_LMW_RULE_CANDIDATE,public debt,CURRENT_USD,UNSPECIFIED,20,95,116,False
External Public Debt,millions of USD,,Annual,03_Fiscal Accounts and Public Debt,01_Central Government,18,1,2008,2025,"External Public Debt (Central Government) refers to the outstanding stock of public debt contracted by the central government with non-resident creditors. It includes external loans, bonds, and other financial obligations held by foreign entities. This indicator reflects the government’s reliance on external financing and exposure to international financial conditions.",Secretaria de Finanzas de Honduras,2026-07-16,d5c9907260960875,GGDBTTOTLCN,Total gross debt,AUTO_CANDIDATE,HIGH,IDB_LMW_RULE_CANDIDATE,public debt,CURRENT_USD,UNSPECIFIED,20,95,116,False
Domestic Public Debt,"millions of domestic currency, end of period",,Annual,03_Fiscal Accounts and Public Debt,01_Central Government,168,11,1995,2025,"Domestic Public Debt (Central Government) refers to the outstanding stock of public debt contracted by the central government with resident creditors. It includes loans, bonds, and other financial obligations held by domestic financial institutions, companies, or individuals. This indicator reflects the government’s reliance on domestic financing and the capacity of local markets to absorb public debt.",Ministerio de Economía de Argentina,2026-07-16,efb89e0140c768b5,GGDBTTOTLCN,Total gross debt,AUTO_CANDIDATE,HIGH,IDB_LMW_RULE_CANDIDATE,public debt,OTHER,UNSPECIFIED,0,95,106,False
Domestic Public Debt,"millions of domestic currency, avg. of period",,Annual,03_Fiscal Accounts and Public Debt,01_Central Government,157,10,1995,2026,"Domestic Public Debt (Central Government) refers to the outstanding stock of public debt contracted by the central government with resident creditors. It includes loans, bonds, and other financial obligations held by domestic financial institutions, companies, or individuals. This indicator reflects the government’s reliance on domestic financing and the capacity of local markets to absorb public debt.",Ministerio de Economía de Argentina,2026-07-16,b7f88f21618fed21,GGDBTTOTLCN,Total gross debt,AUTO_CANDIDATE,HIGH,IDB_LMW_RULE_CANDIDATE,public debt,OTHER,UNSPECIFIED,0,95,105,False
Domestic Public Debt,"fiscal year (Q4–Q3 aggregation), avg. of period",,Annual,03_Fiscal Accounts and Public Debt,01_Central Government,158,9,1991,2025,"Domestic Public Debt (Central Government) refers to the outstanding stock of public debt contracted by the central government with resident creditors. It includes loans, bonds, and other financial obligations held by domestic financial institutions, companies, or individuals. This indicator reflects the government’s reliance on domestic financing and the capacity of local markets to absorb public debt.",Tesouro Nacional do Brasil,2026-07-16,311c4dbb247946aa,GGDBTTOTLCN,Total gross debt,AUTO_CANDIDATE,HIGH,IDB_LMW_RULE_CANDIDATE,public debt,OTHER,UNSPECIFIED,0,95,104,False
Domestic Public Debt,"millions of domestic currency, end of period",,Annual,03_Fiscal Accounts and Public Debt,03_Non Financial Public Sector,210,8,1990,2025,"Domestic Public Debt (Non-Financial Public Sector) refers to the outstanding stock of public debt contracted by the non-financial public sector with resident creditors. It includes loans, bonds, and other financial obligations held by domestic financial institutions, companies, or individuals. This indicator reflects the government’s reliance on domestic financing and the capacity of local markets to absorb public debt.",Ministerio de Hacienda y Crédito Público de Colombia,2026-07-16,9a94af698817ebae,GGDBTTOTLCN,Total gross debt,AUTO_CANDIDATE,HIGH,IDB_LMW_RULE_CANDIDATE,public debt,OTHER,UNSPECIFIED,0,95,103,False
Domestic Public Debt,"millions of domestic currency, avg. of period",,Annual,03_Fiscal Accounts and Public Debt,03_Non Financial Public Sector,197,8,1990,2025,"Domestic Public Debt (Non-Financial Public Sector) refers to the outstanding stock of public debt contracted by the non-financial public sector with resident creditors. It includes loans, bonds, and other financial obligations held by domestic financial institutions, companies, or individuals. This indicator reflects the government’s reliance on domestic financing and the capacity of local markets to absorb public debt.",Ministerio de Hacienda y Crédito Público de Colombia,2026-07-16,17769bdec99e4b7e,GGDBTTOTLCN,Total gross debt,AUTO_CANDIDATE,HIGH,IDB_LMW_RULE_CANDIDATE,public debt,OTHER,UNSPECIFIED,0,95,103,False
External Public Debt,"% of total external debt, end of period",,Annual,03_Fiscal Accounts and Public Debt,03_Non Financial Public Sector,170,8,1998,2025,"External Public Debt (Non-Financial Public Sector) refers to the outstanding stock of public debt contracted by the non-financial public sector with non-resident creditors. It includes external loans, bonds, and other financial obligations held by foreign entities. This indicator reflects the government’s reliance on external financing and exposure to international financial conditions.",Ministerio de Economía y Finanzas Públicas de Bolivia,2026-07-16,6ac7b4c90857eb91,GGDBTTOTLCN,Total gross debt,AUTO_CANDIDATE,HIGH,IDB_LMW_RULE_CANDIDATE,public debt,OTHER,UNSPECIFIED,0,95,103,False
External Public Debt,"% of total external debt, avg. of period",,Annual,03_Fiscal Accounts and Public Debt,03_Non Financial Public Sector,168,8,1999,2025,"External Public Debt (Non-Financial Public Sector) refers to the outstanding stock of public debt contracted by the non-financial public sector with non-resident creditors. It includes external loans, bonds, and other financial obligations held by foreign entities. This indicator reflects the government’s reliance on external financing and exposure to international financial conditions.",Ministerio de Economía y Finanzas Públicas de Bolivia,2026-07-16,31f86bdbc4b869cb,GGDBTTOTLCN,Total gross debt,AUTO_CANDIDATE,HIGH,IDB_LMW_RULE_CANDIDATE,public debt,OTHER,UNSPECIFIED,0,95,103,False
Domestic Public Debt,"fiscal year (Q4–Q3 aggregation), end of period",,Annual,03_Fiscal Accounts and Public Debt,01_Central Government,143,8,1996,2025,"Domestic Public Debt (Central Government) refers to the outstanding stock of public debt contracted by the central government with resident creditors. It includes loans, bonds, and other financial obligations held by domestic financial institutions, companies, or individuals. This indicator reflects the government’s reliance on domestic financing and the capacity of local markets to absorb public debt.",Tesouro Nacional do Brasil,2026-07-16,51b4998e9ecb90c3,GGDBTTOTLCN,Total gross debt,AUTO_CANDIDATE,HIGH,IDB_LMW_RULE_CANDIDATE,public debt,OTHER,UNSPECIFIED,0,95,103,False
External Public Debt,"fiscal year (Q4–Q3 aggregation), end of period",,Annual,03_Fiscal Accounts and Public Debt,01_Central Government,143,8,1996,2025,"External Public Debt (Central Government) refers to the outstanding stock of public debt contracted by the central government with non-resident creditors. It includes external loans, bonds, and other financial obligations held by foreign entities. This indicator reflects the government’s reliance on external financing and exposure to international financial conditions.",Tesouro Nacional do Brasil,2026-07-16,6cfd0b28ef67c081,GGDBTTOTLCN,Total gross debt,AUTO_CANDIDATE,HIGH,IDB_LMW_RULE_CANDIDATE,public debt,OTHER,UNSPECIFIED,0,95,103,False
External Public Debt,"fiscal year (Q4–Q3 aggregation), avg. of period",,Annual,03_Fiscal Accounts and Public Debt,01_Central Government,142,8,1996,2025,"External Public Debt (Central Government) refers to the outstanding stock of public debt contracted by the central government with non-resident creditors. It includes external loans, bonds, and other financial obligations held by foreign entities. This indicator reflects the government’s reliance on external financing and exposure to international financial conditions.",Tesouro Nacional do Brasil,2026-07-16,bb340423040abcb1,GGDBTTOTLCN,Total gross debt,AUTO_CANDIDATE,HIGH,IDB_LMW_RULE_CANDIDATE,public debt,OTHER,UNSPECIFIED,0,95,103,False
External Public Debt,"% of total external debt, end of period",,Annual,03_Fiscal Accounts and Public Debt,01_Central Government,83,8,1999,2025,"External Public Debt (Central Government) refers to the outstanding stock of public debt contracted by the central government with non-resident creditors. It includes external loans, bonds, and other financial obligations held by foreign entities. This indicator reflects the government’s reliance on external financing and exposure to international financial conditions.",Ministerio de Economía de Argentina,2026-07-16,f8411d75588bcba1,GGDBTTOTLCN,Total gross debt,AUTO_CANDIDATE,HIGH,IDB_LMW_RULE_CANDIDATE,public debt,OTHER,UNSPECIFIED,0,95,103,False
External Public Debt,"% of total external debt, avg. of period",,Annual,03_Fiscal Accounts and Public Debt,01_Central Government,75,7,2001,2025,"External Public Debt (Central Government) refers to the outstanding stock of public debt contracted by the central government with non-resident creditors. It includes external loans, bonds, and other financial obligations held by foreign entities. This indicator reflects the government’s reliance on external financing and exposure to international financial conditions.",Ministerio de Economía de Argentina,2026-07-16,1a7028f2b5ae0bdc,GGDBTTOTLCN,Total gross debt,AUTO_CANDIDATE,HIGH,IDB_LMW_RULE_CANDIDATE,public debt,OTHER,UNSPECIFIED,0,95,102,False
External Public Debt,fiscal year (Q4–Q3 aggregation),,Annual,03_Fiscal Accounts and Public Debt,03_Non Financial Public Sector,117,5,2000,2025,"External Public Debt (Non-Financial Public Sector) refers to the outstanding stock of public debt contracted by the non-financial public sector with non-resident creditors. It includes external loans, bonds, and other financial obligations held by foreign entities. This indicator reflects the government’s reliance on external financing and exposure to international financial conditions.",Ministerio de Economía y Finanzas Públicas de Bolivia,2026-07-16,0744096708c07781,GGDBTTOTLCN,Total gross debt,AUTO_CANDIDATE,HIGH,IDB_LMW_RULE_CANDIDATE,public debt,OTHER,UNSPECIFIED,0,95,100,False
Domestic Public Debt,fiscal year (Q4–Q3 aggregation),,Annual,03_Fiscal Accounts and Public Debt,03_Non Financial Public Sector,94,4,2000,2025,"Domestic Public Debt (Non-Financial Public Sector) refers to the outstanding stock of public debt contracted by the non-financial public sector with resident creditors. It includes loans, bonds, and other financial obligations held by domestic financial institutions, companies, or individuals. This indicator reflects the government’s reliance on domestic financing and the capacity of local markets to absorb public debt.",Ministerio de Hacienda y Crédito Público de Colombia,2026-07-16,e88b81ff32be2733,GGDBTTOTLCN,Total gross debt,AUTO_CANDIDATE,HIGH,IDB_LMW_RULE_CANDIDATE,public debt,OTHER,UNSPECIFIED,0,95,99,False
Domestic Public Debt,"fiscal year (Q4–Q3 aggregation), end of period",,Annual,03_Fiscal Accounts and Public Debt,03_Non Financial Public Sector,81,4,1999,2025,"Domestic Public Debt (Non-Financial Public Sector) refers to the outstanding stock of public debt contracted by the non-financial public sector with resident creditors. It includes loans, bonds, and other financial obligations held by domestic financial institutions, companies, or individuals. This indicator reflects the government’s reliance on domestic financing and the capacity of local markets to absorb public debt.",Ministerio de Economía y Hacienda de Rep. Dominicana,2026-07-16,461dc3854f3079fc,GGDBTTOTLCN,Total gross debt,AUTO_CANDIDATE,HIGH,IDB_LMW_RULE_CANDIDATE,public debt,OTHER,UNSPECIFIED,0,95,99,False
External Public Debt,"fiscal year (Q4–Q3 aggregation), end of period",,Annual,03_Fiscal Accounts and Public Debt,03_Non Financial Public Sector,81,4,1999,2025,"External Public Debt (Non-Financial Public Sector) refers to the outstanding stock of public debt contracted by the non-financial public sector with non-resident creditors. It includes external loans, bonds, and other financial obligations held by foreign entities. This indicator reflects the government’s reliance on external financing and exposure to international financial conditions.",Ministerio de Economía y Hacienda de Rep. Dominicana,2026-07-16,ae2475eeaffe90af,GGDBTTOTLCN,Total gross debt,AUTO_CANDIDATE,HIGH,IDB_LMW_RULE_CANDIDATE,public debt,OTHER,UNSPECIFIED,0,95,99,False
External Public Debt,"fiscal year (Q4–Q3 aggregation), avg. of period",,Annual,03_Fiscal Accounts and Public Debt,03_Non Financial Public Sector,85,3,1991,2025,"External Public Debt (Non-Financial Public Sector) refers to the outstanding stock of public debt contracted by the non-financial public sector with non-resident creditors. It includes external loans, bonds, and other financial obligations held by foreign entities. This indicator reflects the government’s reliance on external financing and exposure to international financial conditions.",Ministerio de Economía y Finanzas de Ecuador,2026-07-16,49563495001ae1e7,GGDBTTOTLCN,Total gross debt,AUTO_CANDIDATE,HIGH,IDB_LMW_RULE_CANDIDATE,public debt,OTHER,UNSPECIFIED,0,95,98,False
Domestic Public Debt,"fiscal year (Q4–Q3 aggregation), avg. of period",,Annual,03_Fiscal Accounts and Public Debt,03_Non Financial Public Sector,69,3,1999,2025,"Domestic Public Debt (Non-Financial Public Sector) refers to the outstanding stock of public debt contracted by the non-financial public sector with resident creditors. It includes loans, bonds, and other financial obligations held by domestic financial institutions, companies, or individuals. This indicator reflects the government’s reliance on domestic financing and the capacity of local markets to absorb public debt.",Ministerio de Economía y Finanzas de Ecuador,2026-07-16,b7f80259e970e0b4,GGDBTTOTLCN,Total gross debt,AUTO_CANDIDATE,HIGH,IDB_LMW_RULE_CANDIDATE,public debt,OTHER,UNSPECIFIED,0,95,98,False
Domestic Public Debt,"millions of domestic currency, end of period",,Annual,03_Fiscal Accounts and Public Debt,02_General Government,56,3,2002,2025,"Domestic Public Debt (General Government) refers to the outstanding stock of public debt contracted by the general government with resident creditors. It includes loans, bonds, and other financial obligations held by domestic financial institutions, companies, or individuals. This indicator reflects the government’s reliance on domestic financing and the capacity of local markets to absorb public debt.",Tesouro Nacional do Brasil,2026-07-16,8aa5df3a768b0772,GGDBTTOTLCN,Total gross debt,AUTO_CANDIDATE,HIGH,IDB_LMW_RULE_CANDIDATE,public debt,OTHER,UNSPECIFIED,0,95,98,False
Domestic Public Debt,fiscal year (Q4–Q3 aggregation),,Annual,03_Fiscal Accounts and Public Debt,01_Central Government,55,3,1999,2025,"Domestic Public Debt (Central Government) refers to the outstanding stock of public debt contracted by the central government with resident creditors. It includes loans, bonds, and other financial obligations held by domestic financial institutions, companies, or individuals. This indicator reflects the government’s reliance on domestic financing and the capacity of local markets to absorb public debt.",Ministerio de Economía de Argentina,2026-07-16,9aae74733a73d6b5,GGDBTTOTLCN,Total gross debt,AUTO_CANDIDATE,HIGH,IDB_LMW_RULE_CANDIDATE,public debt,OTHER,UNSPECIFIED,0,95,98,False
External Public Debt,fiscal year (Q4–Q3 aggregation),,Annual,03_Fiscal Accounts and Public Debt,01_Central Government,55,3,1999,2025,"External Public Debt (Central Government) refers to the outstanding stock of public debt contracted by the central government with non-resident creditors. It includes external loans, bonds, and other financial obligations held by foreign entities. This indicator reflects the government’s reliance on external financing and exposure to international financial conditions.",Ministerio de Economía de Argentina,2026-07-16,383ce85f54d369a8,GGDBTTOTLCN,Total gross debt,AUTO_CANDIDATE,HIGH,IDB_LMW_RULE_CANDIDATE,public debt,OTHER,UNSPECIFIED,0,95,98,False
External Public Debt,"% of total external debt, avg. of period",,Annual,03_Fiscal Accounts and Public Debt,02_General Government,53,3,2002,2026,"External Public Debt (General Government) refers to the outstanding stock of public debt contracted by the general government with non-resident creditors. It includes external loans, bonds, and other financial obligations held by foreign entities. This indicator reflects the government’s reliance on external financing and exposure to international financial conditions.",Tesouro Nacional do Brasil,2026-07-16,ef4d1f2e97a4fa57,GGDBTTOTLCN,Total gross debt,AUTO_CANDIDATE,HIGH,IDB_LMW_RULE_CANDIDATE,public debt,OTHER,UNSPECIFIED,0,95,98,False
Domestic Public Debt,"millions of domestic currency, avg. of period",,Annual,03_Fiscal Accounts and Public Debt,02_General Government,52,3,2002,2025,"Domestic Public Debt (General Government) refers to the outstanding stock of public debt contracted by the general government with resident creditors. It includes loans, bonds, and other financial obligations held by domestic financial institutions, companies, or individuals. This indicator reflects the government’s reliance on domestic financing and the capacity of local markets to absorb public debt.",Tesouro Nacional do Brasil,2026-07-16,552c5aa45946caf7,GGDBTTOTLCN,Total gross debt,AUTO_CANDIDATE,HIGH,IDB_LMW_RULE_CANDIDATE,public debt,OTHER,UNSPECIFIED,0,95,98,False
External Public Debt,"% of total external debt, end of period",,Annual,03_Fiscal Accounts and Public Debt,02_General Government,52,3,2002,2025,"External Public Debt (General Government) refers to the outstanding stock of public debt contracted by the general government with non-resident creditors. It includes external loans, bonds, and other financial obligations held by foreign entities. This indicator reflects the government’s reliance on external financing and exposure to international financial conditions.",Tesouro Nacional do Brasil,2026-07-16,9a021a48908c25b7,GGDBTTOTLCN,Total gross debt,AUTO_CANDIDATE,HIGH,IDB_LMW_RULE_CANDIDATE,public debt,OTHER,UNSPECIFIED,0,95,98,False
Public Debt in Domestic Currency,"millions of domestic currency, end of period",,Annual,03_Fiscal Accounts and Public Debt,01_Central Government,53,2,1995,2025,"Public Debt in Domestic Currency (Central Government) refers to the outstanding stock of public debt denominated in the domestic currency, contracted by the central government with both resident and non-resident creditors. It includes loans, bonds, and other financial instruments issued or payable in local currency. This indicator reflects reliance on local currency financing and the government’s exposure to domestic monetary and financial conditions.",Tesouro Nacional do Brasil,2026-07-16,343fd71d12fa6c7f,GGDBTTOTLCN,Total gross debt,AUTO_CANDIDATE,HIGH,IDB_LMW_RULE_CANDIDATE,public debt,OTHER,UNSPECIFIED,0,95,97,False
Public Debt in Domestic Currency,"millions of domestic currency, avg. of period",,Annual,03_Fiscal Accounts and Public Debt,01_Central Government,45,2,2003,2025,"Public Debt in Domestic Currency (Central Government) refers to the outstanding stock of public debt denominated in the domestic currency, contracted by the central government with both resident and non-resident creditors. It includes loans, bonds, and other financial instruments issued or payable in local currency. This indicator reflects reliance on local currency financing and the government’s exposure to domestic monetary and financial conditions.",Tesouro Nacional do Brasil,2026-07-16,a0670272d2c587ed,GGDBTTOTLCN,Total gross debt,AUTO_CANDIDATE,HIGH,IDB_LMW_RULE_CANDIDATE,public debt,OTHER,UNSPECIFIED,0,95,97,False
Public Debt in Domestic Currency,"fiscal year (Q4–Q3 aggregation), avg. of period",,Annual,03_Fiscal Accounts and Public Debt,01_Central Government,43,2,2004,2025,"Public Debt in Domestic Currency (Central Government) refers to the outstanding stock of public debt denominated in the domestic currency, contracted by the central government with both resident and non-resident creditors. It includes loans, bonds, and other financial instruments issued or payable in local currency. This indicator reflects reliance on local currency financing and the government’s exposure to domestic monetary and financial conditions.",Tesouro Nacional do Brasil,2026-07-16,fdcb285a5904e02a,GGDBTTOTLCN,Total gross debt,AUTO_CANDIDATE,HIGH,IDB_LMW_RULE_CANDIDATE,public debt,OTHER,UNSPECIFIED,0,95,97,False
Public Debt in Domestic Currency,"fiscal year (Q4–Q3 aggregation), end of period",,Annual,03_Fiscal Accounts and Public Debt,01_Central Government,43,2,2004,2025,"Public Debt in Domestic Currency (Central Government) refers to the outstanding stock of public debt denominated in the domestic currency, contracted by the central government with both resident and non-resident creditors. It includes loans, bonds, and other financial instruments issued or payable in local currency. This indicator reflects reliance on local currency financing and the government’s exposure to domestic monetary and financial conditions.",Tesouro Nacional do Brasil,2026-07-16,fa513b50c7462889,GGDBTTOTLCN,Total gross debt,AUTO_CANDIDATE,HIGH,IDB_LMW_RULE_CANDIDATE,public debt,OTHER,UNSPECIFIED,0,95,97,False
Public Debt in Foreign Currency,"fiscal year (Q4–Q3 aggregation), avg. of period",,Annual,03_Fiscal Accounts and Public Debt,01_Central Government,43,2,2004,2025,"Public Debt in Foreign Currency (Central Government) refers to the outstanding stock of public debt denominated in foreign currencies, contracted by the central government with both resident and non-resident creditors. It includes loans, bonds, and other financial instruments issued or payable in foreign currency. This indicator reflects exposure to exchange rate risk and external financial vulnerabilities.",Tesouro Nacional do Brasil,2026-07-16,f730a57e36666861,GGDBTTOTLCN,Total gross debt,AUTO_CANDIDATE,HIGH,IDB_LMW_RULE_CANDIDATE,public debt,OTHER,UNSPECIFIED,0,95,97,False
Public Debt in Foreign Currency,"fiscal year (Q4–Q3 aggregation), end of period",,Annual,03_Fiscal Accounts and Public Debt,01_Central Government,43,2,2004,2025,"Public Debt in Foreign Currency (Central Government) refers to the outstanding stock of public debt denominated in foreign currencies, contracted by the central government with both resident and non-resident creditors. It includes loans, bonds, and other financial instruments issued or payable in foreign currency. This indicator reflects exposure to exchange rate risk and external financial vulnerabilities.",Tesouro Nacional do Brasil,2026-07-16,eeaf1d07ab93a385,GGDBTTOTLCN,Total gross debt,AUTO_CANDIDATE,HIGH,IDB_LMW_RULE_CANDIDATE,public debt,OTHER,UNSPECIFIED,0,95,97,False
Public Debt in Domestic Currency,"millions of domestic currency, end of period",,Annual,03_Fiscal Accounts and Public Debt,03_Non Financial Public Sector,38,2,1999,2025,"Public Debt in Domestic Currency (Non-Financial Public Sector) refers to the outstanding stock of public debt denominated in the domestic currency, contracted by the non-financial public sector with both resident and non-resident creditors. It includes loans, bonds, and other financial instruments issued or payable in local currency. This indicator reflects reliance on local currency financing and the government’s exposure to domestic monetary and financial conditions.",Ministerio de Economía y Hacienda de Rep. Dominicana,2026-08-03,2789939ddb0f2fc2,GGDBTTOTLCN,Total gross debt,AUTO_CANDIDATE,HIGH,IDB_LMW_RULE_CANDIDATE,public debt,OTHER,UNSPECIFIED,0,95,97,False
Public Debt in Domestic Currency,"millions of domestic currency, avg. of period",,Annual,03_Fiscal Accounts and Public Debt,03_Non Financial Public Sector,37,2,2000,2025,"Public Debt in Domestic Currency (Non-Financial Public Sector) refers to the outstanding stock of public debt denominated in the domestic currency, contracted by the non-financial public sector with both resident and non-resident creditors. It includes loans, bonds, and other financial instruments issued or payable in local currency. This indicator reflects reliance on local currency financing and the government’s exposure to domestic monetary and financial conditions.",Ministerio de Economía y Hacienda de Rep. Dominicana,2026-08-03,70e6603239747068,GGDBTTOTLCN,Total gross debt,AUTO_CANDIDATE,HIGH,IDB_LMW_RULE_CANDIDATE,public debt,OTHER,UNSPECIFIED,0,95,97,False
External Public Debt,fiscal year (Q4–Q3 aggregation),,Annual,03_Fiscal Accounts and Public Debt,02_General Government,32,2,2003,2025,"External Public Debt (General Government) refers to the outstanding stock of public debt contracted by the general government with non-resident creditors. It includes external loans, bonds, and other financial obligations held by foreign entities. This indicator reflects the government’s reliance on external financing and exposure to international financial conditions.",Tesouro Nacional do Brasil,2026-07-16,9d35ebf25e832a67,GGDBTTOTLCN,Total gross debt,AUTO_CANDIDATE,HIGH,IDB_LMW_RULE_CANDIDATE,public debt,OTHER,UNSPECIFIED,0,95,97,False
Domestic Public Debt,"fiscal year (Q4–Q3 aggregation), end of period",,Annual,03_Fiscal Accounts and Public Debt,02_General Government,27,2,2009,2025,"Domestic Public Debt (General Government) refers to the outstanding stock of public debt contracted by the general government with resident creditors. It includes loans, bonds, and other financial obligations held by domestic financial institutions, companies, or individuals. This indicator reflects the government’s reliance on domestic financing and the capacity of local markets to absorb public debt.",Ministerio de Hacienda de Costa Rica,2026-08-03,c37034069feb250c,GGDBTTOTLCN,Total gross debt,AUTO_CANDIDATE,HIGH,IDB_LMW_RULE_CANDIDATE,public debt,OTHER,UNSPECIFIED,0,95,97,False
Domestic Public Debt,"fiscal year (Q4–Q3 aggregation), avg. of period",,Annual,03_Fiscal Accounts and Public Debt,02_General Government,26,2,2009,2025,"Domestic Public Debt (General Government) refers to the outstanding stock of public debt contracted by the general government with resident creditors. It includes loans, bonds, and other financial obligations held by domestic financial institutions, companies, or individuals. This indicator reflects the government’s reliance on domestic financing and the capacity of local markets to absorb public debt.",Ministerio de Hacienda de Costa Rica,2026-08-03,49b00248903c3911,GGDBTTOTLCN,Total gross debt,AUTO_CANDIDATE,HIGH,IDB_LMW_RULE_CANDIDATE,public debt,OTHER,UNSPECIFIED,0,95,97,False
Public Debt in Foreign Currency,"fiscal year (Q4–Q3 aggregation), end of period",,Annual,03_Fiscal Accounts and Public Debt,03_Non Financial Public Sector,18,2,2016,2025,"Public Debt in Foreign Currency (Non-Financial Public Sector) refers to the outstanding stock of public debt denominated in foreign currencies, contracted by the non-financial public sector with both resident and non-resident creditors. It includes loans, bonds, and other financial instruments issued or payable in foreign currency. This indicator reflects exposure to exchange rate risk and external financial vulnerabilities.",Ministerio de Economía y Hacienda de Rep. Dominicana,2026-08-03,9b2379334685a681,GGDBTTOTLCN,Total gross debt,AUTO_CANDIDATE,HIGH,IDB_LMW_RULE_CANDIDATE,public debt,OTHER,UNSPECIFIED,0,95,97,False
Public Debt in Domestic Currency,fiscal year (Q4–Q3 aggregation),,Annual,03_Fiscal Accounts and Public Debt,03_Non Financial Public Sector,26,1,2000,2025,"Public Debt in Domestic Currency (Non-Financial Public Sector) refers to the outstanding stock of public debt denominated in the domestic currency, contracted by the non-financial public sector with both resident and non-resident creditors. It includes loans, bonds, and other financial instruments issued or payable in local currency. This indicator reflects reliance on local currency financing and the government’s exposure to domestic monetary and financial conditions.",Ministerio de Economía y Finanzas de Uruguay,2026-07-16,464fea4521340519,GGDBTTOTLCN,Total gross debt,AUTO_CANDIDATE,HIGH,IDB_LMW_RULE_CANDIDATE,public debt,OTHER,UNSPECIFIED,0,95,96,False
Public Debt in Foreign Currency,fiscal year (Q4–Q3 aggregation),,Annual,03_Fiscal Accounts and Public Debt,03_Non Financial Public Sector,26,1,2000,2025,"Public Debt in Foreign Currency (Non-Financial Public Sector) refers to the outstanding stock of public debt denominated in foreign currencies, contracted by the non-financial public sector with both resident and non-resident creditors. It includes loans, bonds, and other financial instruments issued or payable in foreign currency. This indicator reflects exposure to exchange rate risk and external financial vulnerabilities.",Ministerio de Economía y Finanzas de Uruguay,2026-07-16,6f5f872a47af6f25,GGDBTTOTLCN,Total gross debt,AUTO_CANDIDATE,HIGH,IDB_LMW_RULE_CANDIDATE,public debt,OTHER,UNSPECIFIED,0,95,96,False
Domestic Public Debt,fiscal year (Q4–Q3 aggregation),,Annual,03_Fiscal Accounts and Public Debt,02_General Government,23,1,2003,2025,"Domestic Public Debt (General Government) refers to the outstanding stock of public debt contracted by the general government with resident creditors. It includes loans, bonds, and other financial obligations held by domestic financial institutions, companies, or individuals. This indicator reflects the government’s reliance on domestic financing and the capacity of local markets to absorb public debt.",Tesouro Nacional do Brasil,2026-07-16,6e4ed664f37e14e3,GGDBTTOTLCN,Total gross debt,AUTO_CANDIDATE,HIGH,IDB_LMW_RULE_CANDIDATE,public debt,OTHER,UNSPECIFIED,0,95,96,False
Domestic Public Debt,millions of domestic currency,,Annual,03_Fiscal Accounts and Public Debt,03_Non Financial Public Sector,22,1,2004,2025,"Domestic Public Debt (Non-Financial Public Sector) refers to the outstanding stock of public debt contracted by the non-financial public sector with resident creditors. It includes loans, bonds, and other financial obligations held by domestic financial institutions, companies, or individuals. This indicator reflects the government’s reliance on domestic financing and the capacity of local markets to absorb public debt.",Ministerio de Economía y Finanzas de Paraguay,2026-07-16,fb0a278b3a9d5cd6,GGDBTTOTLCN,Total gross debt,AUTO_CANDIDATE,HIGH,IDB_LMW_RULE_CANDIDATE,public debt,OTHER,UNSPECIFIED,0,95,96,False
Domestic Public Debt,millions of domestic currency,,Annual,03_Fiscal Accounts and Public Debt,01_Central Government,18,1,2008,2025,"Domestic Public Debt (Central Government) refers to the outstanding stock of public debt contracted by the central government with resident creditors. It includes loans, bonds, and other financial obligations held by domestic financial institutions, companies, or individuals. This indicator reflects the government’s reliance on domestic financing and the capacity of local markets to absorb public debt.",Secretaria de Finanzas de Honduras,2026-07-16,7f98ce4c6b7d0a64,GGDBTTOTLCN,Total gross debt,AUTO_CANDIDATE,HIGH,IDB_LMW_RULE_CANDIDATE,public debt,OTHER,UNSPECIFIED,0,95,96,False
External Public Debt,% of total external debt,,Annual,03_Fiscal Accounts and Public Debt,03_Non Financial Public Sector,18,1,2008,2025,"External Public Debt (Non-Financial Public Sector) refers to the outstanding stock of public debt contracted by the non-financial public sector with non-resident creditors. It includes external loans, bonds, and other financial obligations held by foreign entities. This indicator reflects the government’s reliance on external financing and exposure to international financial conditions.",Ministerio de Economía y Finanzas de Paraguay,2026-07-16,331891f1dfa7b62d,GGDBTTOTLCN,Total gross debt,AUTO_CANDIDATE,HIGH,IDB_LMW_RULE_CANDIDATE,public debt,OTHER,UNSPECIFIED,0,95,96,False
External Public Debt,"fiscal year (Q4–Q3 aggregation), avg. of period",,Annual,03_Fiscal Accounts and Public Debt,02_General Government,17,1,2009,2025,"External Public Debt (General Government) refers to the outstanding stock of public debt contracted by the general government with non-resident creditors. It includes external loans, bonds, and other financial obligations held by foreign entities. This indicator reflects the government’s reliance on external financing and exposure to international financial conditions.",Ministerio de Hacienda de Costa Rica,2026-08-03,22dc64bfbf09c6ee,GGDBTTOTLCN,Total gross debt,AUTO_CANDIDATE,HIGH,IDB_LMW_RULE_CANDIDATE,public debt,OTHER,UNSPECIFIED,0,95,96,False
External Public Debt,"fiscal year (Q4–Q3 aggregation), end of period",,Annual,03_Fiscal Accounts and Public Debt,02_General Government,17,1,2009,2025,"External Public Debt (General Government) refers to the outstanding stock of public debt contracted by the general government with non-resident creditors. It includes external loans, bonds, and other financial obligations held by foreign entities. This indicator reflects the government’s reliance on external financing and exposure to international financial conditions.",Ministerio de Hacienda de Costa Rica,2026-08-03,17259a4ad80d5d55,GGDBTTOTLCN,Total gross debt,AUTO_CANDIDATE,HIGH,IDB_LMW_RULE_CANDIDATE,public debt,OTHER,UNSPECIFIED,0,95,96,False
External Public Debt,% of total external debt,,Annual,03_Fiscal Accounts and Public Debt,01_Central Government,10,1,2016,2025,"External Public Debt (Central Government) refers to the outstanding stock of public debt contracted by the central government with non-resident creditors. It includes external loans, bonds, and other financial obligations held by foreign entities. This indicator reflects the government’s reliance on external financing and exposure to international financial conditions.",Secretaria de Finanzas de Honduras,2026-07-16,fb2805b657ceee01,GGDBTTOTLCN,Total gross debt,AUTO_CANDIDATE,HIGH,IDB_LMW_RULE_CANDIDATE,public debt,OTHER,UNSPECIFIED,0,95,96,False
Public Debt in Domestic Currency,"fiscal year (Q4–Q3 aggregation), end of period",,Annual,03_Fiscal Accounts and Public Debt,03_Non Financial Public Sector,10,1,2016,2025,"Public Debt in Domestic Currency (Non-Financial Public Sector) refers to the outstanding stock of public debt denominated in the domestic currency, contracted by the non-financial public sector with both resident and non-resident creditors. It includes loans, bonds, and other financial instruments issued or payable in local currency. This indicator reflects reliance on local currency financing and the government’s exposure to domestic monetary and financial conditions.",Ministerio de Economía y Hacienda de Rep. Dominicana,2026-08-03,c0628a9bc1c7fe94,GGDBTTOTLCN,Total gross debt,AUTO_CANDIDATE,HIGH,IDB_LMW_RULE_CANDIDATE,public debt,OTHER,UNSPECIFIED,0,95,96,False
Public Debt in Foreign Currency,"fiscal year (Q4–Q3 aggregation), avg. of period",,Annual,03_Fiscal Accounts and Public Debt,03_Non Financial Public Sector,8,1,2018,2025,"Public Debt in Foreign Currency (Non-Financial Public Sector) refers to the outstanding stock of public debt denominated in foreign currencies, contracted by the non-financial public sector with both resident and non-resident creditors. It includes loans, bonds, and other financial instruments issued or payable in foreign currency. This indicator reflects exposure to exchange rate risk and external financial vulnerabilities.",Ministerio de Economía y Finanzas de Perú,2026-07-16,c909566d9c28acbd,GGDBTTOTLCN,Total gross debt,AUTO_CANDIDATE,HIGH,IDB_LMW_RULE_CANDIDATE,public debt,OTHER,UNSPECIFIED,0,95,96,False
Domestic Public Debt,"constant prices – CPI-deflated, end of period",,Annual,03_Fiscal Accounts and Public Debt,01_Central Government,162,11,1995,2025,"Domestic Public Debt (Central Government) refers to the outstanding stock of public debt contracted by the central government with resident creditors. It includes loans, bonds, and other financial obligations held by domestic financial institutions, companies, or individuals. This indicator reflects the government’s reliance on domestic financing and the capacity of local markets to absorb public debt.",Ministerio de Economía de Argentina,2026-07-16,fbc02b5b1aaa7458,GGDBTTOTLCN,Total gross debt,AUTO_CANDIDATE,HIGH,IDB_LMW_RULE_CANDIDATE,public debt,CONSTANT_OTHER,UNSPECIFIED,-250,95,-144,False
Domestic Public Debt,"constant prices – CPI-deflated, avg. of period",,Annual,03_Fiscal Accounts and Public Debt,01_Central Government,146,10,1995,2025,"Domestic Public Debt (Central Government) refers to the outstanding stock of public debt contracted by the central government with resident creditors. It includes loans, bonds, and other financial obligations held by domestic financial institutions, companies, or individuals. This indicator reflects the government’s reliance on domestic financing and the capacity of local markets to absorb public debt.",Ministerio de Economía de Argentina,2026-07-16,b66c29d44b672c14,GGDBTTOTLCN,Total gross debt,AUTO_CANDIDATE,HIGH,IDB_LMW_RULE_CANDIDATE,public debt,CONSTANT_OTHER,UNSPECIFIED,-250,95,-145,False
Domestic Public Debt,"constant prices – CPI-deflated, end of period",,Annual,03_Fiscal Accounts and Public Debt,03_Non Financial Public Sector,209,8,1990,2025,"Domestic Public Debt (Non-Financial Public Sector) refers to the outstanding stock of public debt contracted by the non-financial public sector with resident creditors. It includes loans, bonds, and other financial obligations held by domestic financial institutions, companies, or individuals. This indicator reflects the government’s reliance on domestic financing and the capacity of local markets to absorb public debt.",Ministerio de Hacienda y Crédito Público de Colombia,2026-07-16,5a925dd86a79fafd,GGDBTTOTLCN,Total gross debt,AUTO_CANDIDATE,HIGH,IDB_LMW_RULE_CANDIDATE,public debt,CONSTANT_OTHER,UNSPECIFIED,-250,95,-147,False
Domestic Public Debt,"constant prices – CPI-deflated, avg. of period",,Annual,03_Fiscal Accounts and Public Debt,03_Non Financial Public Sector,197,8,1990,2025,"Domestic Public Debt (Non-Financial Public Sector) refers to the outstanding stock of public debt contracted by the non-financial public sector with resident creditors. It includes loans, bonds, and other financial obligations held by domestic financial institutions, companies, or individuals. This indicator reflects the government’s reliance on domestic financing and the capacity of local markets to absorb public debt.",Ministerio de Hacienda y Crédito Público de Colombia,2026-07-16,424d56125c6fa55f,GGDBTTOTLCN,Total gross debt,AUTO_CANDIDATE,HIGH,IDB_LMW_RULE_CANDIDATE,public debt,CONSTANT_OTHER,UNSPECIFIED,-250,95,-147,False
Total Public Debt,"millions of USD, end of period",YoY %,Annual,03_Fiscal Accounts and Public Debt,03_Non Financial Public Sector,217,9,1991,2025,"Total Public Debt (Non-Financial Public Sector) refers to the outstanding stock of public debt contracted by the non-financial public sector, both with resident and non-resident creditors. It includes external and domestic debt instruments such as loans, bonds, and other financial obligations. This indicator reflects the overall indebtedness of the public sector and its financing needs.",Ministerio de Hacienda y Crédito Público de Colombia,2026-07-16,e931de20804d6fdf,GGDBTTOTLCN,Total gross debt,AUTO_CANDIDATE,HIGH,IDB_LMW_RULE_CANDIDATE,public debt | total public debt,TRANSFORMED_NONLEVEL,UNSPECIFIED,-280,120,-151,False
Total Public Debt,"millions of USD, avg. of period",YoY %,Annual,03_Fiscal Accounts and Public Debt,03_Non Financial Public Sector,204,9,1991,2025,"Total Public Debt (Non-Financial Public Sector) refers to the outstanding stock of public debt contracted by the non-financial public sector, both with resident and non-resident creditors. It includes external and domestic debt instruments such as loans, bonds, and other financial obligations. This indicator reflects the overall indebtedness of the public sector and its financing needs.",Ministerio de Hacienda y Crédito Público de Colombia,2026-07-16,b7847c930d64436c,GGDBTTOTLCN,Total gross debt,AUTO_CANDIDATE,HIGH,IDB_LMW_RULE_CANDIDATE,public debt | total public debt,TRANSFORMED_NONLEVEL,UNSPECIFIED,-280,120,-151,False
Total Public Debt,"millions of USD, end of period",YoY %,Annual,03_Fiscal Accounts and Public Debt,01_Central Government,133,9,1996,2025,"Total Public Debt (Central Government) refers to the outstanding stock of public debt contracted by the central government, both with resident and non-resident creditors. It includes external and domestic debt instruments such as loans, bonds, and other financial obligations. This indicator reflects the overall indebtedness of the government and its financing needs.",Ministerio de Economía de Argentina,2026-07-16,a18408e10a3c8375,GGDBTTOTLCN,Total gross debt,AUTO_CANDIDATE,HIGH,IDB_LMW_RULE_CANDIDATE,public debt | total public debt,TRANSFORMED_NONLEVEL,UNSPECIFIED,-280,120,-151,False
Total Public Debt,"millions of USD, avg. of period",YoY %,Annual,03_Fiscal Accounts and Public Debt,01_Central Government,122,8,1996,2025,"Total Public Debt (Central Government) refers to the outstanding stock of public debt contracted by the central government, both with resident and non-resident creditors. It includes external and domestic debt instruments such as loans, bonds, and other financial obligations. This indicator reflects the overall indebtedness of the government and its financing needs.",Ministerio de Economía de Argentina,2026-07-16,d5c4c8dab6ca0d8b,GGDBTTOTLCN,Total gross debt,AUTO_CANDIDATE,HIGH,IDB_LMW_RULE_CANDIDATE,public debt | total public debt,TRANSFORMED_NONLEVEL,UNSPECIFIED,-280,120,-152,False
Domestic Public Debt,"constant prices – CPI-deflated, end of period",,Annual,03_Fiscal Accounts and Public Debt,02_General Government,56,3,2002,2025,"Domestic Public Debt (General Government) refers to the outstanding stock of public debt contracted by the general government with resident creditors. It includes loans, bonds, and other financial obligations held by domestic financial institutions, companies, or individuals. This indicator reflects the government’s reliance on domestic financing and the capacity of local markets to absorb public debt.",Tesouro Nacional do Brasil,2026-07-16,ad3cd2d7192333c3,GGDBTTOTLCN,Total gross debt,AUTO_CANDIDATE,HIGH,IDB_LMW_RULE_CANDIDATE,public debt,CONSTANT_OTHER,UNSPECIFIED,-250,95,-152,False
Domestic Public Debt,"constant prices – CPI-deflated, avg. of period",,Annual,03_Fiscal Accounts and Public Debt,02_General Government,52,3,2002,2025,"Domestic Public Debt (General Government) refers to the outstanding stock of public debt contracted by the general government with resident creditors. It includes loans, bonds, and other financial obligations held by domestic financial institutions, companies, or individuals. This indicator reflects the government’s reliance on domestic financing and the capacity of local markets to absorb public debt.",Tesouro Nacional do Brasil,2026-07-16,2cfac76a8a679a4f,GGDBTTOTLCN,Total gross debt,AUTO_CANDIDATE,HIGH,IDB_LMW_RULE_CANDIDATE,public debt,CONSTANT_OTHER,UNSPECIFIED,-250,95,-152,False
Public Debt in Domestic Currency,"constant prices – CPI-deflated, end of period",,Annual,03_Fiscal Accounts and Public Debt,01_Central Government,53,2,1995,2025,"Public Debt in Domestic Currency (Central Government) refers to the outstanding stock of public debt denominated in the domestic currency, contracted by the central government with both resident and non-resident creditors. It includes loans, bonds, and other financial instruments issued or payable in local currency. This indicator reflects reliance on local currency financing and the government’s exposure to domestic monetary and financial conditions.",Tesouro Nacional do Brasil,2026-07-16,9e000530f3b6ddde,GGDBTTOTLCN,Total gross debt,AUTO_CANDIDATE,HIGH,IDB_LMW_RULE_CANDIDATE,public debt,CONSTANT_OTHER,UNSPECIFIED,-250,95,-153,False
Public Debt in Domestic Currency,"constant prices – CPI-deflated, avg. of period",,Annual,03_Fiscal Accounts and Public Debt,01_Central Government,45,2,2003,2025,"Public Debt in Domestic Currency (Central Government) refers to the outstanding stock of public debt denominated in the domestic currency, contracted by the central government with both resident and non-resident creditors. It includes loans, bonds, and other financial instruments issued or payable in local currency. This indicator reflects reliance on local currency financing and the government’s exposure to domestic monetary and financial conditions.",Tesouro Nacional do Brasil,2026-07-16,af14ad898a5dfab5,GGDBTTOTLCN,Total gross debt,AUTO_CANDIDATE,HIGH,IDB_LMW_RULE_CANDIDATE,public debt,CONSTANT_OTHER,UNSPECIFIED,-250,95,-153,False
Public Debt in Domestic Currency,"constant prices – CPI-deflated, end of period",,Annual,03_Fiscal Accounts and Public Debt,03_Non Financial Public Sector,38,2,1999,2025,"Public Debt in Domestic Currency (Non-Financial Public Sector) refers to the outstanding stock of public debt denominated in the domestic currency, contracted by the non-financial public sector with both resident and non-resident creditors. It includes loans, bonds, and other financial instruments issued or payable in local currency. This indicator reflects reliance on local currency financing and the government’s exposure to domestic monetary and financial conditions.",Ministerio de Economía y Hacienda de Rep. Dominicana,2026-08-03,b455833d7e6e7776,GGDBTTOTLCN,Total gross debt,AUTO_CANDIDATE,HIGH,IDB_LMW_RULE_CANDIDATE,public debt,CONSTANT_OTHER,UNSPECIFIED,-250,95,-153,False
Public Debt in Domestic Currency,"constant prices – CPI-deflated, avg. of period",,Annual,03_Fiscal Accounts and Public Debt,03_Non Financial Public Sector,37,2,2000,2025,"Public Debt in Domestic Currency (Non-Financial Public Sector) refers to the outstanding stock of public debt denominated in the domestic currency, contracted by the non-financial public sector with both resident and non-resident creditors. It includes loans, bonds, and other financial instruments issued or payable in local currency. This indicator reflects reliance on local currency financing and the government’s exposure to domestic monetary and financial conditions.",Ministerio de Economía y Hacienda de Rep. Dominicana,2026-08-03,e087c3a68ab91360,GGDBTTOTLCN,Total gross debt,AUTO_CANDIDATE,HIGH,IDB_LMW_RULE_CANDIDATE,public debt,CONSTANT_OTHER,UNSPECIFIED,-250,95,-153,False
Domestic Public Debt,constant prices – CPI-deflated,,Annual,03_Fiscal Accounts and Public Debt,03_Non Financial Public Sector,22,1,2004,2025,"Domestic Public Debt (Non-Financial Public Sector) refers to the outstanding stock of public debt contracted by the non-financial public sector with resident creditors. It includes loans, bonds, and other financial obligations held by domestic financial institutions, companies, or individuals. This indicator reflects the government’s reliance on domestic financing and the capacity of local markets to absorb public debt.",Ministerio de Economía y Finanzas de Paraguay,2026-07-16,c810952c2018e7cb,GGDBTTOTLCN,Total gross debt,AUTO_CANDIDATE,HIGH,IDB_LMW_RULE_CANDIDATE,public debt,CONSTANT_OTHER,UNSPECIFIED,-250,95,-154,False
Domestic Public Debt,constant prices – CPI-deflated,,Annual,03_Fiscal Accounts and Public Debt,01_Central Government,18,1,2008,2025,"Domestic Public Debt (Central Government) refers to the outstanding stock of public debt contracted by the central government with resident creditors. It includes loans, bonds, and other financial obligations held by domestic financial institutions, companies, or individuals. This indicator reflects the government’s reliance on domestic financing and the capacity of local markets to absorb public debt.",Secretaria de Finanzas de Honduras,2026-07-16,4598affc46182313,GGDBTTOTLCN,Total gross debt,AUTO_CANDIDATE,HIGH,IDB_LMW_RULE_CANDIDATE,public debt,CONSTANT_OTHER,UNSPECIFIED,-250,95,-154,False
Total Public Debt,"millions of USD, end of period",YoY %,Annual,03_Fiscal Accounts and Public Debt,02_General Government,54,3,1999,2025,"Total Public Debt (General Government) refers to the outstanding stock of public debt contracted by the general government, both with resident and non-resident creditors. It includes external and domestic debt instruments such as loans, bonds, and other financial obligations. This indicator reflects the overall indebtedness of the government and its financing needs.",Tesouro Nacional do Brasil,2026-07-16,2a83948a00d67d4c,GGDBTTOTLCN,Total gross debt,AUTO_CANDIDATE,HIGH,IDB_LMW_RULE_CANDIDATE,public debt | total public debt,TRANSFORMED_NONLEVEL,UNSPECIFIED,-280,120,-157,False
Total Public Debt,"millions of USD, avg. of period",YoY %,Annual,03_Fiscal Accounts and Public Debt,02_General Government,53,3,2000,2025,"Total Public Debt (General Government) refers to the outstanding stock of public debt contracted by the general government, both with resident and non-resident creditors. It includes external and domestic debt instruments such as loans, bonds, and other financial obligations. This indicator reflects the overall indebtedness of the government and its financing needs.",Tesouro Nacional do Brasil,2026-07-16,3db751ca9853de46,GGDBTTOTLCN,Total gross debt,AUTO_CANDIDATE,HIGH,IDB_LMW_RULE_CANDIDATE,public debt | total public debt,TRANSFORMED_NONLEVEL,UNSPECIFIED,-280,120,-157,False
Total Public Debt,millions of USD,YoY %,Annual,03_Fiscal Accounts and Public Debt,03_Non Financial Public Sector,21,1,2005,2025,"Total Public Debt (Non-Financial Public Sector) refers to the outstanding stock of public debt contracted by the non-financial public sector, both with resident and non-resident creditors. It includes external and domestic debt instruments such as loans, bonds, and other financial obligations. This indicator reflects the overall indebtedness of the public sector and its financing needs.",Ministerio de Economía y Finanzas de Paraguay,2026-07-16,79d6222e96f7a3da,GGDBTTOTLCN,Total gross debt,AUTO_CANDIDATE,HIGH,IDB_LMW_RULE_CANDIDATE,public debt | total public debt,TRANSFORMED_NONLEVEL,UNSPECIFIED,-280,120,-159,False
Total Public Debt,millions of USD,YoY %,Annual,03_Fiscal Accounts and Public Debt,01_Central Government,17,1,2009,2025,"Total Public Debt (Central Government) refers to the outstanding stock of public debt contracted by the central government, both with resident and non-resident creditors. It includes external and domestic debt instruments such as loans, bonds, and other financial obligations. This indicator reflects the overall indebtedness of the government and its financing needs.",Secretaria de Finanzas de Honduras,2026-07-16,d376b6d28e7738dd,GGDBTTOTLCN,Total gross debt,AUTO_CANDIDATE,HIGH,IDB_LMW_RULE_CANDIDATE,public debt | total public debt,TRANSFORMED_NONLEVEL,UNSPECIFIED,-280,120,-159,False
Domestic Public Debt,"millions of USD, end of period",YoY %,Annual,03_Fiscal Accounts and Public Debt,01_Central Government,160,11,1996,2025,"Domestic Public Debt (Central Government) refers to the outstanding stock of public debt contracted by the central government with resident creditors. It includes loans, bonds, and other financial obligations held by domestic financial institutions, companies, or individuals. This indicator reflects the government’s reliance on domestic financing and the capacity of local markets to absorb public debt.",Ministerio de Economía de Argentina,2026-07-16,286964ea94d43f5f,GGDBTTOTLCN,Total gross debt,AUTO_CANDIDATE,HIGH,IDB_LMW_RULE_CANDIDATE,public debt,TRANSFORMED_NONLEVEL,UNSPECIFIED,-280,95,-174,False
External Public Debt,"millions of USD, end of period",YoY %,Annual,03_Fiscal Accounts and Public Debt,01_Central Government,160,11,1996,2025,"External Public Debt (Central Government) refers to the outstanding stock of public debt contracted by the central government with non-resident creditors. It includes external loans, bonds, and other financial obligations held by foreign entities. This indicator reflects the government’s reliance on external financing and exposure to international financial conditions.",Ministerio de Economía de Argentina,2026-07-16,6c1be61a6b7f86b8,GGDBTTOTLCN,Total gross debt,AUTO_CANDIDATE,HIGH,IDB_LMW_RULE_CANDIDATE,public debt,TRANSFORMED_NONLEVEL,UNSPECIFIED,-280,95,-174,False
External Public Debt,"millions of USD, avg. of period",YoY %,Annual,03_Fiscal Accounts and Public Debt,01_Central Government,149,10,1996,2026,"External Public Debt (Central Government) refers to the outstanding stock of public debt contracted by the central government with non-resident creditors. It includes external loans, bonds, and other financial obligations held by foreign entities. This indicator reflects the government’s reliance on external financing and exposure to international financial conditions.",Ministerio de Economía de Argentina,2026-07-16,f4d61fffd1b215b1,GGDBTTOTLCN,Total gross debt,AUTO_CANDIDATE,HIGH,IDB_LMW_RULE_CANDIDATE,public debt,TRANSFORMED_NONLEVEL,UNSPECIFIED,-280,95,-175,False
Domestic Public Debt,"millions of USD, avg. of period",YoY %,Annual,03_Fiscal Accounts and Public Debt,01_Central Government,148,10,1996,2025,"Domestic Public Debt (Central Government) refers to the outstanding stock of public debt contracted by the central government with resident creditors. It includes loans, bonds, and other financial obligations held by domestic financial institutions, companies, or individuals. This indicator reflects the government’s reliance on domestic financing and the capacity of local markets to absorb public debt.",Ministerio de Economía de Argentina,2026-07-16,199d74eeed1745e1,GGDBTTOTLCN,Total gross debt,AUTO_CANDIDATE,HIGH,IDB_LMW_RULE_CANDIDATE,public debt,TRANSFORMED_NONLEVEL,UNSPECIFIED,-280,95,-175,False
External Public Debt,"millions of USD, end of period",YoY %,Annual,03_Fiscal Accounts and Public Debt,03_Non Financial Public Sector,225,9,1991,2025,"External Public Debt (Non-Financial Public Sector) refers to the outstanding stock of public debt contracted by the non-financial public sector with non-resident creditors. It includes external loans, bonds, and other financial obligations held by foreign entities. This indicator reflects the government’s reliance on external financing and exposure to international financial conditions.",Ministerio de Economía y Finanzas Públicas de Bolivia,2026-07-16,81b1a2b61656d5a9,GGDBTTOTLCN,Total gross debt,AUTO_CANDIDATE,HIGH,IDB_LMW_RULE_CANDIDATE,public debt,TRANSFORMED_NONLEVEL,UNSPECIFIED,-280,95,-176,False
External Public Debt,"millions of USD, avg. of period",YoY %,Annual,03_Fiscal Accounts and Public Debt,03_Non Financial Public Sector,212,9,1991,2025,"External Public Debt (Non-Financial Public Sector) refers to the outstanding stock of public debt contracted by the non-financial public sector with non-resident creditors. It includes external loans, bonds, and other financial obligations held by foreign entities. This indicator reflects the government’s reliance on external financing and exposure to international financial conditions.",Ministerio de Economía y Finanzas Públicas de Bolivia,2026-07-16,732e77793e9c40bc,GGDBTTOTLCN,Total gross debt,AUTO_CANDIDATE,HIGH,IDB_LMW_RULE_CANDIDATE,public debt,TRANSFORMED_NONLEVEL,UNSPECIFIED,-280,95,-176,False
Domestic Public Debt,"millions of USD, end of period",YoY %,Annual,03_Fiscal Accounts and Public Debt,03_Non Financial Public Sector,202,8,1991,2025,"Domestic Public Debt (Non-Financial Public Sector) refers to the outstanding stock of public debt contracted by the non-financial public sector with resident creditors. It includes loans, bonds, and other financial obligations held by domestic financial institutions, companies, or individuals. This indicator reflects the government’s reliance on domestic financing and the capacity of local markets to absorb public debt.",Ministerio de Hacienda y Crédito Público de Colombia,2026-07-16,e89a302afa95ca8a,GGDBTTOTLCN,Total gross debt,AUTO_CANDIDATE,HIGH,IDB_LMW_RULE_CANDIDATE,public debt,TRANSFORMED_NONLEVEL,UNSPECIFIED,-280,95,-177,False
Domestic Public Debt,"millions of USD, avg. of period",YoY %,Annual,03_Fiscal Accounts and Public Debt,03_Non Financial Public Sector,189,8,1991,2025,"Domestic Public Debt (Non-Financial Public Sector) refers to the outstanding stock of public debt contracted by the non-financial public sector with resident creditors. It includes loans, bonds, and other financial obligations held by domestic financial institutions, companies, or individuals. This indicator reflects the government’s reliance on domestic financing and the capacity of local markets to absorb public debt.",Ministerio de Hacienda y Crédito Público de Colombia,2026-07-16,5348559a54d3ce6d,GGDBTTOTLCN,Total gross debt,AUTO_CANDIDATE,HIGH,IDB_LMW_RULE_CANDIDATE,public debt,TRANSFORMED_NONLEVEL,UNSPECIFIED,-280,95,-177,False
Domestic Public Debt,"millions of USD, end of period",YoY %,Annual,03_Fiscal Accounts and Public Debt,02_General Government,53,3,2003,2025,"Domestic Public Debt (General Government) refers to the outstanding stock of public debt contracted by the general government with resident creditors. It includes loans, bonds, and other financial obligations held by domestic financial institutions, companies, or individuals. This indicator reflects the government’s reliance on domestic financing and the capacity of local markets to absorb public debt.",Tesouro Nacional do Brasil,2026-07-16,cea21486796394bf,GGDBTTOTLCN,Total gross debt,AUTO_CANDIDATE,HIGH,IDB_LMW_RULE_CANDIDATE,public debt,TRANSFORMED_NONLEVEL,UNSPECIFIED,-280,95,-182,False
External Public Debt,"millions of USD, avg. of period",YoY %,Annual,03_Fiscal Accounts and Public Debt,02_General Government,50,3,2003,2026,"External Public Debt (General Government) refers to the outstanding stock of public debt contracted by the general government with non-resident creditors. It includes external loans, bonds, and other financial obligations held by foreign entities. This indicator reflects the government’s reliance on external financing and exposure to international financial conditions.",Tesouro Nacional do Brasil,2026-07-16,1085ff57826fbe87,GGDBTTOTLCN,Total gross debt,AUTO_CANDIDATE,HIGH,IDB_LMW_RULE_CANDIDATE,public debt,TRANSFORMED_NONLEVEL,UNSPECIFIED,-280,95,-182,False
External Public Debt,"millions of USD, end of period",YoY %,Annual,03_Fiscal Accounts and Public Debt,02_General Government,50,3,2003,2026,"External Public Debt (General Government) refers to the outstanding stock of public debt contracted by the general government with non-resident creditors. It includes external loans, bonds, and other financial obligations held by foreign entities. This indicator reflects the government’s reliance on external financing and exposure to international financial conditions.",Tesouro Nacional do Brasil,2026-07-16,87b971313d27ec27,GGDBTTOTLCN,Total gross debt,AUTO_CANDIDATE,HIGH,IDB_LMW_RULE_CANDIDATE,public debt,TRANSFORMED_NONLEVEL,UNSPECIFIED,-280,95,-182,False
Domestic Public Debt,"millions of USD, avg. of period",YoY %,Annual,03_Fiscal Accounts and Public Debt,02_General Government,49,3,2003,2025,"Domestic Public Debt (General Government) refers to the outstanding stock of public debt contracted by the general government with resident creditors. It includes loans, bonds, and other financial obligations held by domestic financial institutions, companies, or individuals. This indicator reflects the government’s reliance on domestic financing and the capacity of local markets to absorb public debt.",Tesouro Nacional do Brasil,2026-07-16,6d953878a88e6e9c,GGDBTTOTLCN,Total gross debt,AUTO_CANDIDATE,HIGH,IDB_LMW_RULE_CANDIDATE,public debt,TRANSFORMED_NONLEVEL,UNSPECIFIED,-280,95,-182,False
Public Debt in Foreign Currency,"millions of USD, end of period",YoY %,Annual,03_Fiscal Accounts and Public Debt,03_Non Financial Public Sector,44,3,2000,2025,"Public Debt in Foreign Currency (Non-Financial Public Sector) refers to the outstanding stock of public debt denominated in foreign currencies, contracted by the non-financial public sector with both resident and non-resident creditors. It includes loans, bonds, and other financial instruments issued or payable in foreign currency. This indicator reflects exposure to exchange rate risk and external financial vulnerabilities.",Ministerio de Economía y Hacienda de Rep. Dominicana,2026-08-03,f901629e46c1da84,GGDBTTOTLCN,Total gross debt,AUTO_CANDIDATE,HIGH,IDB_LMW_RULE_CANDIDATE,public debt,TRANSFORMED_NONLEVEL,UNSPECIFIED,-280,95,-182,False
Public Debt in Foreign Currency,"millions of USD, avg. of period",YoY %,Annual,03_Fiscal Accounts and Public Debt,03_Non Financial Public Sector,43,3,2001,2025,"Public Debt in Foreign Currency (Non-Financial Public Sector) refers to the outstanding stock of public debt denominated in foreign currencies, contracted by the non-financial public sector with both resident and non-resident creditors. It includes loans, bonds, and other financial instruments issued or payable in foreign currency. This indicator reflects exposure to exchange rate risk and external financial vulnerabilities.",Ministerio de Economía y Hacienda de Rep. Dominicana,2026-08-03,c5e919509aa3ce4c,GGDBTTOTLCN,Total gross debt,AUTO_CANDIDATE,HIGH,IDB_LMW_RULE_CANDIDATE,public debt,TRANSFORMED_NONLEVEL,UNSPECIFIED,-280,95,-182,False
Public Debt in Domestic Currency,"millions of USD, end of period",YoY %,Annual,03_Fiscal Accounts and Public Debt,01_Central Government,51,2,1996,2025,"Public Debt in Domestic Currency (Central Government) refers to the outstanding stock of public debt denominated in the domestic currency, contracted by the central government with both resident and non-resident creditors. It includes loans, bonds, and other financial instruments issued or payable in local currency. This indicator reflects reliance on local currency financing and the government’s exposure to domestic monetary and financial conditions.",Tesouro Nacional do Brasil,2026-07-16,ca3450ffe0132a2d,GGDBTTOTLCN,Total gross debt,AUTO_CANDIDATE,HIGH,IDB_LMW_RULE_CANDIDATE,public debt,TRANSFORMED_NONLEVEL,UNSPECIFIED,-280,95,-183,False
Public Debt in Foreign Currency,"millions of USD, end of period",YoY %,Annual,03_Fiscal Accounts and Public Debt,01_Central Government,51,2,1996,2025,"Public Debt in Foreign Currency (Central Government) refers to the outstanding stock of public debt denominated in foreign currencies, contracted by the central government with both resident and non-resident creditors. It includes loans, bonds, and other financial instruments issued or payable in foreign currency. This indicator reflects exposure to exchange rate risk and external financial vulnerabilities.",Tesouro Nacional do Brasil,2026-07-16,e2d1fefb53dd86f4,GGDBTTOTLCN,Total gross debt,AUTO_CANDIDATE,HIGH,IDB_LMW_RULE_CANDIDATE,public debt,TRANSFORMED_NONLEVEL,UNSPECIFIED,-280,95,-183,False
Public Debt in Domestic Currency,"millions of USD, avg. of period",YoY %,Annual,03_Fiscal Accounts and Public Debt,01_Central Government,43,2,2004,2025,"Public Debt in Domestic Currency (Central Government) refers to the outstanding stock of public debt denominated in the domestic currency, contracted by the central government with both resident and non-resident creditors. It includes loans, bonds, and other financial instruments issued or payable in local currency. This indicator reflects reliance on local currency financing and the government’s exposure to domestic monetary and financial conditions.",Tesouro Nacional do Brasil,2026-07-16,982fe1b30f878cc0,GGDBTTOTLCN,Total gross debt,AUTO_CANDIDATE,HIGH,IDB_LMW_RULE_CANDIDATE,public debt,TRANSFORMED_NONLEVEL,UNSPECIFIED,-280,95,-183,False
Public Debt in Foreign Currency,"millions of USD, avg. of period",YoY %,Annual,03_Fiscal Accounts and Public Debt,01_Central Government,43,2,2004,2025,"Public Debt in Foreign Currency (Central Government) refers to the outstanding stock of public debt denominated in foreign currencies, contracted by the central government with both resident and non-resident creditors. It includes loans, bonds, and other financial instruments issued or payable in foreign currency. This indicator reflects exposure to exchange rate risk and external financial vulnerabilities.",Tesouro Nacional do Brasil,2026-07-16,aed9d7d6f56d56e3,GGDBTTOTLCN,Total gross debt,AUTO_CANDIDATE,HIGH,IDB_LMW_RULE_CANDIDATE,public debt,TRANSFORMED_NONLEVEL,UNSPECIFIED,-280,95,-183,False
Public Debt in Domestic Currency,"millions of USD, end of period",YoY %,Annual,03_Fiscal Accounts and Public Debt,03_Non Financial Public Sector,36,2,2000,2025,"Public Debt in Domestic Currency (Non-Financial Public Sector) refers to the outstanding stock of public debt denominated in the domestic currency, contracted by the non-financial public sector with both resident and non-resident creditors. It includes loans, bonds, and other financial instruments issued or payable in local currency. This indicator reflects reliance on local currency financing and the government’s exposure to domestic monetary and financial conditions.",Ministerio de Economía y Hacienda de Rep. Dominicana,2026-08-03,5a318cf7ee68727d,GGDBTTOTLCN,Total gross debt,AUTO_CANDIDATE,HIGH,IDB_LMW_RULE_CANDIDATE,public debt,TRANSFORMED_NONLEVEL,UNSPECIFIED,-280,95,-183,False
Public Debt in Domestic Currency,"millions of USD, avg. of period",YoY %,Annual,03_Fiscal Accounts and Public Debt,03_Non Financial Public Sector,35,2,2001,2025,"Public Debt in Domestic Currency (Non-Financial Public Sector) refers to the outstanding stock of public debt denominated in the domestic currency, contracted by the non-financial public sector with both resident and non-resident creditors. It includes loans, bonds, and other financial instruments issued or payable in local currency. This indicator reflects reliance on local currency financing and the government’s exposure to domestic monetary and financial conditions.",Ministerio de Economía y Hacienda de Rep. Dominicana,2026-08-03,47bb81d314861bf0,GGDBTTOTLCN,Total gross debt,AUTO_CANDIDATE,HIGH,IDB_LMW_RULE_CANDIDATE,public debt,TRANSFORMED_NONLEVEL,UNSPECIFIED,-280,95,-183,False
Domestic Public Debt,millions of USD,YoY %,Annual,03_Fiscal Accounts and Public Debt,03_Non Financial Public Sector,21,1,2005,2025,"Domestic Public Debt (Non-Financial Public Sector) refers to the outstanding stock of public debt contracted by the non-financial public sector with resident creditors. It includes loans, bonds, and other financial obligations held by domestic financial institutions, companies, or individuals. This indicator reflects the government’s reliance on domestic financing and the capacity of local markets to absorb public debt.",Ministerio de Economía y Finanzas de Paraguay,2026-07-16,9ab9b47f7a73c607,GGDBTTOTLCN,Total gross debt,AUTO_CANDIDATE,HIGH,IDB_LMW_RULE_CANDIDATE,public debt,TRANSFORMED_NONLEVEL,UNSPECIFIED,-280,95,-184,False
External Public Debt,millions of USD,YoY %,Annual,03_Fiscal Accounts and Public Debt,03_Non Financial Public Sector,21,1,2005,2025,"External Public Debt (Non-Financial Public Sector) refers to the outstanding stock of public debt contracted by the non-financial public sector with non-resident creditors. It includes external loans, bonds, and other financial obligations held by foreign entities. This indicator reflects the government’s reliance on external financing and exposure to international financial conditions.",Ministerio de Economía y Finanzas de Paraguay,2026-07-16,f69e37cfc594464d,GGDBTTOTLCN,Total gross debt,AUTO_CANDIDATE,HIGH,IDB_LMW_RULE_CANDIDATE,public debt,TRANSFORMED_NONLEVEL,UNSPECIFIED,-280,95,-184,False
Domestic Public Debt,millions of USD,YoY %,Annual,03_Fiscal Accounts and Public Debt,01_Central Government,17,1,2009,2025,"Domestic Public Debt (Central Government) refers to the outstanding stock of public debt contracted by the central government with resident creditors. It includes loans, bonds, and other financial obligations held by domestic financial institutions, companies, or individuals. This indicator reflects the government’s reliance on domestic financing and the capacity of local markets to absorb public debt.",Secretaria de Finanzas de Honduras,2026-07-16,921d52c1b44b40ba,GGDBTTOTLCN,Total gross debt,AUTO_CANDIDATE,HIGH,IDB_LMW_RULE_CANDIDATE,public debt,TRANSFORMED_NONLEVEL,UNSPECIFIED,-280,95,-184,False
External Public Debt,millions of USD,YoY %,Annual,03_Fiscal Accounts and Public Debt,01_Central Government,17,1,2009,2025,"External Public Debt (Central Government) refers to the outstanding stock of public debt contracted by the central government with non-resident creditors. It includes external loans, bonds, and other financial obligations held by foreign entities. This indicator reflects the government’s reliance on external financing and exposure to international financial conditions.",Secretaria de Finanzas de Honduras,2026-07-16,62402fae811e2979,GGDBTTOTLCN,Total gross debt,AUTO_CANDIDATE,HIGH,IDB_LMW_RULE_CANDIDATE,public debt,TRANSFORMED_NONLEVEL,UNSPECIFIED,-280,95,-184,False
Domestic Public Debt,"millions of domestic currency, end of period",YoY %,Annual,03_Fiscal Accounts and Public Debt,01_Central Government,160,11,1996,2025,"Domestic Public Debt (Central Government) refers to the outstanding stock of public debt contracted by the central government with resident creditors. It includes loans, bonds, and other financial obligations held by domestic financial institutions, companies, or individuals. This indicator reflects the government’s reliance on domestic financing and the capacity of local markets to absorb public debt.",Ministerio de Economía de Argentina,2026-07-16,072829de6a8da0ef,GGDBTTOTLCN,Total gross debt,AUTO_CANDIDATE,HIGH,IDB_LMW_RULE_CANDIDATE,public debt,TRANSFORMED_NONLEVEL,UNSPECIFIED,-300,95,-194,False
Domestic Public Debt,"millions of domestic currency, avg. of period",YoY %,Annual,03_Fiscal Accounts and Public Debt,01_Central Government,149,10,1996,2026,"Domestic Public Debt (Central Government) refers to the outstanding stock of public debt contracted by the central government with resident creditors. It includes loans, bonds, and other financial obligations held by domestic financial institutions, companies, or individuals. This indicator reflects the government’s reliance on domestic financing and the capacity of local markets to absorb public debt.",Ministerio de Economía de Argentina,2026-07-16,b89590da26b1dcdb,GGDBTTOTLCN,Total gross debt,AUTO_CANDIDATE,HIGH,IDB_LMW_RULE_CANDIDATE,public debt,TRANSFORMED_NONLEVEL,UNSPECIFIED,-300,95,-195,False
Domestic Public Debt,"millions of domestic currency, end of period",YoY %,Annual,03_Fiscal Accounts and Public Debt,03_Non Financial Public Sector,202,8,1991,2025,"Domestic Public Debt (Non-Financial Public Sector) refers to the outstanding stock of public debt contracted by the non-financial public sector with resident creditors. It includes loans, bonds, and other financial obligations held by domestic financial institutions, companies, or individuals. This indicator reflects the government’s reliance on domestic financing and the capacity of local markets to absorb public debt.",Ministerio de Hacienda y Crédito Público de Colombia,2026-07-16,de3f0cef7535428a,GGDBTTOTLCN,Total gross debt,AUTO_CANDIDATE,HIGH,IDB_LMW_RULE_CANDIDATE,public debt,TRANSFORMED_NONLEVEL,UNSPECIFIED,-300,95,-197,False
Domestic Public Debt,"millions of domestic currency, avg. of period",YoY %,Annual,03_Fiscal Accounts and Public Debt,03_Non Financial Public Sector,189,8,1991,2025,"Domestic Public Debt (Non-Financial Public Sector) refers to the outstanding stock of public debt contracted by the non-financial public sector with resident creditors. It includes loans, bonds, and other financial obligations held by domestic financial institutions, companies, or individuals. This indicator reflects the government’s reliance on domestic financing and the capacity of local markets to absorb public debt.",Ministerio de Hacienda y Crédito Público de Colombia,2026-07-16,3bf216e5937a9a05,GGDBTTOTLCN,Total gross debt,AUTO_CANDIDATE,HIGH,IDB_LMW_RULE_CANDIDATE,public debt,TRANSFORMED_NONLEVEL,UNSPECIFIED,-300,95,-197,False
Domestic Public Debt,"millions of domestic currency, end of period",YoY %,Annual,03_Fiscal Accounts and Public Debt,02_General Government,53,3,2003,2025,"Domestic Public Debt (General Government) refers to the outstanding stock of public debt contracted by the general government with resident creditors. It includes loans, bonds, and other financial obligations held by domestic financial institutions, companies, or individuals. This indicator reflects the government’s reliance on domestic financing and the capacity of local markets to absorb public debt.",Tesouro Nacional do Brasil,2026-07-16,47225f517c151048,GGDBTTOTLCN,Total gross debt,AUTO_CANDIDATE,HIGH,IDB_LMW_RULE_CANDIDATE,public debt,TRANSFORMED_NONLEVEL,UNSPECIFIED,-300,95,-202,False
Domestic Public Debt,"millions of domestic currency, avg. of period",YoY %,Annual,03_Fiscal Accounts and Public Debt,02_General Government,49,3,2003,2025,"Domestic Public Debt (General Government) refers to the outstanding stock of public debt contracted by the general government with resident creditors. It includes loans, bonds, and other financial obligations held by domestic financial institutions, companies, or individuals. This indicator reflects the government’s reliance on domestic financing and the capacity of local markets to absorb public debt.",Tesouro Nacional do Brasil,2026-07-16,a6e71e73ad425fa1,GGDBTTOTLCN,Total gross debt,AUTO_CANDIDATE,HIGH,IDB_LMW_RULE_CANDIDATE,public debt,TRANSFORMED_NONLEVEL,UNSPECIFIED,-300,95,-202,False
Public Debt in Domestic Currency,"millions of domestic currency, end of period",YoY %,Annual,03_Fiscal Accounts and Public Debt,01_Central Government,51,2,1996,2025,"Public Debt in Domestic Currency (Central Government) refers to the outstanding stock of public debt denominated in the domestic currency, contracted by the central government with both resident and non-resident creditors. It includes loans, bonds, and other financial instruments issued or payable in local currency. This indicator reflects reliance on local currency financing and the government’s exposure to domestic monetary and financial conditions.",Tesouro Nacional do Brasil,2026-07-16,f75c2c4eb1cb7d1c,GGDBTTOTLCN,Total gross debt,AUTO_CANDIDATE,HIGH,IDB_LMW_RULE_CANDIDATE,public debt,TRANSFORMED_NONLEVEL,UNSPECIFIED,-300,95,-203,False
Public Debt in Domestic Currency,"millions of domestic currency, avg. of period",YoY %,Annual,03_Fiscal Accounts and Public Debt,01_Central Government,43,2,2004,2025,"Public Debt in Domestic Currency (Central Government) refers to the outstanding stock of public debt denominated in the domestic currency, contracted by the central government with both resident and non-resident creditors. It includes loans, bonds, and other financial instruments issued or payable in local currency. This indicator reflects reliance on local currency financing and the government’s exposure to domestic monetary and financial conditions.",Tesouro Nacional do Brasil,2026-07-16,01ab5bb206c521b2,GGDBTTOTLCN,Total gross debt,AUTO_CANDIDATE,HIGH,IDB_LMW_RULE_CANDIDATE,public debt,TRANSFORMED_NONLEVEL,UNSPECIFIED,-300,95,-203,False
Public Debt in Domestic Currency,"millions of domestic currency, end of period",YoY %,Annual,03_Fiscal Accounts and Public Debt,03_Non Financial Public Sector,36,2,2000,2025,"Public Debt in Domestic Currency (Non-Financial Public Sector) refers to the outstanding stock of public debt denominated in the domestic currency, contracted by the non-financial public sector with both resident and non-resident creditors. It includes loans, bonds, and other financial instruments issued or payable in local currency. This indicator reflects reliance on local currency financing and the government’s exposure to domestic monetary and financial conditions.",Ministerio de Economía y Hacienda de Rep. Dominicana,2026-08-03,137998686a5bde5c,GGDBTTOTLCN,Total gross debt,AUTO_CANDIDATE,HIGH,IDB_LMW_RULE_CANDIDATE,public debt,TRANSFORMED_NONLEVEL,UNSPECIFIED,-300,95,-203,False
Public Debt in Domestic Currency,"millions of domestic currency, avg. of period",YoY %,Annual,03_Fiscal Accounts and Public Debt,03_Non Financial Public Sector,35,2,2001,2025,"Public Debt in Domestic Currency (Non-Financial Public Sector) refers to the outstanding stock of public debt denominated in the domestic currency, contracted by the non-financial public sector with both resident and non-resident creditors. It includes loans, bonds, and other financial instruments issued or payable in local currency. This indicator reflects reliance on local currency financing and the government’s exposure to domestic monetary and financial conditions.",Ministerio de Economía y Hacienda de Rep. Dominicana,2026-08-03,9e9549abe37f1056,GGDBTTOTLCN,Total gross debt,AUTO_CANDIDATE,HIGH,IDB_LMW_RULE_CANDIDATE,public debt,TRANSFORMED_NONLEVEL,UNSPECIFIED,-300,95,-203,False
Domestic Public Debt,millions of domestic currency,YoY %,Annual,03_Fiscal Accounts and Public Debt,03_Non Financial Public Sector,21,1,2005,2025,"Domestic Public Debt (Non-Financial Public Sector) refers to the outstanding stock of public debt contracted by the non-financial public sector with resident creditors. It includes loans, bonds, and other financial obligations held by domestic financial institutions, companies, or individuals. This indicator reflects the government’s reliance on domestic financing and the capacity of local markets to absorb public debt.",Ministerio de Economía y Finanzas de Paraguay,2026-07-16,9c75e0e4c7916293,GGDBTTOTLCN,Total gross debt,AUTO_CANDIDATE,HIGH,IDB_LMW_RULE_CANDIDATE,public debt,TRANSFORMED_NONLEVEL,UNSPECIFIED,-300,95,-204,False
Domestic Public Debt,millions of domestic currency,YoY %,Annual,03_Fiscal Accounts and Public Debt,01_Central Government,17,1,2009,2025,"Domestic Public Debt (Central Government) refers to the outstanding stock of public debt contracted by the central government with resident creditors. It includes loans, bonds, and other financial obligations held by domestic financial institutions, companies, or individuals. This indicator reflects the government’s reliance on domestic financing and the capacity of local markets to absorb public debt.",Secretaria de Finanzas de Honduras,2026-07-16,198e8389d1b493f3,GGDBTTOTLCN,Total gross debt,AUTO_CANDIDATE,HIGH,IDB_LMW_RULE_CANDIDATE,public debt,TRANSFORMED_NONLEVEL,UNSPECIFIED,-300,95,-204,False
Capital Fiscal Expenditures,% of GDP,,Annual,03_Fiscal Accounts and Public Debt,03_Non Financial Public Sector,167,7,1993,2025,"Capital Fiscal Expenditures (Non-Financial Public Sector) are the expenses of the non-financial public sector on investment and capital formation. They include spending on infrastructure, construction, equipment, and other assets that increase the productive capacity of the economy.",Ministerio de Economía de Argentina,2026-07-16,9990ee990c98cf07,GGEXPCAPTCN,Capital expenditure,SOURCE_SPECIFIC_EXACT,HIGH,IDB_LMW_SOURCE_EXACT,capital fiscal expenditures,PCT_GDP,UNSPECIFIED,60,500,1567,False
Capital Fiscal Expenditures,% of GDP,,Annual,03_Fiscal Accounts and Public Debt,01_Central Government,120,7,1990,2024,"Capital Fiscal Expenditures (Central Government) are the expenses of the central government on investment and capital formation. They include spending on infrastructure, construction, equipment, and other assets that increase the productive capacity of the economy.",Barbados Statistical Service,2026-07-16,7f78857ae6bb59e6,GGEXPCAPTCN,Capital expenditure,SOURCE_SPECIFIC_EXACT,HIGH,IDB_LMW_SOURCE_EXACT,capital fiscal expenditures,PCT_GDP,UNSPECIFIED,60,500,1567,False
Capital Fiscal Expenditures,% of GDP,,Annual,03_Fiscal Accounts and Public Debt,02_General Government,34,2,2008,2025,"Capital Fiscal Expenditures (General Government) are the expenses of the general government on investment and capital formation. They include spending on infrastructure, construction, equipment, and other assets that increase the productive capacity of the economy.",Tesouro Nacional do Brasil,2026-07-16,ce6a7bf8f4def588,GGEXPCAPTCN,Capital expenditure,SOURCE_SPECIFIC_EXACT,HIGH,IDB_LMW_SOURCE_EXACT,capital fiscal expenditures,PCT_GDP,UNSPECIFIED,60,500,1562,False
Capital Fiscal Expenditures,millions of USD,,Annual,03_Fiscal Accounts and Public Debt,03_Non Financial Public Sector,170,7,1990,2025,"Capital Fiscal Expenditures (Non-Financial Public Sector) are the expenses of the non-financial public sector on investment and capital formation. They include spending on infrastructure, construction, equipment, and other assets that increase the productive capacity of the economy.",Ministerio de Economía de Argentina,2026-07-16,00d36357c32bec8f,GGEXPCAPTCN,Capital expenditure,SOURCE_SPECIFIC_EXACT,HIGH,IDB_LMW_SOURCE_EXACT,capital fiscal expenditures,CURRENT_USD,UNSPECIFIED,20,500,1527,False
Capital Fiscal Expenditures,millions of USD,,Annual,03_Fiscal Accounts and Public Debt,01_Central Government,140,7,1990,2025,"Capital Fiscal Expenditures (Central Government) are the expenses of the central government on investment and capital formation. They include spending on infrastructure, construction, equipment, and other assets that increase the productive capacity of the economy.",Barbados Statistical Service,2026-07-16,21a2ced0dc0cc996,GGEXPCAPTCN,Capital expenditure,SOURCE_SPECIFIC_EXACT,HIGH,IDB_LMW_SOURCE_EXACT,capital fiscal expenditures,CURRENT_USD,UNSPECIFIED,20,500,1527,False
Capital Fiscal Expenditures,millions of USD,,Annual,03_Fiscal Accounts and Public Debt,02_General Government,34,2,2008,2025,"Capital Fiscal Expenditures (General Government) are the expenses of the general government on investment and capital formation. They include spending on infrastructure, construction, equipment, and other assets that increase the productive capacity of the economy.",Tesouro Nacional do Brasil,2026-07-16,9f71ccdbba93839b,GGEXPCAPTCN,Capital expenditure,SOURCE_SPECIFIC_EXACT,HIGH,IDB_LMW_SOURCE_EXACT,capital fiscal expenditures,CURRENT_USD,UNSPECIFIED,20,500,1522,False
Capital Fiscal Expenditures,millions of domestic currency,,Annual,03_Fiscal Accounts and Public Debt,03_Non Financial Public Sector,170,7,1990,2025,"Capital Fiscal Expenditures (Non-Financial Public Sector) are the expenses of the non-financial public sector on investment and capital formation. They include spending on infrastructure, construction, equipment, and other assets that increase the productive capacity of the economy.",Ministerio de Economía de Argentina,2026-07-16,6117d9aa4c2f129c,GGEXPCAPTCN,Capital expenditure,SOURCE_SPECIFIC_EXACT,HIGH,IDB_LMW_SOURCE_EXACT,capital fiscal expenditures,OTHER,UNSPECIFIED,0,500,1507,False
Capital Fiscal Expenditures,millions of domestic currency,,Annual,03_Fiscal Accounts and Public Debt,01_Central Government,141,7,1990,2025,"Capital Fiscal Expenditures (Central Government) are the expenses of the central government on investment and capital formation. They include spending on infrastructure, construction, equipment, and other assets that increase the productive capacity of the economy.",Barbados Statistical Service,2026-07-16,c57062d127ea5200,GGEXPCAPTCN,Capital expenditure,SOURCE_SPECIFIC_EXACT,HIGH,IDB_LMW_SOURCE_EXACT,capital fiscal expenditures,OTHER,UNSPECIFIED,0,500,1507,False
Capital Fiscal Expenditures,fiscal year (Q4–Q3 aggregation),,Annual,03_Fiscal Accounts and Public Debt,03_Non Financial Public Sector,133,6,1991,2025,"Capital Fiscal Expenditures (Non-Financial Public Sector) are the expenses of the non-financial public sector on investment and capital formation. They include spending on infrastructure, construction, equipment, and other assets that increase the productive capacity of the economy.",Ministerio de Economía de Argentina,2026-07-16,08987ac1392c331b,GGEXPCAPTCN,Capital expenditure,SOURCE_SPECIFIC_EXACT,HIGH,IDB_LMW_SOURCE_EXACT,capital fiscal expenditures,OTHER,UNSPECIFIED,0,500,1506,False
Capital Fiscal Expenditures,fiscal year (Q4–Q3 aggregation),,Annual,03_Fiscal Accounts and Public Debt,01_Central Government,125,6,1991,2025,"Capital Fiscal Expenditures (Central Government) are the expenses of the central government on investment and capital formation. They include spending on infrastructure, construction, equipment, and other assets that increase the productive capacity of the economy.",Barbados Statistical Service,2026-07-16,90f6d7c537430593,GGEXPCAPTCN,Capital expenditure,SOURCE_SPECIFIC_EXACT,HIGH,IDB_LMW_SOURCE_EXACT,capital fiscal expenditures,OTHER,UNSPECIFIED,0,500,1506,False
Capital Fiscal Expenditures,fiscal year (Q4–Q3 aggregation),,Annual,03_Fiscal Accounts and Public Debt,02_General Government,45,2,1996,2025,"Capital Fiscal Expenditures (General Government) are the expenses of the general government on investment and capital formation. They include spending on infrastructure, construction, equipment, and other assets that increase the productive capacity of the economy.",Tesouro Nacional do Brasil,2026-07-16,1d88bf9ae56962e3,GGEXPCAPTCN,Capital expenditure,SOURCE_SPECIFIC_EXACT,HIGH,IDB_LMW_SOURCE_EXACT,capital fiscal expenditures,OTHER,UNSPECIFIED,0,500,1502,False
Capital Fiscal Expenditures,millions of domestic currency,,Annual,03_Fiscal Accounts and Public Debt,02_General Government,34,2,2008,2025,"Capital Fiscal Expenditures (General Government) are the expenses of the general government on investment and capital formation. They include spending on infrastructure, construction, equipment, and other assets that increase the productive capacity of the economy.",Tesouro Nacional do Brasil,2026-07-16,c791419a8bf23191,GGEXPCAPTCN,Capital expenditure,SOURCE_SPECIFIC_EXACT,HIGH,IDB_LMW_SOURCE_EXACT,capital fiscal expenditures,OTHER,UNSPECIFIED,0,500,1502,False
Capital Fiscal Expenditures,constant prices – CPI-deflated,,Annual,03_Fiscal Accounts and Public Debt,03_Non Financial Public Sector,170,7,1990,2025,"Capital Fiscal Expenditures (Non-Financial Public Sector) are the expenses of the non-financial public sector on investment and capital formation. They include spending on infrastructure, construction, equipment, and other assets that increase the productive capacity of the economy.",Ministerio de Economía de Argentina,2026-07-16,f5203f208ec7cc5d,GGEXPCAPTCN,Capital expenditure,SOURCE_SPECIFIC_EXACT,HIGH,IDB_LMW_SOURCE_EXACT,capital fiscal expenditures,CONSTANT_OTHER,UNSPECIFIED,-250,500,1257,False
Capital Fiscal Expenditures,constant prices – CPI-deflated,,Annual,03_Fiscal Accounts and Public Debt,01_Central Government,129,7,1991,2025,"Capital Fiscal Expenditures (Central Government) are the expenses of the central government on investment and capital formation. They include spending on infrastructure, construction, equipment, and other assets that increase the productive capacity of the economy.",Barbados Statistical Service,2026-07-16,9242a22a0f9cddcd,GGEXPCAPTCN,Capital expenditure,SOURCE_SPECIFIC_EXACT,HIGH,IDB_LMW_SOURCE_EXACT,capital fiscal expenditures,CONSTANT_OTHER,UNSPECIFIED,-250,500,1257,False
Capital Fiscal Expenditures,constant prices – CPI-deflated,,Annual,03_Fiscal Accounts and Public Debt,02_General Government,34,2,2008,2025,"Capital Fiscal Expenditures (General Government) are the expenses of the general government on investment and capital formation. They include spending on infrastructure, construction, equipment, and other assets that increase the productive capacity of the economy.",Tesouro Nacional do Brasil,2026-07-16,65e65c573000d999,GGEXPCAPTCN,Capital expenditure,SOURCE_SPECIFIC_EXACT,HIGH,IDB_LMW_SOURCE_EXACT,capital fiscal expenditures,CONSTANT_OTHER,UNSPECIFIED,-250,500,1252,False
Capital Fiscal Expenditures,millions of USD,YoY %,Annual,03_Fiscal Accounts and Public Debt,03_Non Financial Public Sector,163,7,1991,2025,"Capital Fiscal Expenditures (Non-Financial Public Sector) are the expenses of the non-financial public sector on investment and capital formation. They include spending on infrastructure, construction, equipment, and other assets that increase the productive capacity of the economy.",Ministerio de Economía de Argentina,2026-07-16,12487469736b8fea,GGEXPCAPTCN,Capital expenditure,SOURCE_SPECIFIC_EXACT,HIGH,IDB_LMW_SOURCE_EXACT,capital fiscal expenditures,TRANSFORMED_NONLEVEL,UNSPECIFIED,-280,500,1227,False
Capital Fiscal Expenditures,millions of USD,YoY %,Annual,03_Fiscal Accounts and Public Debt,01_Central Government,136,7,1991,2025,"Capital Fiscal Expenditures (Central Government) are the expenses of the central government on investment and capital formation. They include spending on infrastructure, construction, equipment, and other assets that increase the productive capacity of the economy.",Barbados Statistical Service,2026-07-16,2769d854cd75ab51,GGEXPCAPTCN,Capital expenditure,SOURCE_SPECIFIC_EXACT,HIGH,IDB_LMW_SOURCE_EXACT,capital fiscal expenditures,TRANSFORMED_NONLEVEL,UNSPECIFIED,-280,500,1227,False
Capital Fiscal Expenditures,millions of USD,YoY %,Annual,03_Fiscal Accounts and Public Debt,02_General Government,32,2,2009,2025,"Capital Fiscal Expenditures (General Government) are the expenses of the general government on investment and capital formation. They include spending on infrastructure, construction, equipment, and other assets that increase the productive capacity of the economy.",Tesouro Nacional do Brasil,2026-07-16,3abd4fd47a62e076,GGEXPCAPTCN,Capital expenditure,SOURCE_SPECIFIC_EXACT,HIGH,IDB_LMW_SOURCE_EXACT,capital fiscal expenditures,TRANSFORMED_NONLEVEL,UNSPECIFIED,-280,500,1222,False
Capital Fiscal Expenditures,millions of domestic currency,YoY %,Annual,03_Fiscal Accounts and Public Debt,03_Non Financial Public Sector,163,7,1991,2025,"Capital Fiscal Expenditures (Non-Financial Public Sector) are the expenses of the non-financial public sector on investment and capital formation. They include spending on infrastructure, construction, equipment, and other assets that increase the productive capacity of the economy.",Ministerio de Economía de Argentina,2026-07-16,5a95c925853885c9,GGEXPCAPTCN,Capital expenditure,SOURCE_SPECIFIC_EXACT,HIGH,IDB_LMW_SOURCE_EXACT,capital fiscal expenditures,TRANSFORMED_NONLEVEL,UNSPECIFIED,-300,500,1207,False
Capital Fiscal Expenditures,millions of domestic currency,YoY %,Annual,03_Fiscal Accounts and Public Debt,01_Central Government,137,7,1991,2025,"Capital Fiscal Expenditures (Central Government) are the expenses of the central government on investment and capital formation. They include spending on infrastructure, construction, equipment, and other assets that increase the productive capacity of the economy.",Barbados Statistical Service,2026-07-16,419fde91b3814a5b,GGEXPCAPTCN,Capital expenditure,SOURCE_SPECIFIC_EXACT,HIGH,IDB_LMW_SOURCE_EXACT,capital fiscal expenditures,TRANSFORMED_NONLEVEL,UNSPECIFIED,-300,500,1207,False
Capital Fiscal Expenditures,millions of domestic currency,YoY %,Annual,03_Fiscal Accounts and Public Debt,02_General Government,32,2,2009,2025,"Capital Fiscal Expenditures (General Government) are the expenses of the general government on investment and capital formation. They include spending on infrastructure, construction, equipment, and other assets that increase the productive capacity of the economy.",Tesouro Nacional do Brasil,2026-07-16,49975e00764dafb4,GGEXPCAPTCN,Capital expenditure,SOURCE_SPECIFIC_EXACT,HIGH,IDB_LMW_SOURCE_EXACT,capital fiscal expenditures,TRANSFORMED_NONLEVEL,UNSPECIFIED,-300,500,1202,False
Current Fiscal Expenditures,% of GDP,,Annual,03_Fiscal Accounts and Public Debt,03_Non Financial Public Sector,167,7,1993,2025,"Current Fiscal Expenditures (Non-Financial Public Sector) are the expenses of the non-financial public sector on the day-to-day functioning of government, excluding capital investment. They include wages and salaries, pensions, subsidies, transfers, and purchases of goods and services. These expenditures reflect the ongoing cost of providing public services and maintaining government operations.",Ministerio de Economía de Argentina,2026-07-16,48fb5e6c5bd16bc6,GGEXPCRNTCN,Current expenditure,SOURCE_SPECIFIC_EXACT,HIGH,IDB_LMW_SOURCE_EXACT,current fiscal expenditures,PCT_GDP,UNSPECIFIED,60,500,1567,False
Current Fiscal Expenditures,% of GDP,,Annual,03_Fiscal Accounts and Public Debt,01_Central Government,120,7,1990,2024,"Current Fiscal Expenditures (Central Government) are the expenses of the central government on the day-to-day functioning of government, excluding capital investment. They include wages and salaries, pensions, subsidies, transfers, and purchases of goods and services. These expenditures reflect the ongoing cost of providing public services and maintaining government operations.",Barbados Statistical Service,2026-07-16,cf85ae9047b59595,GGEXPCRNTCN,Current expenditure,SOURCE_SPECIFIC_EXACT,HIGH,IDB_LMW_SOURCE_EXACT,current fiscal expenditures,PCT_GDP,UNSPECIFIED,60,500,1567,False
Current Fiscal Expenditures,% of GDP,,Annual,03_Fiscal Accounts and Public Debt,02_General Government,34,2,2008,2025,"Current Fiscal Expenditures (General Government) are the expenses of the general government on the day-to-day functioning of government, excluding capital investment. They include wages and salaries, pensions, subsidies, transfers, and purchases of goods and services. These expenditures reflect the ongoing cost of providing public services and maintaining government operations.",Tesouro Nacional do Brasil,2026-07-16,9a8f26673d837cf0,GGEXPCRNTCN,Current expenditure,SOURCE_SPECIFIC_EXACT,HIGH,IDB_LMW_SOURCE_EXACT,current fiscal expenditures,PCT_GDP,UNSPECIFIED,60,500,1562,False
Current Fiscal Expenditures,millions of USD,,Annual,03_Fiscal Accounts and Public Debt,03_Non Financial Public Sector,170,7,1990,2025,"Current Fiscal Expenditures (Non-Financial Public Sector) are the expenses of the non-financial public sector on the day-to-day functioning of government, excluding capital investment. They include wages and salaries, pensions, subsidies, transfers, and purchases of goods and services. These expenditures reflect the ongoing cost of providing public services and maintaining government operations.",Ministerio de Economía de Argentina,2026-07-16,ee4cdd37dda4c1c8,GGEXPCRNTCN,Current expenditure,SOURCE_SPECIFIC_EXACT,HIGH,IDB_LMW_SOURCE_EXACT,current fiscal expenditures,CURRENT_USD,UNSPECIFIED,20,500,1527,False
Current Fiscal Expenditures,millions of USD,,Annual,03_Fiscal Accounts and Public Debt,01_Central Government,140,7,1990,2025,"Current Fiscal Expenditures (Central Government) are the expenses of the central government on the day-to-day functioning of government, excluding capital investment. They include wages and salaries, pensions, subsidies, transfers, and purchases of goods and services. These expenditures reflect the ongoing cost of providing public services and maintaining government operations.",Barbados Statistical Service,2026-07-16,f6ec3eabcf482423,GGEXPCRNTCN,Current expenditure,SOURCE_SPECIFIC_EXACT,HIGH,IDB_LMW_SOURCE_EXACT,current fiscal expenditures,CURRENT_USD,UNSPECIFIED,20,500,1527,False
Current Fiscal Expenditures,millions of USD,,Annual,03_Fiscal Accounts and Public Debt,02_General Government,34,2,2008,2025,"Current Fiscal Expenditures (General Government) are the expenses of the general government on the day-to-day functioning of government, excluding capital investment. They include wages and salaries, pensions, subsidies, transfers, and purchases of goods and services. These expenditures reflect the ongoing cost of providing public services and maintaining government operations.",Tesouro Nacional do Brasil,2026-07-16,1954849c92054ade,GGEXPCRNTCN,Current expenditure,SOURCE_SPECIFIC_EXACT,HIGH,IDB_LMW_SOURCE_EXACT,current fiscal expenditures,CURRENT_USD,UNSPECIFIED,20,500,1522,False
Current Fiscal Expenditures,millions of domestic currency,,Annual,03_Fiscal Accounts and Public Debt,03_Non Financial Public Sector,170,7,1990,2025,"Current Fiscal Expenditures (Non-Financial Public Sector) are the expenses of the non-financial public sector on the day-to-day functioning of government, excluding capital investment. They include wages and salaries, pensions, subsidies, transfers, and purchases of goods and services. These expenditures reflect the ongoing cost of providing public services and maintaining government operations.",Ministerio de Economía de Argentina,2026-07-16,2506b56a62887ce0,GGEXPCRNTCN,Current expenditure,SOURCE_SPECIFIC_EXACT,HIGH,IDB_LMW_SOURCE_EXACT,current fiscal expenditures,OTHER,UNSPECIFIED,0,500,1507,False
Current Fiscal Expenditures,millions of domestic currency,,Annual,03_Fiscal Accounts and Public Debt,01_Central Government,141,7,1990,2025,"Current Fiscal Expenditures (Central Government) are the expenses of the central government on the day-to-day functioning of government, excluding capital investment. They include wages and salaries, pensions, subsidies, transfers, and purchases of goods and services. These expenditures reflect the ongoing cost of providing public services and maintaining government operations.",Barbados Statistical Service,2026-07-16,3209bda1df04c581,GGEXPCRNTCN,Current expenditure,SOURCE_SPECIFIC_EXACT,HIGH,IDB_LMW_SOURCE_EXACT,current fiscal expenditures,OTHER,UNSPECIFIED,0,500,1507,False
Current Fiscal Expenditures,fiscal year (Q4–Q3 aggregation),,Annual,03_Fiscal Accounts and Public Debt,03_Non Financial Public Sector,133,6,1991,2025,"Current Fiscal Expenditures (Non-Financial Public Sector) are the expenses of the non-financial public sector on the day-to-day functioning of government, excluding capital investment. They include wages and salaries, pensions, subsidies, transfers, and purchases of goods and services. These expenditures reflect the ongoing cost of providing public services and maintaining government operations.",Ministerio de Economía de Argentina,2026-07-16,2ea0b448f551a155,GGEXPCRNTCN,Current expenditure,SOURCE_SPECIFIC_EXACT,HIGH,IDB_LMW_SOURCE_EXACT,current fiscal expenditures,OTHER,UNSPECIFIED,0,500,1506,False
Current Fiscal Expenditures,fiscal year (Q4–Q3 aggregation),,Annual,03_Fiscal Accounts and Public Debt,01_Central Government,125,6,1991,2025,"Current Fiscal Expenditures (Central Government) are the expenses of the central government on the day-to-day functioning of government, excluding capital investment. They include wages and salaries, pensions, subsidies, transfers, and purchases of goods and services. These expenditures reflect the ongoing cost of providing public services and maintaining government operations.",Barbados Statistical Service,2026-07-16,904ad9e6301431a9,GGEXPCRNTCN,Current expenditure,SOURCE_SPECIFIC_EXACT,HIGH,IDB_LMW_SOURCE_EXACT,current fiscal expenditures,OTHER,UNSPECIFIED,0,500,1506,False
Current Fiscal Expenditures,fiscal year (Q4–Q3 aggregation),,Annual,03_Fiscal Accounts and Public Debt,02_General Government,45,2,1996,2025,"Current Fiscal Expenditures (General Government) are the expenses of the general government on the day-to-day functioning of government, excluding capital investment. They include wages and salaries, pensions, subsidies, transfers, and purchases of goods and services. These expenditures reflect the ongoing cost of providing public services and maintaining government operations.",Tesouro Nacional do Brasil,2026-07-16,95d6f2b361790b3b,GGEXPCRNTCN,Current expenditure,SOURCE_SPECIFIC_EXACT,HIGH,IDB_LMW_SOURCE_EXACT,current fiscal expenditures,OTHER,UNSPECIFIED,0,500,1502,False
Current Fiscal Expenditures,millions of domestic currency,,Annual,03_Fiscal Accounts and Public Debt,02_General Government,34,2,2008,2025,"Current Fiscal Expenditures (General Government) are the expenses of the general government on the day-to-day functioning of government, excluding capital investment. They include wages and salaries, pensions, subsidies, transfers, and purchases of goods and services. These expenditures reflect the ongoing cost of providing public services and maintaining government operations.",Tesouro Nacional do Brasil,2026-07-16,1c4fbf4516fc82da,GGEXPCRNTCN,Current expenditure,SOURCE_SPECIFIC_EXACT,HIGH,IDB_LMW_SOURCE_EXACT,current fiscal expenditures,OTHER,UNSPECIFIED,0,500,1502,False
Current Fiscal Expenditures,constant prices – CPI-deflated,,Annual,03_Fiscal Accounts and Public Debt,03_Non Financial Public Sector,170,7,1990,2025,"Current Fiscal Expenditures (Non-Financial Public Sector) are the expenses of the non-financial public sector on the day-to-day functioning of government, excluding capital investment. They include wages and salaries, pensions, subsidies, transfers, and purchases of goods and services. These expenditures reflect the ongoing cost of providing public services and maintaining government operations.",Ministerio de Economía de Argentina,2026-07-16,243c4bb44e402570,GGEXPCRNTCN,Current expenditure,SOURCE_SPECIFIC_EXACT,HIGH,IDB_LMW_SOURCE_EXACT,current fiscal expenditures,CONSTANT_OTHER,UNSPECIFIED,-250,500,1257,False
Current Fiscal Expenditures,constant prices – CPI-deflated,,Annual,03_Fiscal Accounts and Public Debt,01_Central Government,129,7,1991,2025,"Current Fiscal Expenditures (Central Government) are the expenses of the central government on the day-to-day functioning of government, excluding capital investment. They include wages and salaries, pensions, subsidies, transfers, and purchases of goods and services. These expenditures reflect the ongoing cost of providing public services and maintaining government operations.",Barbados Statistical Service,2026-07-16,becc9cad5aa4b146,GGEXPCRNTCN,Current expenditure,SOURCE_SPECIFIC_EXACT,HIGH,IDB_LMW_SOURCE_EXACT,current fiscal expenditures,CONSTANT_OTHER,UNSPECIFIED,-250,500,1257,False
Current Fiscal Expenditures,constant prices – CPI-deflated,,Annual,03_Fiscal Accounts and Public Debt,02_General Government,34,2,2008,2025,"Current Fiscal Expenditures (General Government) are the expenses of the general government on the day-to-day functioning of government, excluding capital investment. They include wages and salaries, pensions, subsidies, transfers, and purchases of goods and services. These expenditures reflect the ongoing cost of providing public services and maintaining government operations.",Tesouro Nacional do Brasil,2026-07-16,db87fe5cc811c27d,GGEXPCRNTCN,Current expenditure,SOURCE_SPECIFIC_EXACT,HIGH,IDB_LMW_SOURCE_EXACT,current fiscal expenditures,CONSTANT_OTHER,UNSPECIFIED,-250,500,1252,False
Current Fiscal Expenditures,millions of USD,YoY %,Annual,03_Fiscal Accounts and Public Debt,03_Non Financial Public Sector,163,7,1991,2025,"Current Fiscal Expenditures (Non-Financial Public Sector) are the expenses of the non-financial public sector on the day-to-day functioning of government, excluding capital investment. They include wages and salaries, pensions, subsidies, transfers, and purchases of goods and services. These expenditures reflect the ongoing cost of providing public services and maintaining government operations.",Ministerio de Economía de Argentina,2026-07-16,4bb79fd8c938f350,GGEXPCRNTCN,Current expenditure,SOURCE_SPECIFIC_EXACT,HIGH,IDB_LMW_SOURCE_EXACT,current fiscal expenditures,TRANSFORMED_NONLEVEL,UNSPECIFIED,-280,500,1227,False
Current Fiscal Expenditures,millions of USD,YoY %,Annual,03_Fiscal Accounts and Public Debt,01_Central Government,136,7,1991,2025,"Current Fiscal Expenditures (Central Government) are the expenses of the central government on the day-to-day functioning of government, excluding capital investment. They include wages and salaries, pensions, subsidies, transfers, and purchases of goods and services. These expenditures reflect the ongoing cost of providing public services and maintaining government operations.",Barbados Statistical Service,2026-07-16,4da0153d3f063790,GGEXPCRNTCN,Current expenditure,SOURCE_SPECIFIC_EXACT,HIGH,IDB_LMW_SOURCE_EXACT,current fiscal expenditures,TRANSFORMED_NONLEVEL,UNSPECIFIED,-280,500,1227,False
Current Fiscal Expenditures,millions of USD,YoY %,Annual,03_Fiscal Accounts and Public Debt,02_General Government,32,2,2009,2025,"Current Fiscal Expenditures (General Government) are the expenses of the general government on the day-to-day functioning of government, excluding capital investment. They include wages and salaries, pensions, subsidies, transfers, and purchases of goods and services. These expenditures reflect the ongoing cost of providing public services and maintaining government operations.",Tesouro Nacional do Brasil,2026-07-16,8909938743ef2efb,GGEXPCRNTCN,Current expenditure,SOURCE_SPECIFIC_EXACT,HIGH,IDB_LMW_SOURCE_EXACT,current fiscal expenditures,TRANSFORMED_NONLEVEL,UNSPECIFIED,-280,500,1222,False
Current Fiscal Expenditures,millions of domestic currency,YoY %,Annual,03_Fiscal Accounts and Public Debt,03_Non Financial Public Sector,163,7,1991,2025,"Current Fiscal Expenditures (Non-Financial Public Sector) are the expenses of the non-financial public sector on the day-to-day functioning of government, excluding capital investment. They include wages and salaries, pensions, subsidies, transfers, and purchases of goods and services. These expenditures reflect the ongoing cost of providing public services and maintaining government operations.",Ministerio de Economía de Argentina,2026-07-16,7625bb0b59f5de6a,GGEXPCRNTCN,Current expenditure,SOURCE_SPECIFIC_EXACT,HIGH,IDB_LMW_SOURCE_EXACT,current fiscal expenditures,TRANSFORMED_NONLEVEL,UNSPECIFIED,-300,500,1207,False
Current Fiscal Expenditures,millions of domestic currency,YoY %,Annual,03_Fiscal Accounts and Public Debt,01_Central Government,137,7,1991,2025,"Current Fiscal Expenditures (Central Government) are the expenses of the central government on the day-to-day functioning of government, excluding capital investment. They include wages and salaries, pensions, subsidies, transfers, and purchases of goods and services. These expenditures reflect the ongoing cost of providing public services and maintaining government operations.",Barbados Statistical Service,2026-07-16,7650b405c7e7bae5,GGEXPCRNTCN,Current expenditure,SOURCE_SPECIFIC_EXACT,HIGH,IDB_LMW_SOURCE_EXACT,current fiscal expenditures,TRANSFORMED_NONLEVEL,UNSPECIFIED,-300,500,1207,False
Current Fiscal Expenditures,millions of domestic currency,YoY %,Annual,03_Fiscal Accounts and Public Debt,02_General Government,32,2,2009,2025,"Current Fiscal Expenditures (General Government) are the expenses of the general government on the day-to-day functioning of government, excluding capital investment. They include wages and salaries, pensions, subsidies, transfers, and purchases of goods and services. These expenditures reflect the ongoing cost of providing public services and maintaining government operations.",Tesouro Nacional do Brasil,2026-07-16,18eed20882280022,GGEXPCRNTCN,Current expenditure,SOURCE_SPECIFIC_EXACT,HIGH,IDB_LMW_SOURCE_EXACT,current fiscal expenditures,TRANSFORMED_NONLEVEL,UNSPECIFIED,-300,500,1202,False
Fiscal Interest Payments,% of GDP,,Annual,03_Fiscal Accounts and Public Debt,03_Non Financial Public Sector,289,14,1990,2025,Fiscal Interest Payments (Non-Financial Public Sector) are expenditures by the non-financial public sector on interest owed for public debt. They reflect the cost of government borrowing and are recorded separately from primary expenditures.,Ministerio de Economía de Argentina,2026-07-16,ff954cd752cd8309,GGEXPINTPCN,Interest expense,SOURCE_SPECIFIC_EXACT,HIGH,IDB_LMW_SOURCE_EXACT,fiscal interest payments,PCT_GDP,UNSPECIFIED,60,500,1574,False
Fiscal Interest Payments,% of GDP,,Annual,03_Fiscal Accounts and Public Debt,01_Central Government,196,11,1990,2025,Fiscal Interest Payments (Central Government) are expenditures by the central government on interest owed for public debt. They reflect the cost of government borrowing and are recorded separately from primary expenditures.,Barbados Statistical Service,2026-07-16,ddd58a2d5adcd12c,GGEXPINTPCN,Interest expense,SOURCE_SPECIFIC_EXACT,HIGH,IDB_LMW_SOURCE_EXACT,fiscal interest payments,PCT_GDP,UNSPECIFIED,60,500,1571,False
Fiscal Interest Payments,% of GDP,,Annual,03_Fiscal Accounts and Public Debt,02_General Government,38,2,1996,2025,Fiscal Interest Payments (General Government) are expenditures by the general government on interest owed for public debt. They reflect the cost of government borrowing and are recorded separately from primary expenditures.,Tesouro Nacional do Brasil,2026-07-16,cd82fd4e3e8d453f,GGEXPINTPCN,Interest expense,SOURCE_SPECIFIC_EXACT,HIGH,IDB_LMW_SOURCE_EXACT,fiscal interest payments,PCT_GDP,UNSPECIFIED,60,500,1562,False
Fiscal Interest Payments,millions of USD,,Annual,03_Fiscal Accounts and Public Debt,03_Non Financial Public Sector,308,14,1990,2025,Fiscal Interest Payments (Non-Financial Public Sector) are expenditures by the non-financial public sector on interest owed for public debt. They reflect the cost of government borrowing and are recorded separately from primary expenditures.,Ministerio de Economía de Argentina,2026-07-16,d3463942309339df,GGEXPINTPCN,Interest expense,SOURCE_SPECIFIC_EXACT,HIGH,IDB_LMW_SOURCE_EXACT,fiscal interest payments,CURRENT_USD,UNSPECIFIED,20,500,1534,False
Fiscal Interest Payments,millions of USD,,Annual,03_Fiscal Accounts and Public Debt,01_Central Government,223,11,1990,2025,Fiscal Interest Payments (Central Government) are expenditures by the central government on interest owed for public debt. They reflect the cost of government borrowing and are recorded separately from primary expenditures.,Barbados Statistical Service,2026-07-16,0c5a3e7469b085ad,GGEXPINTPCN,Interest expense,SOURCE_SPECIFIC_EXACT,HIGH,IDB_LMW_SOURCE_EXACT,fiscal interest payments,CURRENT_USD,UNSPECIFIED,20,500,1531,False
Fiscal Interest Payments,millions of USD,,Annual,03_Fiscal Accounts and Public Debt,02_General Government,44,2,1990,2025,Fiscal Interest Payments (General Government) are expenditures by the general government on interest owed for public debt. They reflect the cost of government borrowing and are recorded separately from primary expenditures.,Tesouro Nacional do Brasil,2026-07-16,17af97bdf7f0a9be,GGEXPINTPCN,Interest expense,SOURCE_SPECIFIC_EXACT,HIGH,IDB_LMW_SOURCE_EXACT,fiscal interest payments,CURRENT_USD,UNSPECIFIED,20,500,1522,False
Fiscal Interest Payments,millions of domestic currency,,Annual,03_Fiscal Accounts and Public Debt,03_Non Financial Public Sector,308,14,1990,2025,Fiscal Interest Payments (Non-Financial Public Sector) are expenditures by the non-financial public sector on interest owed for public debt. They reflect the cost of government borrowing and are recorded separately from primary expenditures.,Ministerio de Economía de Argentina,2026-07-16,1acc46325da988a1,GGEXPINTPCN,Interest expense,SOURCE_SPECIFIC_EXACT,HIGH,IDB_LMW_SOURCE_EXACT,fiscal interest payments,OTHER,UNSPECIFIED,0,500,1514,False
Fiscal Interest Payments,PPP adjusted,,Annual,03_Fiscal Accounts and Public Debt,03_Non Financial Public Sector,297,14,1990,2024,Fiscal Interest Payments (Non-Financial Public Sector) are expenditures by the non-financial public sector on interest owed for public debt. They reflect the cost of government borrowing and are recorded separately from primary expenditures.,Ministerio de Economía de Argentina,2026-07-16,676be6f21492c4aa,GGEXPINTPCN,Interest expense,SOURCE_SPECIFIC_EXACT,HIGH,IDB_LMW_SOURCE_EXACT,fiscal interest payments,OTHER,UNSPECIFIED,0,500,1514,False
Fiscal Interest Payments,fiscal year (Q4–Q3 aggregation),,Annual,03_Fiscal Accounts and Public Debt,03_Non Financial Public Sector,274,13,1991,2025,Fiscal Interest Payments (Non-Financial Public Sector) are expenditures by the non-financial public sector on interest owed for public debt. They reflect the cost of government borrowing and are recorded separately from primary expenditures.,Ministerio de Economía de Argentina,2026-07-16,38a452317c1bc42a,GGEXPINTPCN,Interest expense,SOURCE_SPECIFIC_EXACT,HIGH,IDB_LMW_SOURCE_EXACT,fiscal interest payments,OTHER,UNSPECIFIED,0,500,1513,False
Fiscal Interest Payments,millions of domestic currency,,Annual,03_Fiscal Accounts and Public Debt,01_Central Government,225,11,1990,2025,Fiscal Interest Payments (Central Government) are expenditures by the central government on interest owed for public debt. They reflect the cost of government borrowing and are recorded separately from primary expenditures.,Barbados Statistical Service,2026-07-16,17e81e93986dd699,GGEXPINTPCN,Interest expense,SOURCE_SPECIFIC_EXACT,HIGH,IDB_LMW_SOURCE_EXACT,fiscal interest payments,OTHER,UNSPECIFIED,0,500,1511,False
Fiscal Interest Payments,PPP adjusted,,Annual,03_Fiscal Accounts and Public Debt,01_Central Government,219,11,1990,2024,Fiscal Interest Payments (Central Government) are expenditures by the central government on interest owed for public debt. They reflect the cost of government borrowing and are recorded separately from primary expenditures.,Barbados Statistical Service,2026-07-16,661dc0a56de42d63,GGEXPINTPCN,Interest expense,SOURCE_SPECIFIC_EXACT,HIGH,IDB_LMW_SOURCE_EXACT,fiscal interest payments,OTHER,UNSPECIFIED,0,500,1511,False
Fiscal Interest Payments,fiscal year (Q4–Q3 aggregation),,Annual,03_Fiscal Accounts and Public Debt,01_Central Government,190,10,1992,2025,Fiscal Interest Payments (Central Government) are expenditures by the central government on interest owed for public debt. They reflect the cost of government borrowing and are recorded separately from primary expenditures.,Barbados Statistical Service,2026-07-16,9515580186dab9f9,GGEXPINTPCN,Interest expense,SOURCE_SPECIFIC_EXACT,HIGH,IDB_LMW_SOURCE_EXACT,fiscal interest payments,OTHER,UNSPECIFIED,0,500,1510,False
Fiscal Interest Payments,millions of domestic currency,,Annual,03_Fiscal Accounts and Public Debt,02_General Government,44,2,1990,2025,Fiscal Interest Payments (General Government) are expenditures by the general government on interest owed for public debt. They reflect the cost of government borrowing and are recorded separately from primary expenditures.,Tesouro Nacional do Brasil,2026-07-16,b8c905fb83cf352e,GGEXPINTPCN,Interest expense,SOURCE_SPECIFIC_EXACT,HIGH,IDB_LMW_SOURCE_EXACT,fiscal interest payments,OTHER,UNSPECIFIED,0,500,1502,False
Fiscal Interest Payments,PPP adjusted,,Annual,03_Fiscal Accounts and Public Debt,02_General Government,43,2,1990,2024,Fiscal Interest Payments (General Government) are expenditures by the general government on interest owed for public debt. They reflect the cost of government borrowing and are recorded separately from primary expenditures.,Tesouro Nacional do Brasil,2026-07-16,9d0e323af873d758,GGEXPINTPCN,Interest expense,SOURCE_SPECIFIC_EXACT,HIGH,IDB_LMW_SOURCE_EXACT,fiscal interest payments,OTHER,UNSPECIFIED,0,500,1502,False
Fiscal Interest Payments,fiscal year (Q4–Q3 aggregation),,Annual,03_Fiscal Accounts and Public Debt,02_General Government,15,2,2011,2025,Fiscal Interest Payments (General Government) are expenditures by the general government on interest owed for public debt. They reflect the cost of government borrowing and are recorded separately from primary expenditures.,Tesouro Nacional do Brasil,2026-07-16,d22b813ddce7c066,GGEXPINTPCN,Interest expense,SOURCE_SPECIFIC_EXACT,HIGH,IDB_LMW_SOURCE_EXACT,fiscal interest payments,OTHER,UNSPECIFIED,0,500,1502,False
Fiscal Interest Payments,constant prices – CPI-deflated,,Annual,03_Fiscal Accounts and Public Debt,03_Non Financial Public Sector,305,14,1990,2025,Fiscal Interest Payments (Non-Financial Public Sector) are expenditures by the non-financial public sector on interest owed for public debt. They reflect the cost of government borrowing and are recorded separately from primary expenditures.,Ministerio de Economía de Argentina,2026-07-16,69140ed0f15065f2,GGEXPINTPCN,Interest expense,SOURCE_SPECIFIC_EXACT,HIGH,IDB_LMW_SOURCE_EXACT,fiscal interest payments,CONSTANT_OTHER,UNSPECIFIED,-250,500,1264,False
Fiscal Interest Payments,constant prices – CPI-deflated,,Annual,03_Fiscal Accounts and Public Debt,01_Central Government,210,11,1991,2025,Fiscal Interest Payments (Central Government) are expenditures by the central government on interest owed for public debt. They reflect the cost of government borrowing and are recorded separately from primary expenditures.,Barbados Statistical Service,2026-07-16,084e53e8e9695d5b,GGEXPINTPCN,Interest expense,SOURCE_SPECIFIC_EXACT,HIGH,IDB_LMW_SOURCE_EXACT,fiscal interest payments,CONSTANT_OTHER,UNSPECIFIED,-250,500,1261,False
Fiscal Interest Payments,constant prices – CPI-deflated,,Annual,03_Fiscal Accounts and Public Debt,02_General Government,44,2,1990,2025,Fiscal Interest Payments (General Government) are expenditures by the general government on interest owed for public debt. They reflect the cost of government borrowing and are recorded separately from primary expenditures.,Tesouro Nacional do Brasil,2026-07-16,238fd22223addb26,GGEXPINTPCN,Interest expense,SOURCE_SPECIFIC_EXACT,HIGH,IDB_LMW_SOURCE_EXACT,fiscal interest payments,CONSTANT_OTHER,UNSPECIFIED,-250,500,1252,False
Fiscal Interest Payments,millions of USD,YoY %,Annual,03_Fiscal Accounts and Public Debt,03_Non Financial Public Sector,283,14,1991,2025,Fiscal Interest Payments (Non-Financial Public Sector) are expenditures by the non-financial public sector on interest owed for public debt. They reflect the cost of government borrowing and are recorded separately from primary expenditures.,Ministerio de Economía de Argentina,2026-07-16,69f82f00594eb93e,GGEXPINTPCN,Interest expense,SOURCE_SPECIFIC_EXACT,HIGH,IDB_LMW_SOURCE_EXACT,fiscal interest payments,TRANSFORMED_NONLEVEL,UNSPECIFIED,-280,500,1234,False
Fiscal Interest Payments,millions of USD,YoY %,Annual,03_Fiscal Accounts and Public Debt,01_Central Government,220,12,1991,2025,Fiscal Interest Payments (Central Government) are expenditures by the central government on interest owed for public debt. They reflect the cost of government borrowing and are recorded separately from primary expenditures.,Barbados Statistical Service,2026-07-16,4c3a31d6713d9945,GGEXPINTPCN,Interest expense,SOURCE_SPECIFIC_EXACT,HIGH,IDB_LMW_SOURCE_EXACT,fiscal interest payments,TRANSFORMED_NONLEVEL,UNSPECIFIED,-280,500,1232,False
Fiscal Interest Payments,millions of USD,YoY %,Annual,03_Fiscal Accounts and Public Debt,02_General Government,43,2,1991,2025,Fiscal Interest Payments (General Government) are expenditures by the general government on interest owed for public debt. They reflect the cost of government borrowing and are recorded separately from primary expenditures.,Tesouro Nacional do Brasil,2026-07-16,44a176a366fcb5d1,GGEXPINTPCN,Interest expense,SOURCE_SPECIFIC_EXACT,HIGH,IDB_LMW_SOURCE_EXACT,fiscal interest payments,TRANSFORMED_NONLEVEL,UNSPECIFIED,-280,500,1222,False
Fiscal Interest Payments,millions of domestic currency,YoY %,Annual,03_Fiscal Accounts and Public Debt,03_Non Financial Public Sector,283,14,1991,2025,Fiscal Interest Payments (Non-Financial Public Sector) are expenditures by the non-financial public sector on interest owed for public debt. They reflect the cost of government borrowing and are recorded separately from primary expenditures.,Ministerio de Economía de Argentina,2026-07-16,6eed647490f82a57,GGEXPINTPCN,Interest expense,SOURCE_SPECIFIC_EXACT,HIGH,IDB_LMW_SOURCE_EXACT,fiscal interest payments,TRANSFORMED_NONLEVEL,UNSPECIFIED,-300,500,1214,False
Fiscal Interest Payments,PPP adjusted,YoY %,Annual,03_Fiscal Accounts and Public Debt,03_Non Financial Public Sector,272,14,1991,2024,Fiscal Interest Payments (Non-Financial Public Sector) are expenditures by the non-financial public sector on interest owed for public debt. They reflect the cost of government borrowing and are recorded separately from primary expenditures.,Ministerio de Economía de Argentina,2026-07-16,8cb00155015b08be,GGEXPINTPCN,Interest expense,SOURCE_SPECIFIC_EXACT,HIGH,IDB_LMW_SOURCE_EXACT,fiscal interest payments,TRANSFORMED_NONLEVEL,UNSPECIFIED,-300,500,1214,False
Fiscal Interest Payments,millions of domestic currency,YoY %,Annual,03_Fiscal Accounts and Public Debt,01_Central Government,222,12,1991,2025,Fiscal Interest Payments (Central Government) are expenditures by the central government on interest owed for public debt. They reflect the cost of government borrowing and are recorded separately from primary expenditures.,Barbados Statistical Service,2026-07-16,587b1aca32f439a2,GGEXPINTPCN,Interest expense,SOURCE_SPECIFIC_EXACT,HIGH,IDB_LMW_SOURCE_EXACT,fiscal interest payments,TRANSFORMED_NONLEVEL,UNSPECIFIED,-300,500,1212,False
Fiscal Interest Payments,PPP adjusted,YoY %,Annual,03_Fiscal Accounts and Public Debt,01_Central Government,216,12,1991,2024,Fiscal Interest Payments (Central Government) are expenditures by the central government on interest owed for public debt. They reflect the cost of government borrowing and are recorded separately from primary expenditures.,Barbados Statistical Service,2026-07-16,9580cf4888554970,GGEXPINTPCN,Interest expense,SOURCE_SPECIFIC_EXACT,HIGH,IDB_LMW_SOURCE_EXACT,fiscal interest payments,TRANSFORMED_NONLEVEL,UNSPECIFIED,-300,500,1212,False
Fiscal Interest Payments,millions of domestic currency,YoY %,Annual,03_Fiscal Accounts and Public Debt,02_General Government,43,2,1991,2025,Fiscal Interest Payments (General Government) are expenditures by the general government on interest owed for public debt. They reflect the cost of government borrowing and are recorded separately from primary expenditures.,Tesouro Nacional do Brasil,2026-07-16,f9a7c7586d6bc290,GGEXPINTPCN,Interest expense,SOURCE_SPECIFIC_EXACT,HIGH,IDB_LMW_SOURCE_EXACT,fiscal interest payments,TRANSFORMED_NONLEVEL,UNSPECIFIED,-300,500,1202,False
Fiscal Interest Payments,PPP adjusted,YoY %,Annual,03_Fiscal Accounts and Public Debt,02_General Government,42,2,1991,2024,Fiscal Interest Payments (General Government) are expenditures by the general government on interest owed for public debt. They reflect the cost of government borrowing and are recorded separately from primary expenditures.,Tesouro Nacional do Brasil,2026-07-16,0ba9f45b99c6caf3,GGEXPINTPCN,Interest expense,SOURCE_SPECIFIC_EXACT,HIGH,IDB_LMW_SOURCE_EXACT,fiscal interest payments,TRANSFORMED_NONLEVEL,UNSPECIFIED,-300,500,1202,False
Fiscal Interest Payments,% of GDP,,Annual,03_Fiscal Accounts and Public Debt,03_Non Financial Public Sector,289,14,1990,2025,Fiscal Interest Payments (Non-Financial Public Sector) are expenditures by the non-financial public sector on interest owed for public debt. They reflect the cost of government borrowing and are recorded separately from primary expenditures.,Ministerio de Economía de Argentina,2026-07-16,ff954cd752cd8309,GGEXPINTPCN,Interest expense,AUTO_CANDIDATE,HIGH,IDB_LMW_RULE_CANDIDATE,interest payment | interest payments | interest payments,PCT_GDP,UNSPECIFIED,60,105,179,False
Fiscal Interest Payments,% of GDP,,Annual,03_Fiscal Accounts and Public Debt,01_Central Government,196,11,1990,2025,Fiscal Interest Payments (Central Government) are expenditures by the central government on interest owed for public debt. They reflect the cost of government borrowing and are recorded separately from primary expenditures.,Barbados Statistical Service,2026-07-16,ddd58a2d5adcd12c,GGEXPINTPCN,Interest expense,AUTO_CANDIDATE,HIGH,IDB_LMW_RULE_CANDIDATE,interest payment | interest payments | interest payments,PCT_GDP,UNSPECIFIED,60,105,176,False
Fiscal Interest Payments,% of GDP,,Annual,03_Fiscal Accounts and Public Debt,02_General Government,38,2,1996,2025,Fiscal Interest Payments (General Government) are expenditures by the general government on interest owed for public debt. They reflect the cost of government borrowing and are recorded separately from primary expenditures.,Tesouro Nacional do Brasil,2026-07-16,cd82fd4e3e8d453f,GGEXPINTPCN,Interest expense,AUTO_CANDIDATE,HIGH,IDB_LMW_RULE_CANDIDATE,interest payment | interest payments | interest payments,PCT_GDP,UNSPECIFIED,60,105,167,False
Fiscal Interest Payments,millions of USD,,Annual,03_Fiscal Accounts and Public Debt,03_Non Financial Public Sector,308,14,1990,2025,Fiscal Interest Payments (Non-Financial Public Sector) are expenditures by the non-financial public sector on interest owed for public debt. They reflect the cost of government borrowing and are recorded separately from primary expenditures.,Ministerio de Economía de Argentina,2026-07-16,d3463942309339df,GGEXPINTPCN,Interest expense,AUTO_CANDIDATE,HIGH,IDB_LMW_RULE_CANDIDATE,interest payment | interest payments | interest payments,CURRENT_USD,UNSPECIFIED,20,105,139,False
Fiscal Interest Payments,millions of USD,,Annual,03_Fiscal Accounts and Public Debt,01_Central Government,223,11,1990,2025,Fiscal Interest Payments (Central Government) are expenditures by the central government on interest owed for public debt. They reflect the cost of government borrowing and are recorded separately from primary expenditures.,Barbados Statistical Service,2026-07-16,0c5a3e7469b085ad,GGEXPINTPCN,Interest expense,AUTO_CANDIDATE,HIGH,IDB_LMW_RULE_CANDIDATE,interest payment | interest payments | interest payments,CURRENT_USD,UNSPECIFIED,20,105,136,False
Fiscal Interest Payments,millions of USD,,Annual,03_Fiscal Accounts and Public Debt,02_General Government,44,2,1990,2025,Fiscal Interest Payments (General Government) are expenditures by the general government on interest owed for public debt. They reflect the cost of government borrowing and are recorded separately from primary expenditures.,Tesouro Nacional do Brasil,2026-07-16,17af97bdf7f0a9be,GGEXPINTPCN,Interest expense,AUTO_CANDIDATE,HIGH,IDB_LMW_RULE_CANDIDATE,interest payment | interest payments | interest payments,CURRENT_USD,UNSPECIFIED,20,105,127,False
Fiscal Interest Payments,millions of domestic currency,,Annual,03_Fiscal Accounts and Public Debt,03_Non Financial Public Sector,308,14,1990,2025,Fiscal Interest Payments (Non-Financial Public Sector) are expenditures by the non-financial public sector on interest owed for public debt. They reflect the cost of government borrowing and are recorded separately from primary expenditures.,Ministerio de Economía de Argentina,2026-07-16,1acc46325da988a1,GGEXPINTPCN,Interest expense,AUTO_CANDIDATE,HIGH,IDB_LMW_RULE_CANDIDATE,interest payment | interest payments | interest payments,OTHER,UNSPECIFIED,0,105,119,False
Fiscal Interest Payments,PPP adjusted,,Annual,03_Fiscal Accounts and Public Debt,03_Non Financial Public Sector,297,14,1990,2024,Fiscal Interest Payments (Non-Financial Public Sector) are expenditures by the non-financial public sector on interest owed for public debt. They reflect the cost of government borrowing and are recorded separately from primary expenditures.,Ministerio de Economía de Argentina,2026-07-16,676be6f21492c4aa,GGEXPINTPCN,Interest expense,AUTO_CANDIDATE,HIGH,IDB_LMW_RULE_CANDIDATE,interest payment | interest payments | interest payments,OTHER,UNSPECIFIED,0,105,119,False
Fiscal Interest Payments,fiscal year (Q4–Q3 aggregation),,Annual,03_Fiscal Accounts and Public Debt,03_Non Financial Public Sector,274,13,1991,2025,Fiscal Interest Payments (Non-Financial Public Sector) are expenditures by the non-financial public sector on interest owed for public debt. They reflect the cost of government borrowing and are recorded separately from primary expenditures.,Ministerio de Economía de Argentina,2026-07-16,38a452317c1bc42a,GGEXPINTPCN,Interest expense,AUTO_CANDIDATE,HIGH,IDB_LMW_RULE_CANDIDATE,interest payment | interest payments | interest payments,OTHER,UNSPECIFIED,0,105,118,False
Fiscal Interest Payments,millions of domestic currency,,Annual,03_Fiscal Accounts and Public Debt,01_Central Government,225,11,1990,2025,Fiscal Interest Payments (Central Government) are expenditures by the central government on interest owed for public debt. They reflect the cost of government borrowing and are recorded separately from primary expenditures.,Barbados Statistical Service,2026-07-16,17e81e93986dd699,GGEXPINTPCN,Interest expense,AUTO_CANDIDATE,HIGH,IDB_LMW_RULE_CANDIDATE,interest payment | interest payments | interest payments,OTHER,UNSPECIFIED,0,105,116,False
Fiscal Interest Payments,PPP adjusted,,Annual,03_Fiscal Accounts and Public Debt,01_Central Government,219,11,1990,2024,Fiscal Interest Payments (Central Government) are expenditures by the central government on interest owed for public debt. They reflect the cost of government borrowing and are recorded separately from primary expenditures.,Barbados Statistical Service,2026-07-16,661dc0a56de42d63,GGEXPINTPCN,Interest expense,AUTO_CANDIDATE,HIGH,IDB_LMW_RULE_CANDIDATE,interest payment | interest payments | interest payments,OTHER,UNSPECIFIED,0,105,116,False
Fiscal Interest Payments,fiscal year (Q4–Q3 aggregation),,Annual,03_Fiscal Accounts and Public Debt,01_Central Government,190,10,1992,2025,Fiscal Interest Payments (Central Government) are expenditures by the central government on interest owed for public debt. They reflect the cost of government borrowing and are recorded separately from primary expenditures.,Barbados Statistical Service,2026-07-16,9515580186dab9f9,GGEXPINTPCN,Interest expense,AUTO_CANDIDATE,HIGH,IDB_LMW_RULE_CANDIDATE,interest payment | interest payments | interest payments,OTHER,UNSPECIFIED,0,105,115,False
Fiscal Interest Payments,millions of domestic currency,,Annual,03_Fiscal Accounts and Public Debt,02_General Government,44,2,1990,2025,Fiscal Interest Payments (General Government) are expenditures by the general government on interest owed for public debt. They reflect the cost of government borrowing and are recorded separately from primary expenditures.,Tesouro Nacional do Brasil,2026-07-16,b8c905fb83cf352e,GGEXPINTPCN,Interest expense,AUTO_CANDIDATE,HIGH,IDB_LMW_RULE_CANDIDATE,interest payment | interest payments | interest payments,OTHER,UNSPECIFIED,0,105,107,False
Fiscal Interest Payments,PPP adjusted,,Annual,03_Fiscal Accounts and Public Debt,02_General Government,43,2,1990,2024,Fiscal Interest Payments (General Government) are expenditures by the general government on interest owed for public debt. They reflect the cost of government borrowing and are recorded separately from primary expenditures.,Tesouro Nacional do Brasil,2026-07-16,9d0e323af873d758,GGEXPINTPCN,Interest expense,AUTO_CANDIDATE,HIGH,IDB_LMW_RULE_CANDIDATE,interest payment | interest payments | interest payments,OTHER,UNSPECIFIED,0,105,107,False
Fiscal Interest Payments,fiscal year (Q4–Q3 aggregation),,Annual,03_Fiscal Accounts and Public Debt,02_General Government,15,2,2011,2025,Fiscal Interest Payments (General Government) are expenditures by the general government on interest owed for public debt. They reflect the cost of government borrowing and are recorded separately from primary expenditures.,Tesouro Nacional do Brasil,2026-07-16,d22b813ddce7c066,GGEXPINTPCN,Interest expense,AUTO_CANDIDATE,HIGH,IDB_LMW_RULE_CANDIDATE,interest payment | interest payments | interest payments,OTHER,UNSPECIFIED,0,105,107,False
Fiscal Interest Payments,constant prices – CPI-deflated,,Annual,03_Fiscal Accounts and Public Debt,03_Non Financial Public Sector,305,14,1990,2025,Fiscal Interest Payments (Non-Financial Public Sector) are expenditures by the non-financial public sector on interest owed for public debt. They reflect the cost of government borrowing and are recorded separately from primary expenditures.,Ministerio de Economía de Argentina,2026-07-16,69140ed0f15065f2,GGEXPINTPCN,Interest expense,AUTO_CANDIDATE,HIGH,IDB_LMW_RULE_CANDIDATE,interest payment | interest payments | interest payments,CONSTANT_OTHER,UNSPECIFIED,-250,105,-131,False
Fiscal Interest Payments,constant prices – CPI-deflated,,Annual,03_Fiscal Accounts and Public Debt,01_Central Government,210,11,1991,2025,Fiscal Interest Payments (Central Government) are expenditures by the central government on interest owed for public debt. They reflect the cost of government borrowing and are recorded separately from primary expenditures.,Barbados Statistical Service,2026-07-16,084e53e8e9695d5b,GGEXPINTPCN,Interest expense,AUTO_CANDIDATE,HIGH,IDB_LMW_RULE_CANDIDATE,interest payment | interest payments | interest payments,CONSTANT_OTHER,UNSPECIFIED,-250,105,-134,False
Fiscal Interest Payments,constant prices – CPI-deflated,,Annual,03_Fiscal Accounts and Public Debt,02_General Government,44,2,1990,2025,Fiscal Interest Payments (General Government) are expenditures by the general government on interest owed for public debt. They reflect the cost of government borrowing and are recorded separately from primary expenditures.,Tesouro Nacional do Brasil,2026-07-16,238fd22223addb26,GGEXPINTPCN,Interest expense,AUTO_CANDIDATE,HIGH,IDB_LMW_RULE_CANDIDATE,interest payment | interest payments | interest payments,CONSTANT_OTHER,UNSPECIFIED,-250,105,-143,False
Fiscal Interest Payments,millions of USD,YoY %,Annual,03_Fiscal Accounts and Public Debt,03_Non Financial Public Sector,283,14,1991,2025,Fiscal Interest Payments (Non-Financial Public Sector) are expenditures by the non-financial public sector on interest owed for public debt. They reflect the cost of government borrowing and are recorded separately from primary expenditures.,Ministerio de Economía de Argentina,2026-07-16,69f82f00594eb93e,GGEXPINTPCN,Interest expense,AUTO_CANDIDATE,HIGH,IDB_LMW_RULE_CANDIDATE,interest payment | interest payments | interest payments,TRANSFORMED_NONLEVEL,UNSPECIFIED,-280,105,-161,False
Fiscal Interest Payments,millions of USD,YoY %,Annual,03_Fiscal Accounts and Public Debt,01_Central Government,220,12,1991,2025,Fiscal Interest Payments (Central Government) are expenditures by the central government on interest owed for public debt. They reflect the cost of government borrowing and are recorded separately from primary expenditures.,Barbados Statistical Service,2026-07-16,4c3a31d6713d9945,GGEXPINTPCN,Interest expense,AUTO_CANDIDATE,HIGH,IDB_LMW_RULE_CANDIDATE,interest payment | interest payments | interest payments,TRANSFORMED_NONLEVEL,UNSPECIFIED,-280,105,-163,False
Fiscal Interest Payments,millions of USD,YoY %,Annual,03_Fiscal Accounts and Public Debt,02_General Government,43,2,1991,2025,Fiscal Interest Payments (General Government) are expenditures by the general government on interest owed for public debt. They reflect the cost of government borrowing and are recorded separately from primary expenditures.,Tesouro Nacional do Brasil,2026-07-16,44a176a366fcb5d1,GGEXPINTPCN,Interest expense,AUTO_CANDIDATE,HIGH,IDB_LMW_RULE_CANDIDATE,interest payment | interest payments | interest payments,TRANSFORMED_NONLEVEL,UNSPECIFIED,-280,105,-173,False
Fiscal Interest Payments,millions of domestic currency,YoY %,Annual,03_Fiscal Accounts and Public Debt,03_Non Financial Public Sector,283,14,1991,2025,Fiscal Interest Payments (Non-Financial Public Sector) are expenditures by the non-financial public sector on interest owed for public debt. They reflect the cost of government borrowing and are recorded separately from primary expenditures.,Ministerio de Economía de Argentina,2026-07-16,6eed647490f82a57,GGEXPINTPCN,Interest expense,AUTO_CANDIDATE,HIGH,IDB_LMW_RULE_CANDIDATE,interest payment | interest payments | interest payments,TRANSFORMED_NONLEVEL,UNSPECIFIED,-300,105,-181,False
Fiscal Interest Payments,PPP adjusted,YoY %,Annual,03_Fiscal Accounts and Public Debt,03_Non Financial Public Sector,272,14,1991,2024,Fiscal Interest Payments (Non-Financial Public Sector) are expenditures by the non-financial public sector on interest owed for public debt. They reflect the cost of government borrowing and are recorded separately from primary expenditures.,Ministerio de Economía de Argentina,2026-07-16,8cb00155015b08be,GGEXPINTPCN,Interest expense,AUTO_CANDIDATE,HIGH,IDB_LMW_RULE_CANDIDATE,interest payment | interest payments | interest payments,TRANSFORMED_NONLEVEL,UNSPECIFIED,-300,105,-181,False
Fiscal Interest Payments,millions of domestic currency,YoY %,Annual,03_Fiscal Accounts and Public Debt,01_Central Government,222,12,1991,2025,Fiscal Interest Payments (Central Government) are expenditures by the central government on interest owed for public debt. They reflect the cost of government borrowing and are recorded separately from primary expenditures.,Barbados Statistical Service,2026-07-16,587b1aca32f439a2,GGEXPINTPCN,Interest expense,AUTO_CANDIDATE,HIGH,IDB_LMW_RULE_CANDIDATE,interest payment | interest payments | interest payments,TRANSFORMED_NONLEVEL,UNSPECIFIED,-300,105,-183,False
Fiscal Interest Payments,PPP adjusted,YoY %,Annual,03_Fiscal Accounts and Public Debt,01_Central Government,216,12,1991,2024,Fiscal Interest Payments (Central Government) are expenditures by the central government on interest owed for public debt. They reflect the cost of government borrowing and are recorded separately from primary expenditures.,Barbados Statistical Service,2026-07-16,9580cf4888554970,GGEXPINTPCN,Interest expense,AUTO_CANDIDATE,HIGH,IDB_LMW_RULE_CANDIDATE,interest payment | interest payments | interest payments,TRANSFORMED_NONLEVEL,UNSPECIFIED,-300,105,-183,False
Fiscal Interest Payments,millions of domestic currency,YoY %,Annual,03_Fiscal Accounts and Public Debt,02_General Government,43,2,1991,2025,Fiscal Interest Payments (General Government) are expenditures by the general government on interest owed for public debt. They reflect the cost of government borrowing and are recorded separately from primary expenditures.,Tesouro Nacional do Brasil,2026-07-16,f9a7c7586d6bc290,GGEXPINTPCN,Interest expense,AUTO_CANDIDATE,HIGH,IDB_LMW_RULE_CANDIDATE,interest payment | interest payments | interest payments,TRANSFORMED_NONLEVEL,UNSPECIFIED,-300,105,-193,False
Fiscal Interest Payments,PPP adjusted,YoY %,Annual,03_Fiscal Accounts and Public Debt,02_General Government,42,2,1991,2024,Fiscal Interest Payments (General Government) are expenditures by the general government on interest owed for public debt. They reflect the cost of government borrowing and are recorded separately from primary expenditures.,Tesouro Nacional do Brasil,2026-07-16,0ba9f45b99c6caf3,GGEXPINTPCN,Interest expense,AUTO_CANDIDATE,HIGH,IDB_LMW_RULE_CANDIDATE,interest payment | interest payments | interest payments,TRANSFORMED_NONLEVEL,UNSPECIFIED,-300,105,-193,False
Total Fiscal Expenditure,% of GDP,,Annual,03_Fiscal Accounts and Public Debt,01_Central Government,390,19,1990,2025,"Fiscal Expenditure (Central Government) is the sum of all spending by the central government, including both primary expenditures (such as wages, subsidies, and investment) and interest payments on public debt. It reflects the full scope of government outlays. The precise coverage and classification may vary across countries, so country-specific notes should be consulted.",Ministerio de Economía de Argentina,2026-07-16,d6b1db49639d697a,GGEXPTOTLCN,Total expenditure,SOURCE_SPECIFIC_EXACT,HIGH,IDB_LMW_SOURCE_EXACT,total fiscal expenditure,PCT_GDP,UNSPECIFIED,60,500,1579,False
Total Fiscal Expenditure,% of GDP,,Annual,03_Fiscal Accounts and Public Debt,02_General Government,171,10,1993,2025,"Total Fiscal Expenditure (General Government) is the sum of all spending by the general government, including both primary expenditures (such as wages, subsidies, and investment) and interest payments on public debt. It reflects the full scope of government outlays. The precise coverage and classification may vary across countries, so country-specific notes should be consulted.",Ministerio de Economía de Argentina,2026-07-16,f9dd7acec2d4a6ee,GGEXPTOTLCN,Total expenditure,SOURCE_SPECIFIC_EXACT,HIGH,IDB_LMW_SOURCE_EXACT,total fiscal expenditure,PCT_GDP,UNSPECIFIED,60,500,1570,False
Total Fiscal Expenditure,millions of USD,,Annual,03_Fiscal Accounts and Public Debt,01_Central Government,436,19,1990,2025,"Fiscal Expenditure (Central Government) is the sum of all spending by the central government, including both primary expenditures (such as wages, subsidies, and investment) and interest payments on public debt. It reflects the full scope of government outlays. The precise coverage and classification may vary across countries, so country-specific notes should be consulted.",Ministerio de Economía de Argentina,2026-07-16,a09860d543a6f474,GGEXPTOTLCN,Total expenditure,SOURCE_SPECIFIC_EXACT,HIGH,IDB_LMW_SOURCE_EXACT,total fiscal expenditure,CURRENT_USD,UNSPECIFIED,20,500,1539,False
Total Fiscal Expenditure,millions of USD,,Annual,03_Fiscal Accounts and Public Debt,02_General Government,177,10,1990,2025,"Total Fiscal Expenditure (General Government) is the sum of all spending by the general government, including both primary expenditures (such as wages, subsidies, and investment) and interest payments on public debt. It reflects the full scope of government outlays. The precise coverage and classification may vary across countries, so country-specific notes should be consulted.",Ministerio de Economía de Argentina,2026-07-16,2df7e0917f14221e,GGEXPTOTLCN,Total expenditure,SOURCE_SPECIFIC_EXACT,HIGH,IDB_LMW_SOURCE_EXACT,total fiscal expenditure,CURRENT_USD,UNSPECIFIED,20,500,1530,False
Total Fiscal Expenditure,millions of domestic currency,,Annual,03_Fiscal Accounts and Public Debt,01_Central Government,439,19,1990,2025,"Fiscal Expenditure (Central Government) is the sum of all spending by the central government, including both primary expenditures (such as wages, subsidies, and investment) and interest payments on public debt. It reflects the full scope of government outlays. The precise coverage and classification may vary across countries, so country-specific notes should be consulted.",Ministerio de Economía de Argentina,2026-07-16,b00f7fb8d013113c,GGEXPTOTLCN,Total expenditure,SOURCE_SPECIFIC_EXACT,HIGH,IDB_LMW_SOURCE_EXACT,total fiscal expenditure,OTHER,UNSPECIFIED,0,500,1519,False
Total Fiscal Expenditure,PPP adjusted,,Annual,03_Fiscal Accounts and Public Debt,01_Central Government,428,19,1990,2024,"Fiscal Expenditure (Central Government) is the sum of all spending by the central government, including both primary expenditures (such as wages, subsidies, and investment) and interest payments on public debt. It reflects the full scope of government outlays. The precise coverage and classification may vary across countries, so country-specific notes should be consulted.",Ministerio de Economía de Argentina,2026-07-16,7ba58d86e44907de,GGEXPTOTLCN,Total expenditure,SOURCE_SPECIFIC_EXACT,HIGH,IDB_LMW_SOURCE_EXACT,total fiscal expenditure,OTHER,UNSPECIFIED,0,500,1519,False
Total Fiscal Expenditure,fiscal year (Q4–Q3 aggregation),,Annual,03_Fiscal Accounts and Public Debt,01_Central Government,404,18,1991,2025,"Fiscal Expenditure (Central Government) is the sum of all spending by the central government, including both primary expenditures (such as wages, subsidies, and investment) and interest payments on public debt. It reflects the full scope of government outlays. The precise coverage and classification may vary across countries, so country-specific notes should be consulted.",Ministerio de Economía de Argentina,2026-07-16,2555e064bfe4b071,GGEXPTOTLCN,Total expenditure,SOURCE_SPECIFIC_EXACT,HIGH,IDB_LMW_SOURCE_EXACT,total fiscal expenditure,OTHER,UNSPECIFIED,0,500,1518,False
Total Fiscal Expenditure,millions of domestic currency,,Annual,03_Fiscal Accounts and Public Debt,02_General Government,177,10,1990,2025,"Total Fiscal Expenditure (General Government) is the sum of all spending by the general government, including both primary expenditures (such as wages, subsidies, and investment) and interest payments on public debt. It reflects the full scope of government outlays. The precise coverage and classification may vary across countries, so country-specific notes should be consulted.",Ministerio de Economía de Argentina,2026-07-16,0184f684adb30e56,GGEXPTOTLCN,Total expenditure,SOURCE_SPECIFIC_EXACT,HIGH,IDB_LMW_SOURCE_EXACT,total fiscal expenditure,OTHER,UNSPECIFIED,0,500,1510,False
Total Fiscal Expenditure,PPP adjusted,,Annual,03_Fiscal Accounts and Public Debt,02_General Government,170,10,1990,2024,"Total Fiscal Expenditure (General Government) is the sum of all spending by the general government, including both primary expenditures (such as wages, subsidies, and investment) and interest payments on public debt. It reflects the full scope of government outlays. The precise coverage and classification may vary across countries, so country-specific notes should be consulted.",Ministerio de Economía de Argentina,2026-07-16,5ff2313d79d62e3d,GGEXPTOTLCN,Total expenditure,SOURCE_SPECIFIC_EXACT,HIGH,IDB_LMW_SOURCE_EXACT,total fiscal expenditure,OTHER,UNSPECIFIED,0,500,1510,False
Total Fiscal Expenditure,fiscal year (Q4–Q3 aggregation),,Annual,03_Fiscal Accounts and Public Debt,02_General Government,99,8,1996,2025,"Total Fiscal Expenditure (General Government) is the sum of all spending by the general government, including both primary expenditures (such as wages, subsidies, and investment) and interest payments on public debt. It reflects the full scope of government outlays. The precise coverage and classification may vary across countries, so country-specific notes should be consulted.",Ministerio de Economía y Finanzas Públicas de Bolivia,2026-07-16,c9b05876eaedb438,GGEXPTOTLCN,Total expenditure,SOURCE_SPECIFIC_EXACT,HIGH,IDB_LMW_SOURCE_EXACT,total fiscal expenditure,OTHER,UNSPECIFIED,0,500,1508,False
Total Fiscal Expenditure,constant prices – CPI-deflated,,Annual,03_Fiscal Accounts and Public Debt,01_Central Government,409,19,1990,2025,"Fiscal Expenditure (Central Government) is the sum of all spending by the central government, including both primary expenditures (such as wages, subsidies, and investment) and interest payments on public debt. It reflects the full scope of government outlays. The precise coverage and classification may vary across countries, so country-specific notes should be consulted.",Ministerio de Economía de Argentina,2026-07-16,fb29b0c26d55a50e,GGEXPTOTLCN,Total expenditure,SOURCE_SPECIFIC_EXACT,HIGH,IDB_LMW_SOURCE_EXACT,total fiscal expenditure,CONSTANT_OTHER,UNSPECIFIED,-250,500,1269,False
Total Fiscal Expenditure,constant prices – CPI-deflated,,Annual,03_Fiscal Accounts and Public Debt,02_General Government,177,10,1990,2025,"Total Fiscal Expenditure (General Government) is the sum of all spending by the general government, including both primary expenditures (such as wages, subsidies, and investment) and interest payments on public debt. It reflects the full scope of government outlays. The precise coverage and classification may vary across countries, so country-specific notes should be consulted.",Ministerio de Economía de Argentina,2026-07-16,5f3d514da1ed2c1c,GGEXPTOTLCN,Total expenditure,SOURCE_SPECIFIC_EXACT,HIGH,IDB_LMW_SOURCE_EXACT,total fiscal expenditure,CONSTANT_OTHER,UNSPECIFIED,-250,500,1260,False
Total Fiscal Expenditure,millions of USD,YoY %,Annual,03_Fiscal Accounts and Public Debt,01_Central Government,433,20,1991,2025,"Fiscal Expenditure (Central Government) is the sum of all spending by the central government, including both primary expenditures (such as wages, subsidies, and investment) and interest payments on public debt. It reflects the full scope of government outlays. The precise coverage and classification may vary across countries, so country-specific notes should be consulted.",Ministerio de Economía de Argentina,2026-07-16,984548d0265dfd46,GGEXPTOTLCN,Total expenditure,SOURCE_SPECIFIC_EXACT,HIGH,IDB_LMW_SOURCE_EXACT,total fiscal expenditure,TRANSFORMED_NONLEVEL,UNSPECIFIED,-280,500,1240,False
Total Fiscal Expenditure,millions of USD,YoY %,Annual,03_Fiscal Accounts and Public Debt,02_General Government,156,10,1991,2025,"Total Fiscal Expenditure (General Government) is the sum of all spending by the general government, including both primary expenditures (such as wages, subsidies, and investment) and interest payments on public debt. It reflects the full scope of government outlays. The precise coverage and classification may vary across countries, so country-specific notes should be consulted.",Ministerio de Economía de Argentina,2026-07-16,5ed0813ff90bc6b9,GGEXPTOTLCN,Total expenditure,SOURCE_SPECIFIC_EXACT,HIGH,IDB_LMW_SOURCE_EXACT,total fiscal expenditure,TRANSFORMED_NONLEVEL,UNSPECIFIED,-280,500,1230,False
Total Fiscal Expenditure,millions of domestic currency,YoY %,Annual,03_Fiscal Accounts and Public Debt,01_Central Government,436,20,1991,2025,"Fiscal Expenditure (Central Government) is the sum of all spending by the central government, including both primary expenditures (such as wages, subsidies, and investment) and interest payments on public debt. It reflects the full scope of government outlays. The precise coverage and classification may vary across countries, so country-specific notes should be consulted.",Ministerio de Economía de Argentina,2026-07-16,ca240f209e5db1e1,GGEXPTOTLCN,Total expenditure,SOURCE_SPECIFIC_EXACT,HIGH,IDB_LMW_SOURCE_EXACT,total fiscal expenditure,TRANSFORMED_NONLEVEL,UNSPECIFIED,-300,500,1220,False
Total Fiscal Expenditure,PPP adjusted,YoY %,Annual,03_Fiscal Accounts and Public Debt,01_Central Government,425,20,1991,2024,"Fiscal Expenditure (Central Government) is the sum of all spending by the central government, including both primary expenditures (such as wages, subsidies, and investment) and interest payments on public debt. It reflects the full scope of government outlays. The precise coverage and classification may vary across countries, so country-specific notes should be consulted.",Ministerio de Economía de Argentina,2026-07-16,3bf824cea9e662d4,GGEXPTOTLCN,Total expenditure,SOURCE_SPECIFIC_EXACT,HIGH,IDB_LMW_SOURCE_EXACT,total fiscal expenditure,TRANSFORMED_NONLEVEL,UNSPECIFIED,-300,500,1220,False
Total Fiscal Expenditure,millions of domestic currency,YoY %,Annual,03_Fiscal Accounts and Public Debt,02_General Government,156,10,1991,2025,"Total Fiscal Expenditure (General Government) is the sum of all spending by the general government, including both primary expenditures (such as wages, subsidies, and investment) and interest payments on public debt. It reflects the full scope of government outlays. The precise coverage and classification may vary across countries, so country-specific notes should be consulted.",Ministerio de Economía de Argentina,2026-07-16,d3b0c0a082773aba,GGEXPTOTLCN,Total expenditure,SOURCE_SPECIFIC_EXACT,HIGH,IDB_LMW_SOURCE_EXACT,total fiscal expenditure,TRANSFORMED_NONLEVEL,UNSPECIFIED,-300,500,1210,False
Total Fiscal Expenditure,PPP adjusted,YoY %,Annual,03_Fiscal Accounts and Public Debt,02_General Government,149,10,1991,2024,"Total Fiscal Expenditure (General Government) is the sum of all spending by the general government, including both primary expenditures (such as wages, subsidies, and investment) and interest payments on public debt. It reflects the full scope of government outlays. The precise coverage and classification may vary across countries, so country-specific notes should be consulted.",Ministerio de Economía de Argentina,2026-07-16,7f85ea508de93e90,GGEXPTOTLCN,Total expenditure,SOURCE_SPECIFIC_EXACT,HIGH,IDB_LMW_SOURCE_EXACT,total fiscal expenditure,TRANSFORMED_NONLEVEL,UNSPECIFIED,-300,500,1210,False
Total Fiscal Expenditure,% of GDP,,Annual,03_Fiscal Accounts and Public Debt,01_Central Government,390,19,1990,2025,"Fiscal Expenditure (Central Government) is the sum of all spending by the central government, including both primary expenditures (such as wages, subsidies, and investment) and interest payments on public debt. It reflects the full scope of government outlays. The precise coverage and classification may vary across countries, so country-specific notes should be consulted.",Ministerio de Economía de Argentina,2026-07-16,d6b1db49639d697a,GGEXPTOTLCN,Total expenditure,EXACT_CANDIDATE,HIGH,IDB_LMW_RULE_CANDIDATE,total fiscal expenditure,PCT_GDP,UNSPECIFIED,60,115,194,False
Total Fiscal Expenditure,% of GDP,,Annual,03_Fiscal Accounts and Public Debt,02_General Government,171,10,1993,2025,"Total Fiscal Expenditure (General Government) is the sum of all spending by the general government, including both primary expenditures (such as wages, subsidies, and investment) and interest payments on public debt. It reflects the full scope of government outlays. The precise coverage and classification may vary across countries, so country-specific notes should be consulted.",Ministerio de Economía de Argentina,2026-07-16,f9dd7acec2d4a6ee,GGEXPTOTLCN,Total expenditure,EXACT_CANDIDATE,HIGH,IDB_LMW_RULE_CANDIDATE,total fiscal expenditure,PCT_GDP,UNSPECIFIED,60,115,185,False
Total Fiscal Expenditure,millions of USD,,Annual,03_Fiscal Accounts and Public Debt,01_Central Government,436,19,1990,2025,"Fiscal Expenditure (Central Government) is the sum of all spending by the central government, including both primary expenditures (such as wages, subsidies, and investment) and interest payments on public debt. It reflects the full scope of government outlays. The precise coverage and classification may vary across countries, so country-specific notes should be consulted.",Ministerio de Economía de Argentina,2026-07-16,a09860d543a6f474,GGEXPTOTLCN,Total expenditure,EXACT_CANDIDATE,HIGH,IDB_LMW_RULE_CANDIDATE,total fiscal expenditure,CURRENT_USD,UNSPECIFIED,20,115,154,False
Total Fiscal Expenditure,millions of USD,,Annual,03_Fiscal Accounts and Public Debt,02_General Government,177,10,1990,2025,"Total Fiscal Expenditure (General Government) is the sum of all spending by the general government, including both primary expenditures (such as wages, subsidies, and investment) and interest payments on public debt. It reflects the full scope of government outlays. The precise coverage and classification may vary across countries, so country-specific notes should be consulted.",Ministerio de Economía de Argentina,2026-07-16,2df7e0917f14221e,GGEXPTOTLCN,Total expenditure,EXACT_CANDIDATE,HIGH,IDB_LMW_RULE_CANDIDATE,total fiscal expenditure,CURRENT_USD,UNSPECIFIED,20,115,145,False
Total Fiscal Expenditure,millions of domestic currency,,Annual,03_Fiscal Accounts and Public Debt,01_Central Government,439,19,1990,2025,"Fiscal Expenditure (Central Government) is the sum of all spending by the central government, including both primary expenditures (such as wages, subsidies, and investment) and interest payments on public debt. It reflects the full scope of government outlays. The precise coverage and classification may vary across countries, so country-specific notes should be consulted.",Ministerio de Economía de Argentina,2026-07-16,b00f7fb8d013113c,GGEXPTOTLCN,Total expenditure,EXACT_CANDIDATE,HIGH,IDB_LMW_RULE_CANDIDATE,total fiscal expenditure,OTHER,UNSPECIFIED,0,115,134,False
Total Fiscal Expenditure,PPP adjusted,,Annual,03_Fiscal Accounts and Public Debt,01_Central Government,428,19,1990,2024,"Fiscal Expenditure (Central Government) is the sum of all spending by the central government, including both primary expenditures (such as wages, subsidies, and investment) and interest payments on public debt. It reflects the full scope of government outlays. The precise coverage and classification may vary across countries, so country-specific notes should be consulted.",Ministerio de Economía de Argentina,2026-07-16,7ba58d86e44907de,GGEXPTOTLCN,Total expenditure,EXACT_CANDIDATE,HIGH,IDB_LMW_RULE_CANDIDATE,total fiscal expenditure,OTHER,UNSPECIFIED,0,115,134,False
Total Fiscal Expenditure,fiscal year (Q4–Q3 aggregation),,Annual,03_Fiscal Accounts and Public Debt,01_Central Government,404,18,1991,2025,"Fiscal Expenditure (Central Government) is the sum of all spending by the central government, including both primary expenditures (such as wages, subsidies, and investment) and interest payments on public debt. It reflects the full scope of government outlays. The precise coverage and classification may vary across countries, so country-specific notes should be consulted.",Ministerio de Economía de Argentina,2026-07-16,2555e064bfe4b071,GGEXPTOTLCN,Total expenditure,EXACT_CANDIDATE,HIGH,IDB_LMW_RULE_CANDIDATE,total fiscal expenditure,OTHER,UNSPECIFIED,0,115,133,False
Total Fiscal Expenditure,millions of domestic currency,,Annual,03_Fiscal Accounts and Public Debt,02_General Government,177,10,1990,2025,"Total Fiscal Expenditure (General Government) is the sum of all spending by the general government, including both primary expenditures (such as wages, subsidies, and investment) and interest payments on public debt. It reflects the full scope of government outlays. The precise coverage and classification may vary across countries, so country-specific notes should be consulted.",Ministerio de Economía de Argentina,2026-07-16,0184f684adb30e56,GGEXPTOTLCN,Total expenditure,EXACT_CANDIDATE,HIGH,IDB_LMW_RULE_CANDIDATE,total fiscal expenditure,OTHER,UNSPECIFIED,0,115,125,False
Total Fiscal Expenditure,PPP adjusted,,Annual,03_Fiscal Accounts and Public Debt,02_General Government,170,10,1990,2024,"Total Fiscal Expenditure (General Government) is the sum of all spending by the general government, including both primary expenditures (such as wages, subsidies, and investment) and interest payments on public debt. It reflects the full scope of government outlays. The precise coverage and classification may vary across countries, so country-specific notes should be consulted.",Ministerio de Economía de Argentina,2026-07-16,5ff2313d79d62e3d,GGEXPTOTLCN,Total expenditure,EXACT_CANDIDATE,HIGH,IDB_LMW_RULE_CANDIDATE,total fiscal expenditure,OTHER,UNSPECIFIED,0,115,125,False
Total Fiscal Expenditure,fiscal year (Q4–Q3 aggregation),,Annual,03_Fiscal Accounts and Public Debt,02_General Government,99,8,1996,2025,"Total Fiscal Expenditure (General Government) is the sum of all spending by the general government, including both primary expenditures (such as wages, subsidies, and investment) and interest payments on public debt. It reflects the full scope of government outlays. The precise coverage and classification may vary across countries, so country-specific notes should be consulted.",Ministerio de Economía y Finanzas Públicas de Bolivia,2026-07-16,c9b05876eaedb438,GGEXPTOTLCN,Total expenditure,EXACT_CANDIDATE,HIGH,IDB_LMW_RULE_CANDIDATE,total fiscal expenditure,OTHER,UNSPECIFIED,0,115,123,False
Total Fiscal Expenditure,constant prices – CPI-deflated,,Annual,03_Fiscal Accounts and Public Debt,01_Central Government,409,19,1990,2025,"Fiscal Expenditure (Central Government) is the sum of all spending by the central government, including both primary expenditures (such as wages, subsidies, and investment) and interest payments on public debt. It reflects the full scope of government outlays. The precise coverage and classification may vary across countries, so country-specific notes should be consulted.",Ministerio de Economía de Argentina,2026-07-16,fb29b0c26d55a50e,GGEXPTOTLCN,Total expenditure,EXACT_CANDIDATE,HIGH,IDB_LMW_RULE_CANDIDATE,total fiscal expenditure,CONSTANT_OTHER,UNSPECIFIED,-250,115,-116,False
Total Fiscal Expenditure,constant prices – CPI-deflated,,Annual,03_Fiscal Accounts and Public Debt,02_General Government,177,10,1990,2025,"Total Fiscal Expenditure (General Government) is the sum of all spending by the general government, including both primary expenditures (such as wages, subsidies, and investment) and interest payments on public debt. It reflects the full scope of government outlays. The precise coverage and classification may vary across countries, so country-specific notes should be consulted.",Ministerio de Economía de Argentina,2026-07-16,5f3d514da1ed2c1c,GGEXPTOTLCN,Total expenditure,EXACT_CANDIDATE,HIGH,IDB_LMW_RULE_CANDIDATE,total fiscal expenditure,CONSTANT_OTHER,UNSPECIFIED,-250,115,-125,False
Total Fiscal Expenditure,millions of USD,YoY %,Annual,03_Fiscal Accounts and Public Debt,01_Central Government,433,20,1991,2025,"Fiscal Expenditure (Central Government) is the sum of all spending by the central government, including both primary expenditures (such as wages, subsidies, and investment) and interest payments on public debt. It reflects the full scope of government outlays. The precise coverage and classification may vary across countries, so country-specific notes should be consulted.",Ministerio de Economía de Argentina,2026-07-16,984548d0265dfd46,GGEXPTOTLCN,Total expenditure,EXACT_CANDIDATE,HIGH,IDB_LMW_RULE_CANDIDATE,total fiscal expenditure,TRANSFORMED_NONLEVEL,UNSPECIFIED,-280,115,-145,False
Total Fiscal Expenditure,millions of USD,YoY %,Annual,03_Fiscal Accounts and Public Debt,02_General Government,156,10,1991,2025,"Total Fiscal Expenditure (General Government) is the sum of all spending by the general government, including both primary expenditures (such as wages, subsidies, and investment) and interest payments on public debt. It reflects the full scope of government outlays. The precise coverage and classification may vary across countries, so country-specific notes should be consulted.",Ministerio de Economía de Argentina,2026-07-16,5ed0813ff90bc6b9,GGEXPTOTLCN,Total expenditure,EXACT_CANDIDATE,HIGH,IDB_LMW_RULE_CANDIDATE,total fiscal expenditure,TRANSFORMED_NONLEVEL,UNSPECIFIED,-280,115,-155,False
Total Fiscal Expenditure,millions of domestic currency,YoY %,Annual,03_Fiscal Accounts and Public Debt,01_Central Government,436,20,1991,2025,"Fiscal Expenditure (Central Government) is the sum of all spending by the central government, including both primary expenditures (such as wages, subsidies, and investment) and interest payments on public debt. It reflects the full scope of government outlays. The precise coverage and classification may vary across countries, so country-specific notes should be consulted.",Ministerio de Economía de Argentina,2026-07-16,ca240f209e5db1e1,GGEXPTOTLCN,Total expenditure,EXACT_CANDIDATE,HIGH,IDB_LMW_RULE_CANDIDATE,total fiscal expenditure,TRANSFORMED_NONLEVEL,UNSPECIFIED,-300,115,-165,False
Total Fiscal Expenditure,PPP adjusted,YoY %,Annual,03_Fiscal Accounts and Public Debt,01_Central Government,425,20,1991,2024,"Fiscal Expenditure (Central Government) is the sum of all spending by the central government, including both primary expenditures (such as wages, subsidies, and investment) and interest payments on public debt. It reflects the full scope of government outlays. The precise coverage and classification may vary across countries, so country-specific notes should be consulted.",Ministerio de Economía de Argentina,2026-07-16,3bf824cea9e662d4,GGEXPTOTLCN,Total expenditure,EXACT_CANDIDATE,HIGH,IDB_LMW_RULE_CANDIDATE,total fiscal expenditure,TRANSFORMED_NONLEVEL,UNSPECIFIED,-300,115,-165,False
Total Fiscal Expenditure,millions of domestic currency,YoY %,Annual,03_Fiscal Accounts and Public Debt,02_General Government,156,10,1991,2025,"Total Fiscal Expenditure (General Government) is the sum of all spending by the general government, including both primary expenditures (such as wages, subsidies, and investment) and interest payments on public debt. It reflects the full scope of government outlays. The precise coverage and classification may vary across countries, so country-specific notes should be consulted.",Ministerio de Economía de Argentina,2026-07-16,d3b0c0a082773aba,GGEXPTOTLCN,Total expenditure,EXACT_CANDIDATE,HIGH,IDB_LMW_RULE_CANDIDATE,total fiscal expenditure,TRANSFORMED_NONLEVEL,UNSPECIFIED,-300,115,-175,False
Total Fiscal Expenditure,PPP adjusted,YoY %,Annual,03_Fiscal Accounts and Public Debt,02_General Government,149,10,1991,2024,"Total Fiscal Expenditure (General Government) is the sum of all spending by the general government, including both primary expenditures (such as wages, subsidies, and investment) and interest payments on public debt. It reflects the full scope of government outlays. The precise coverage and classification may vary across countries, so country-specific notes should be consulted.",Ministerio de Economía de Argentina,2026-07-16,7f85ea508de93e90,GGEXPTOTLCN,Total expenditure,EXACT_CANDIDATE,HIGH,IDB_LMW_RULE_CANDIDATE,total fiscal expenditure,TRANSFORMED_NONLEVEL,UNSPECIFIED,-300,115,-175,False
Fiscal Revenue,% of GDP,,Annual,03_Fiscal Accounts and Public Debt,01_Central Government,280,15,1990,2025,"Fiscal Revenue (Central Government) refers to the total income received by the central government, including taxes, social contributions, and other current and capital revenues. It reflects the government’s capacity to finance public spending without resorting to borrowing. The precise coverage and classification may vary across countries, so country-specific notes should be consulted.",Barbados Statistical Service,2026-07-16,22ee6ffa77c9fdc6,GGREVTOTLCN,Total revenue,SOURCE_SPECIFIC_EXACT,HIGH,IDB_LMW_SOURCE_EXACT,fiscal revenue,PCT_GDP,UNSPECIFIED,60,500,1575,False
Fiscal Revenue,% of GDP,,Annual,03_Fiscal Accounts and Public Debt,03_Non Financial Public Sector,279,12,1990,2025,"Fiscal Revenue (Non-Financial Public Sector) refers to the total income received by the non-financial public sector, including taxes, social contributions, and other current and capital revenues. It reflects the government’s capacity to finance public spending without resorting to borrowing. The precise coverage and classification may vary across countries, so country-specific notes should be consulted.",Ministerio de Economía de Argentina,2026-07-16,245a7f09a6d49757,GGREVTOTLCN,Total revenue,SOURCE_SPECIFIC_EXACT,HIGH,IDB_LMW_SOURCE_EXACT,fiscal revenue,PCT_GDP,UNSPECIFIED,60,500,1572,False
Fiscal Revenue,% of GDP,,Annual,03_Fiscal Accounts and Public Debt,02_General Government,64,4,1996,2025,"Fiscal Revenue (General Government) refers to the total income received by the general government, including taxes, social contributions, and other current and capital revenues. It reflects the government’s capacity to finance public spending without resorting to borrowing. The precise coverage and classification may vary across countries, so country-specific notes should be consulted.",Tesouro Nacional do Brasil,2026-07-16,67db09b2dce40025,GGREVTOTLCN,Total revenue,SOURCE_SPECIFIC_EXACT,HIGH,IDB_LMW_SOURCE_EXACT,fiscal revenue,PCT_GDP,UNSPECIFIED,60,500,1564,False
Fiscal Revenue,millions of USD,,Annual,03_Fiscal Accounts and Public Debt,01_Central Government,309,15,1990,2025,"Fiscal Revenue (Central Government) refers to the total income received by the central government, including taxes, social contributions, and other current and capital revenues. It reflects the government’s capacity to finance public spending without resorting to borrowing. The precise coverage and classification may vary across countries, so country-specific notes should be consulted.",Barbados Statistical Service,2026-07-16,7c961459777b4aef,GGREVTOTLCN,Total revenue,SOURCE_SPECIFIC_EXACT,HIGH,IDB_LMW_SOURCE_EXACT,fiscal revenue,CURRENT_USD,UNSPECIFIED,20,500,1535,False
Fiscal Revenue,millions of USD,,Annual,03_Fiscal Accounts and Public Debt,03_Non Financial Public Sector,301,12,1990,2025,"Fiscal Revenue (Non-Financial Public Sector) refers to the total income received by the non-financial public sector, including taxes, social contributions, and other current and capital revenues. It reflects the government’s capacity to finance public spending without resorting to borrowing. The precise coverage and classification may vary across countries, so country-specific notes should be consulted.",Ministerio de Economía de Argentina,2026-07-16,573300f7df9c8779,GGREVTOTLCN,Total revenue,SOURCE_SPECIFIC_EXACT,HIGH,IDB_LMW_SOURCE_EXACT,fiscal revenue,CURRENT_USD,UNSPECIFIED,20,500,1532,False
Fiscal Revenue,millions of USD,,Annual,03_Fiscal Accounts and Public Debt,02_General Government,70,4,1990,2025,"Fiscal Revenue (General Government) refers to the total income received by the general government, including taxes, social contributions, and other current and capital revenues. It reflects the government’s capacity to finance public spending without resorting to borrowing. The precise coverage and classification may vary across countries, so country-specific notes should be consulted.",Tesouro Nacional do Brasil,2026-07-16,ae9e8a6003642285,GGREVTOTLCN,Total revenue,SOURCE_SPECIFIC_EXACT,HIGH,IDB_LMW_SOURCE_EXACT,fiscal revenue,CURRENT_USD,UNSPECIFIED,20,500,1524,False
Fiscal Revenue,millions of domestic currency,,Annual,03_Fiscal Accounts and Public Debt,01_Central Government,312,15,1990,2025,"Fiscal Revenue (Central Government) refers to the total income received by the central government, including taxes, social contributions, and other current and capital revenues. It reflects the government’s capacity to finance public spending without resorting to borrowing. The precise coverage and classification may vary across countries, so country-specific notes should be consulted.",Barbados Statistical Service,2026-07-16,5910b8c04ab4c9ae,GGREVTOTLCN,Total revenue,SOURCE_SPECIFIC_EXACT,HIGH,IDB_LMW_SOURCE_EXACT,fiscal revenue,OTHER,UNSPECIFIED,0,500,1515,False
Fiscal Revenue,PPP adjusted,,Annual,03_Fiscal Accounts and Public Debt,01_Central Government,305,15,1990,2024,"Fiscal Revenue (Central Government) refers to the total income received by the central government, including taxes, social contributions, and other current and capital revenues. It reflects the government’s capacity to finance public spending without resorting to borrowing. The precise coverage and classification may vary across countries, so country-specific notes should be consulted.",Barbados Statistical Service,2026-07-16,6c41f46a47839871,GGREVTOTLCN,Total revenue,SOURCE_SPECIFIC_EXACT,HIGH,IDB_LMW_SOURCE_EXACT,fiscal revenue,OTHER,UNSPECIFIED,0,500,1515,False
Fiscal Revenue,fiscal year (Q4–Q3 aggregation),,Annual,03_Fiscal Accounts and Public Debt,01_Central Government,253,14,1991,2025,"Fiscal Revenue (Central Government) refers to the total income received by the central government, including taxes, social contributions, and other current and capital revenues. It reflects the government’s capacity to finance public spending without resorting to borrowing. The precise coverage and classification may vary across countries, so country-specific notes should be consulted.",Barbados Statistical Service,2026-07-16,b3c0c63e8a3a2c38,GGREVTOTLCN,Total revenue,SOURCE_SPECIFIC_EXACT,HIGH,IDB_LMW_SOURCE_EXACT,fiscal revenue,OTHER,UNSPECIFIED,0,500,1514,False
Fiscal Revenue,millions of domestic currency,,Annual,03_Fiscal Accounts and Public Debt,03_Non Financial Public Sector,301,12,1990,2025,"Fiscal Revenue (Non-Financial Public Sector) refers to the total income received by the non-financial public sector, including taxes, social contributions, and other current and capital revenues. It reflects the government’s capacity to finance public spending without resorting to borrowing. The precise coverage and classification may vary across countries, so country-specific notes should be consulted.",Ministerio de Economía de Argentina,2026-07-16,d9c2b98c06fcf302,GGREVTOTLCN,Total revenue,SOURCE_SPECIFIC_EXACT,HIGH,IDB_LMW_SOURCE_EXACT,fiscal revenue,OTHER,UNSPECIFIED,0,500,1512,False
Fiscal Revenue,PPP adjusted,,Annual,03_Fiscal Accounts and Public Debt,03_Non Financial Public Sector,293,12,1990,2024,"Fiscal Revenue (Non-Financial Public Sector) refers to the total income received by the non-financial public sector, including taxes, social contributions, and other current and capital revenues. It reflects the government’s capacity to finance public spending without resorting to borrowing. The precise coverage and classification may vary across countries, so country-specific notes should be consulted.",Ministerio de Economía de Argentina,2026-07-16,08fc1c66bd3bf748,GGREVTOTLCN,Total revenue,SOURCE_SPECIFIC_EXACT,HIGH,IDB_LMW_SOURCE_EXACT,fiscal revenue,OTHER,UNSPECIFIED,0,500,1512,False
Fiscal Revenue,fiscal year (Q4–Q3 aggregation),,Annual,03_Fiscal Accounts and Public Debt,03_Non Financial Public Sector,233,11,1991,2025,"Fiscal Revenue (Non-Financial Public Sector) refers to the total income received by the non-financial public sector, including taxes, social contributions, and other current and capital revenues. It reflects the government’s capacity to finance public spending without resorting to borrowing. The precise coverage and classification may vary across countries, so country-specific notes should be consulted.",Ministerio de Economía de Argentina,2026-07-16,857f37455f3569de,GGREVTOTLCN,Total revenue,SOURCE_SPECIFIC_EXACT,HIGH,IDB_LMW_SOURCE_EXACT,fiscal revenue,OTHER,UNSPECIFIED,0,500,1511,False
Fiscal Revenue,millions of domestic currency,,Annual,03_Fiscal Accounts and Public Debt,02_General Government,70,4,1990,2025,"Fiscal Revenue (General Government) refers to the total income received by the general government, including taxes, social contributions, and other current and capital revenues. It reflects the government’s capacity to finance public spending without resorting to borrowing. The precise coverage and classification may vary across countries, so country-specific notes should be consulted.",Tesouro Nacional do Brasil,2026-07-16,05f71b827f946892,GGREVTOTLCN,Total revenue,SOURCE_SPECIFIC_EXACT,HIGH,IDB_LMW_SOURCE_EXACT,fiscal revenue,OTHER,UNSPECIFIED,0,500,1504,False
Fiscal Revenue,PPP adjusted,,Annual,03_Fiscal Accounts and Public Debt,02_General Government,66,4,1990,2024,"Fiscal Revenue (General Government) refers to the total income received by the general government, including taxes, social contributions, and other current and capital revenues. It reflects the government’s capacity to finance public spending without resorting to borrowing. The precise coverage and classification may vary across countries, so country-specific notes should be consulted.",Tesouro Nacional do Brasil,2026-07-16,f9491b60cf0df812,GGREVTOTLCN,Total revenue,SOURCE_SPECIFIC_EXACT,HIGH,IDB_LMW_SOURCE_EXACT,fiscal revenue,OTHER,UNSPECIFIED,0,500,1504,False
Fiscal Revenue,fiscal year (Q4–Q3 aggregation),,Annual,03_Fiscal Accounts and Public Debt,02_General Government,63,4,1996,2025,"Fiscal Revenue (General Government) refers to the total income received by the general government, including taxes, social contributions, and other current and capital revenues. It reflects the government’s capacity to finance public spending without resorting to borrowing. The precise coverage and classification may vary across countries, so country-specific notes should be consulted.",Tesouro Nacional do Brasil,2026-07-16,e77510e4dc252eb3,GGREVTOTLCN,Total revenue,SOURCE_SPECIFIC_EXACT,HIGH,IDB_LMW_SOURCE_EXACT,fiscal revenue,OTHER,UNSPECIFIED,0,500,1504,False
Fiscal Revenue,constant prices – CPI-deflated,,Annual,03_Fiscal Accounts and Public Debt,01_Central Government,293,15,1990,2025,"Fiscal Revenue (Central Government) refers to the total income received by the central government, including taxes, social contributions, and other current and capital revenues. It reflects the government’s capacity to finance public spending without resorting to borrowing. The precise coverage and classification may vary across countries, so country-specific notes should be consulted.",Barbados Statistical Service,2026-07-16,b9c43d9776a3a823,GGREVTOTLCN,Total revenue,SOURCE_SPECIFIC_EXACT,HIGH,IDB_LMW_SOURCE_EXACT,fiscal revenue,CONSTANT_OTHER,UNSPECIFIED,-250,500,1265,False
Fiscal Revenue,constant prices – CPI-deflated,,Annual,03_Fiscal Accounts and Public Debt,03_Non Financial Public Sector,290,12,1990,2025,"Fiscal Revenue (Non-Financial Public Sector) refers to the total income received by the non-financial public sector, including taxes, social contributions, and other current and capital revenues. It reflects the government’s capacity to finance public spending without resorting to borrowing. The precise coverage and classification may vary across countries, so country-specific notes should be consulted.",Ministerio de Economía de Argentina,2026-07-16,6364b4ac84e98253,GGREVTOTLCN,Total revenue,SOURCE_SPECIFIC_EXACT,HIGH,IDB_LMW_SOURCE_EXACT,fiscal revenue,CONSTANT_OTHER,UNSPECIFIED,-250,500,1262,False
Fiscal Revenue,constant prices – CPI-deflated,,Annual,03_Fiscal Accounts and Public Debt,02_General Government,70,4,1990,2025,"Fiscal Revenue (General Government) refers to the total income received by the general government, including taxes, social contributions, and other current and capital revenues. It reflects the government’s capacity to finance public spending without resorting to borrowing. The precise coverage and classification may vary across countries, so country-specific notes should be consulted.",Tesouro Nacional do Brasil,2026-07-16,bf96476cc7a894dd,GGREVTOTLCN,Total revenue,SOURCE_SPECIFIC_EXACT,HIGH,IDB_LMW_SOURCE_EXACT,fiscal revenue,CONSTANT_OTHER,UNSPECIFIED,-250,500,1254,False
Fiscal Revenue,millions of USD,YoY %,Annual,03_Fiscal Accounts and Public Debt,01_Central Government,298,14,1991,2025,"Fiscal Revenue (Central Government) refers to the total income received by the central government, including taxes, social contributions, and other current and capital revenues. It reflects the government’s capacity to finance public spending without resorting to borrowing. The precise coverage and classification may vary across countries, so country-specific notes should be consulted.",Barbados Statistical Service,2026-07-16,1ddc76fad35a88c6,GGREVTOTLCN,Total revenue,SOURCE_SPECIFIC_EXACT,HIGH,IDB_LMW_SOURCE_EXACT,fiscal revenue,TRANSFORMED_NONLEVEL,UNSPECIFIED,-280,500,1234,False
Fiscal Revenue,millions of USD,YoY %,Annual,03_Fiscal Accounts and Public Debt,03_Non Financial Public Sector,289,12,1991,2025,"Fiscal Revenue (Non-Financial Public Sector) refers to the total income received by the non-financial public sector, including taxes, social contributions, and other current and capital revenues. It reflects the government’s capacity to finance public spending without resorting to borrowing. The precise coverage and classification may vary across countries, so country-specific notes should be consulted.",Ministerio de Economía de Argentina,2026-07-16,e1813d685df1ac63,GGREVTOTLCN,Total revenue,SOURCE_SPECIFIC_EXACT,HIGH,IDB_LMW_SOURCE_EXACT,fiscal revenue,TRANSFORMED_NONLEVEL,UNSPECIFIED,-280,500,1232,False
Fiscal Revenue,millions of USD,YoY %,Annual,03_Fiscal Accounts and Public Debt,02_General Government,66,4,1991,2025,"Fiscal Revenue (General Government) refers to the total income received by the general government, including taxes, social contributions, and other current and capital revenues. It reflects the government’s capacity to finance public spending without resorting to borrowing. The precise coverage and classification may vary across countries, so country-specific notes should be consulted.",Tesouro Nacional do Brasil,2026-07-16,6eddd7793ab0d76a,GGREVTOTLCN,Total revenue,SOURCE_SPECIFIC_EXACT,HIGH,IDB_LMW_SOURCE_EXACT,fiscal revenue,TRANSFORMED_NONLEVEL,UNSPECIFIED,-280,500,1224,False
Fiscal Revenue,millions of domestic currency,YoY %,Annual,03_Fiscal Accounts and Public Debt,01_Central Government,301,14,1991,2025,"Fiscal Revenue (Central Government) refers to the total income received by the central government, including taxes, social contributions, and other current and capital revenues. It reflects the government’s capacity to finance public spending without resorting to borrowing. The precise coverage and classification may vary across countries, so country-specific notes should be consulted.",Barbados Statistical Service,2026-07-16,b8e43a26ac980952,GGREVTOTLCN,Total revenue,SOURCE_SPECIFIC_EXACT,HIGH,IDB_LMW_SOURCE_EXACT,fiscal revenue,TRANSFORMED_NONLEVEL,UNSPECIFIED,-300,500,1214,False
Fiscal Revenue,PPP adjusted,YoY %,Annual,03_Fiscal Accounts and Public Debt,01_Central Government,294,14,1991,2024,"Fiscal Revenue (Central Government) refers to the total income received by the central government, including taxes, social contributions, and other current and capital revenues. It reflects the government’s capacity to finance public spending without resorting to borrowing. The precise coverage and classification may vary across countries, so country-specific notes should be consulted.",Barbados Statistical Service,2026-07-16,f178babc77b5a325,GGREVTOTLCN,Total revenue,SOURCE_SPECIFIC_EXACT,HIGH,IDB_LMW_SOURCE_EXACT,fiscal revenue,TRANSFORMED_NONLEVEL,UNSPECIFIED,-300,500,1214,False
Fiscal Revenue,millions of domestic currency,YoY %,Annual,03_Fiscal Accounts and Public Debt,03_Non Financial Public Sector,289,12,1991,2025,"Fiscal Revenue (Non-Financial Public Sector) refers to the total income received by the non-financial public sector, including taxes, social contributions, and other current and capital revenues. It reflects the government’s capacity to finance public spending without resorting to borrowing. The precise coverage and classification may vary across countries, so country-specific notes should be consulted.",Ministerio de Economía de Argentina,2026-07-16,c0114da8be2f211c,GGREVTOTLCN,Total revenue,SOURCE_SPECIFIC_EXACT,HIGH,IDB_LMW_SOURCE_EXACT,fiscal revenue,TRANSFORMED_NONLEVEL,UNSPECIFIED,-300,500,1212,False
Fiscal Revenue,PPP adjusted,YoY %,Annual,03_Fiscal Accounts and Public Debt,03_Non Financial Public Sector,281,12,1991,2024,"Fiscal Revenue (Non-Financial Public Sector) refers to the total income received by the non-financial public sector, including taxes, social contributions, and other current and capital revenues. It reflects the government’s capacity to finance public spending without resorting to borrowing. The precise coverage and classification may vary across countries, so country-specific notes should be consulted.",Ministerio de Economía de Argentina,2026-07-16,8155bbb75e9a5359,GGREVTOTLCN,Total revenue,SOURCE_SPECIFIC_EXACT,HIGH,IDB_LMW_SOURCE_EXACT,fiscal revenue,TRANSFORMED_NONLEVEL,UNSPECIFIED,-300,500,1212,False
Fiscal Revenue,millions of domestic currency,YoY %,Annual,03_Fiscal Accounts and Public Debt,02_General Government,66,4,1991,2025,"Fiscal Revenue (General Government) refers to the total income received by the general government, including taxes, social contributions, and other current and capital revenues. It reflects the government’s capacity to finance public spending without resorting to borrowing. The precise coverage and classification may vary across countries, so country-specific notes should be consulted.",Tesouro Nacional do Brasil,2026-07-16,2105f11ed4e4384e,GGREVTOTLCN,Total revenue,SOURCE_SPECIFIC_EXACT,HIGH,IDB_LMW_SOURCE_EXACT,fiscal revenue,TRANSFORMED_NONLEVEL,UNSPECIFIED,-300,500,1204,False
Fiscal Revenue,PPP adjusted,YoY %,Annual,03_Fiscal Accounts and Public Debt,02_General Government,62,4,1991,2024,"Fiscal Revenue (General Government) refers to the total income received by the general government, including taxes, social contributions, and other current and capital revenues. It reflects the government’s capacity to finance public spending without resorting to borrowing. The precise coverage and classification may vary across countries, so country-specific notes should be consulted.",Tesouro Nacional do Brasil,2026-07-16,905352590ddc4ada,GGREVTOTLCN,Total revenue,SOURCE_SPECIFIC_EXACT,HIGH,IDB_LMW_SOURCE_EXACT,fiscal revenue,TRANSFORMED_NONLEVEL,UNSPECIFIED,-300,500,1204,False
Fiscal Revenue,% of GDP,,Annual,03_Fiscal Accounts and Public Debt,01_Central Government,280,15,1990,2025,"Fiscal Revenue (Central Government) refers to the total income received by the central government, including taxes, social contributions, and other current and capital revenues. It reflects the government’s capacity to finance public spending without resorting to borrowing. The precise coverage and classification may vary across countries, so country-specific notes should be consulted.",Barbados Statistical Service,2026-07-16,22ee6ffa77c9fdc6,GGREVTOTLCN,Total revenue,EXACT_CANDIDATE,HIGH,IDB_LMW_RULE_CANDIDATE,fiscal revenue,PCT_GDP,UNSPECIFIED,60,95,170,False
Fiscal Revenue,% of GDP,,Annual,03_Fiscal Accounts and Public Debt,03_Non Financial Public Sector,279,12,1990,2025,"Fiscal Revenue (Non-Financial Public Sector) refers to the total income received by the non-financial public sector, including taxes, social contributions, and other current and capital revenues. It reflects the government’s capacity to finance public spending without resorting to borrowing. The precise coverage and classification may vary across countries, so country-specific notes should be consulted.",Ministerio de Economía de Argentina,2026-07-16,245a7f09a6d49757,GGREVTOTLCN,Total revenue,EXACT_CANDIDATE,HIGH,IDB_LMW_RULE_CANDIDATE,fiscal revenue,PCT_GDP,UNSPECIFIED,60,95,167,False
Fiscal Revenue,% of GDP,,Annual,03_Fiscal Accounts and Public Debt,02_General Government,64,4,1996,2025,"Fiscal Revenue (General Government) refers to the total income received by the general government, including taxes, social contributions, and other current and capital revenues. It reflects the government’s capacity to finance public spending without resorting to borrowing. The precise coverage and classification may vary across countries, so country-specific notes should be consulted.",Tesouro Nacional do Brasil,2026-07-16,67db09b2dce40025,GGREVTOTLCN,Total revenue,EXACT_CANDIDATE,HIGH,IDB_LMW_RULE_CANDIDATE,fiscal revenue,PCT_GDP,UNSPECIFIED,60,95,159,False
Fiscal Revenue,millions of USD,,Annual,03_Fiscal Accounts and Public Debt,01_Central Government,309,15,1990,2025,"Fiscal Revenue (Central Government) refers to the total income received by the central government, including taxes, social contributions, and other current and capital revenues. It reflects the government’s capacity to finance public spending without resorting to borrowing. The precise coverage and classification may vary across countries, so country-specific notes should be consulted.",Barbados Statistical Service,2026-07-16,7c961459777b4aef,GGREVTOTLCN,Total revenue,EXACT_CANDIDATE,HIGH,IDB_LMW_RULE_CANDIDATE,fiscal revenue,CURRENT_USD,UNSPECIFIED,20,95,130,False
Fiscal Revenue,millions of USD,,Annual,03_Fiscal Accounts and Public Debt,03_Non Financial Public Sector,301,12,1990,2025,"Fiscal Revenue (Non-Financial Public Sector) refers to the total income received by the non-financial public sector, including taxes, social contributions, and other current and capital revenues. It reflects the government’s capacity to finance public spending without resorting to borrowing. The precise coverage and classification may vary across countries, so country-specific notes should be consulted.",Ministerio de Economía de Argentina,2026-07-16,573300f7df9c8779,GGREVTOTLCN,Total revenue,EXACT_CANDIDATE,HIGH,IDB_LMW_RULE_CANDIDATE,fiscal revenue,CURRENT_USD,UNSPECIFIED,20,95,127,False
Fiscal Revenue,millions of USD,,Annual,03_Fiscal Accounts and Public Debt,02_General Government,70,4,1990,2025,"Fiscal Revenue (General Government) refers to the total income received by the general government, including taxes, social contributions, and other current and capital revenues. It reflects the government’s capacity to finance public spending without resorting to borrowing. The precise coverage and classification may vary across countries, so country-specific notes should be consulted.",Tesouro Nacional do Brasil,2026-07-16,ae9e8a6003642285,GGREVTOTLCN,Total revenue,EXACT_CANDIDATE,HIGH,IDB_LMW_RULE_CANDIDATE,fiscal revenue,CURRENT_USD,UNSPECIFIED,20,95,119,False
Fiscal Revenue,millions of domestic currency,,Annual,03_Fiscal Accounts and Public Debt,01_Central Government,312,15,1990,2025,"Fiscal Revenue (Central Government) refers to the total income received by the central government, including taxes, social contributions, and other current and capital revenues. It reflects the government’s capacity to finance public spending without resorting to borrowing. The precise coverage and classification may vary across countries, so country-specific notes should be consulted.",Barbados Statistical Service,2026-07-16,5910b8c04ab4c9ae,GGREVTOTLCN,Total revenue,EXACT_CANDIDATE,HIGH,IDB_LMW_RULE_CANDIDATE,fiscal revenue,OTHER,UNSPECIFIED,0,95,110,False
Fiscal Revenue,PPP adjusted,,Annual,03_Fiscal Accounts and Public Debt,01_Central Government,305,15,1990,2024,"Fiscal Revenue (Central Government) refers to the total income received by the central government, including taxes, social contributions, and other current and capital revenues. It reflects the government’s capacity to finance public spending without resorting to borrowing. The precise coverage and classification may vary across countries, so country-specific notes should be consulted.",Barbados Statistical Service,2026-07-16,6c41f46a47839871,GGREVTOTLCN,Total revenue,EXACT_CANDIDATE,HIGH,IDB_LMW_RULE_CANDIDATE,fiscal revenue,OTHER,UNSPECIFIED,0,95,110,False
Fiscal Revenue,fiscal year (Q4–Q3 aggregation),,Annual,03_Fiscal Accounts and Public Debt,01_Central Government,253,14,1991,2025,"Fiscal Revenue (Central Government) refers to the total income received by the central government, including taxes, social contributions, and other current and capital revenues. It reflects the government’s capacity to finance public spending without resorting to borrowing. The precise coverage and classification may vary across countries, so country-specific notes should be consulted.",Barbados Statistical Service,2026-07-16,b3c0c63e8a3a2c38,GGREVTOTLCN,Total revenue,EXACT_CANDIDATE,HIGH,IDB_LMW_RULE_CANDIDATE,fiscal revenue,OTHER,UNSPECIFIED,0,95,109,False
Fiscal Revenue,millions of domestic currency,,Annual,03_Fiscal Accounts and Public Debt,03_Non Financial Public Sector,301,12,1990,2025,"Fiscal Revenue (Non-Financial Public Sector) refers to the total income received by the non-financial public sector, including taxes, social contributions, and other current and capital revenues. It reflects the government’s capacity to finance public spending without resorting to borrowing. The precise coverage and classification may vary across countries, so country-specific notes should be consulted.",Ministerio de Economía de Argentina,2026-07-16,d9c2b98c06fcf302,GGREVTOTLCN,Total revenue,EXACT_CANDIDATE,HIGH,IDB_LMW_RULE_CANDIDATE,fiscal revenue,OTHER,UNSPECIFIED,0,95,107,False
Fiscal Revenue,PPP adjusted,,Annual,03_Fiscal Accounts and Public Debt,03_Non Financial Public Sector,293,12,1990,2024,"Fiscal Revenue (Non-Financial Public Sector) refers to the total income received by the non-financial public sector, including taxes, social contributions, and other current and capital revenues. It reflects the government’s capacity to finance public spending without resorting to borrowing. The precise coverage and classification may vary across countries, so country-specific notes should be consulted.",Ministerio de Economía de Argentina,2026-07-16,08fc1c66bd3bf748,GGREVTOTLCN,Total revenue,EXACT_CANDIDATE,HIGH,IDB_LMW_RULE_CANDIDATE,fiscal revenue,OTHER,UNSPECIFIED,0,95,107,False
Fiscal Revenue,fiscal year (Q4–Q3 aggregation),,Annual,03_Fiscal Accounts and Public Debt,03_Non Financial Public Sector,233,11,1991,2025,"Fiscal Revenue (Non-Financial Public Sector) refers to the total income received by the non-financial public sector, including taxes, social contributions, and other current and capital revenues. It reflects the government’s capacity to finance public spending without resorting to borrowing. The precise coverage and classification may vary across countries, so country-specific notes should be consulted.",Ministerio de Economía de Argentina,2026-07-16,857f37455f3569de,GGREVTOTLCN,Total revenue,EXACT_CANDIDATE,HIGH,IDB_LMW_RULE_CANDIDATE,fiscal revenue,OTHER,UNSPECIFIED,0,95,106,False
Fiscal Revenue,millions of domestic currency,,Annual,03_Fiscal Accounts and Public Debt,02_General Government,70,4,1990,2025,"Fiscal Revenue (General Government) refers to the total income received by the general government, including taxes, social contributions, and other current and capital revenues. It reflects the government’s capacity to finance public spending without resorting to borrowing. The precise coverage and classification may vary across countries, so country-specific notes should be consulted.",Tesouro Nacional do Brasil,2026-07-16,05f71b827f946892,GGREVTOTLCN,Total revenue,EXACT_CANDIDATE,HIGH,IDB_LMW_RULE_CANDIDATE,fiscal revenue,OTHER,UNSPECIFIED,0,95,99,False
Fiscal Revenue,PPP adjusted,,Annual,03_Fiscal Accounts and Public Debt,02_General Government,66,4,1990,2024,"Fiscal Revenue (General Government) refers to the total income received by the general government, including taxes, social contributions, and other current and capital revenues. It reflects the government’s capacity to finance public spending without resorting to borrowing. The precise coverage and classification may vary across countries, so country-specific notes should be consulted.",Tesouro Nacional do Brasil,2026-07-16,f9491b60cf0df812,GGREVTOTLCN,Total revenue,EXACT_CANDIDATE,HIGH,IDB_LMW_RULE_CANDIDATE,fiscal revenue,OTHER,UNSPECIFIED,0,95,99,False
Fiscal Revenue,fiscal year (Q4–Q3 aggregation),,Annual,03_Fiscal Accounts and Public Debt,02_General Government,63,4,1996,2025,"Fiscal Revenue (General Government) refers to the total income received by the general government, including taxes, social contributions, and other current and capital revenues. It reflects the government’s capacity to finance public spending without resorting to borrowing. The precise coverage and classification may vary across countries, so country-specific notes should be consulted.",Tesouro Nacional do Brasil,2026-07-16,e77510e4dc252eb3,GGREVTOTLCN,Total revenue,EXACT_CANDIDATE,HIGH,IDB_LMW_RULE_CANDIDATE,fiscal revenue,OTHER,UNSPECIFIED,0,95,99,False
Fiscal Revenue,constant prices – CPI-deflated,,Annual,03_Fiscal Accounts and Public Debt,01_Central Government,293,15,1990,2025,"Fiscal Revenue (Central Government) refers to the total income received by the central government, including taxes, social contributions, and other current and capital revenues. It reflects the government’s capacity to finance public spending without resorting to borrowing. The precise coverage and classification may vary across countries, so country-specific notes should be consulted.",Barbados Statistical Service,2026-07-16,b9c43d9776a3a823,GGREVTOTLCN,Total revenue,EXACT_CANDIDATE,HIGH,IDB_LMW_RULE_CANDIDATE,fiscal revenue,CONSTANT_OTHER,UNSPECIFIED,-250,95,-140,False
Fiscal Revenue,constant prices – CPI-deflated,,Annual,03_Fiscal Accounts and Public Debt,03_Non Financial Public Sector,290,12,1990,2025,"Fiscal Revenue (Non-Financial Public Sector) refers to the total income received by the non-financial public sector, including taxes, social contributions, and other current and capital revenues. It reflects the government’s capacity to finance public spending without resorting to borrowing. The precise coverage and classification may vary across countries, so country-specific notes should be consulted.",Ministerio de Economía de Argentina,2026-07-16,6364b4ac84e98253,GGREVTOTLCN,Total revenue,EXACT_CANDIDATE,HIGH,IDB_LMW_RULE_CANDIDATE,fiscal revenue,CONSTANT_OTHER,UNSPECIFIED,-250,95,-143,False
Fiscal Revenue,constant prices – CPI-deflated,,Annual,03_Fiscal Accounts and Public Debt,02_General Government,70,4,1990,2025,"Fiscal Revenue (General Government) refers to the total income received by the general government, including taxes, social contributions, and other current and capital revenues. It reflects the government’s capacity to finance public spending without resorting to borrowing. The precise coverage and classification may vary across countries, so country-specific notes should be consulted.",Tesouro Nacional do Brasil,2026-07-16,bf96476cc7a894dd,GGREVTOTLCN,Total revenue,EXACT_CANDIDATE,HIGH,IDB_LMW_RULE_CANDIDATE,fiscal revenue,CONSTANT_OTHER,UNSPECIFIED,-250,95,-151,False
Fiscal Revenue,millions of USD,YoY %,Annual,03_Fiscal Accounts and Public Debt,01_Central Government,298,14,1991,2025,"Fiscal Revenue (Central Government) refers to the total income received by the central government, including taxes, social contributions, and other current and capital revenues. It reflects the government’s capacity to finance public spending without resorting to borrowing. The precise coverage and classification may vary across countries, so country-specific notes should be consulted.",Barbados Statistical Service,2026-07-16,1ddc76fad35a88c6,GGREVTOTLCN,Total revenue,EXACT_CANDIDATE,HIGH,IDB_LMW_RULE_CANDIDATE,fiscal revenue,TRANSFORMED_NONLEVEL,UNSPECIFIED,-280,95,-171,False
Fiscal Revenue,millions of USD,YoY %,Annual,03_Fiscal Accounts and Public Debt,03_Non Financial Public Sector,289,12,1991,2025,"Fiscal Revenue (Non-Financial Public Sector) refers to the total income received by the non-financial public sector, including taxes, social contributions, and other current and capital revenues. It reflects the government’s capacity to finance public spending without resorting to borrowing. The precise coverage and classification may vary across countries, so country-specific notes should be consulted.",Ministerio de Economía de Argentina,2026-07-16,e1813d685df1ac63,GGREVTOTLCN,Total revenue,EXACT_CANDIDATE,HIGH,IDB_LMW_RULE_CANDIDATE,fiscal revenue,TRANSFORMED_NONLEVEL,UNSPECIFIED,-280,95,-173,False
Fiscal Revenue,millions of USD,YoY %,Annual,03_Fiscal Accounts and Public Debt,02_General Government,66,4,1991,2025,"Fiscal Revenue (General Government) refers to the total income received by the general government, including taxes, social contributions, and other current and capital revenues. It reflects the government’s capacity to finance public spending without resorting to borrowing. The precise coverage and classification may vary across countries, so country-specific notes should be consulted.",Tesouro Nacional do Brasil,2026-07-16,6eddd7793ab0d76a,GGREVTOTLCN,Total revenue,EXACT_CANDIDATE,HIGH,IDB_LMW_RULE_CANDIDATE,fiscal revenue,TRANSFORMED_NONLEVEL,UNSPECIFIED,-280,95,-181,False
Fiscal Revenue,millions of domestic currency,YoY %,Annual,03_Fiscal Accounts and Public Debt,01_Central Government,301,14,1991,2025,"Fiscal Revenue (Central Government) refers to the total income received by the central government, including taxes, social contributions, and other current and capital revenues. It reflects the government’s capacity to finance public spending without resorting to borrowing. The precise coverage and classification may vary across countries, so country-specific notes should be consulted.",Barbados Statistical Service,2026-07-16,b8e43a26ac980952,GGREVTOTLCN,Total revenue,EXACT_CANDIDATE,HIGH,IDB_LMW_RULE_CANDIDATE,fiscal revenue,TRANSFORMED_NONLEVEL,UNSPECIFIED,-300,95,-191,False
Fiscal Revenue,PPP adjusted,YoY %,Annual,03_Fiscal Accounts and Public Debt,01_Central Government,294,14,1991,2024,"Fiscal Revenue (Central Government) refers to the total income received by the central government, including taxes, social contributions, and other current and capital revenues. It reflects the government’s capacity to finance public spending without resorting to borrowing. The precise coverage and classification may vary across countries, so country-specific notes should be consulted.",Barbados Statistical Service,2026-07-16,f178babc77b5a325,GGREVTOTLCN,Total revenue,EXACT_CANDIDATE,HIGH,IDB_LMW_RULE_CANDIDATE,fiscal revenue,TRANSFORMED_NONLEVEL,UNSPECIFIED,-300,95,-191,False
Fiscal Revenue,millions of domestic currency,YoY %,Annual,03_Fiscal Accounts and Public Debt,03_Non Financial Public Sector,289,12,1991,2025,"Fiscal Revenue (Non-Financial Public Sector) refers to the total income received by the non-financial public sector, including taxes, social contributions, and other current and capital revenues. It reflects the government’s capacity to finance public spending without resorting to borrowing. The precise coverage and classification may vary across countries, so country-specific notes should be consulted.",Ministerio de Economía de Argentina,2026-07-16,c0114da8be2f211c,GGREVTOTLCN,Total revenue,EXACT_CANDIDATE,HIGH,IDB_LMW_RULE_CANDIDATE,fiscal revenue,TRANSFORMED_NONLEVEL,UNSPECIFIED,-300,95,-193,False
Fiscal Revenue,PPP adjusted,YoY %,Annual,03_Fiscal Accounts and Public Debt,03_Non Financial Public Sector,281,12,1991,2024,"Fiscal Revenue (Non-Financial Public Sector) refers to the total income received by the non-financial public sector, including taxes, social contributions, and other current and capital revenues. It reflects the government’s capacity to finance public spending without resorting to borrowing. The precise coverage and classification may vary across countries, so country-specific notes should be consulted.",Ministerio de Economía de Argentina,2026-07-16,8155bbb75e9a5359,GGREVTOTLCN,Total revenue,EXACT_CANDIDATE,HIGH,IDB_LMW_RULE_CANDIDATE,fiscal revenue,TRANSFORMED_NONLEVEL,UNSPECIFIED,-300,95,-193,False
Fiscal Revenue,millions of domestic currency,YoY %,Annual,03_Fiscal Accounts and Public Debt,02_General Government,66,4,1991,2025,"Fiscal Revenue (General Government) refers to the total income received by the general government, including taxes, social contributions, and other current and capital revenues. It reflects the government’s capacity to finance public spending without resorting to borrowing. The precise coverage and classification may vary across countries, so country-specific notes should be consulted.",Tesouro Nacional do Brasil,2026-07-16,2105f11ed4e4384e,GGREVTOTLCN,Total revenue,EXACT_CANDIDATE,HIGH,IDB_LMW_RULE_CANDIDATE,fiscal revenue,TRANSFORMED_NONLEVEL,UNSPECIFIED,-300,95,-201,False
Fiscal Revenue,PPP adjusted,YoY %,Annual,03_Fiscal Accounts and Public Debt,02_General Government,62,4,1991,2024,"Fiscal Revenue (General Government) refers to the total income received by the general government, including taxes, social contributions, and other current and capital revenues. It reflects the government’s capacity to finance public spending without resorting to borrowing. The precise coverage and classification may vary across countries, so country-specific notes should be consulted.",Tesouro Nacional do Brasil,2026-07-16,905352590ddc4ada,GGREVTOTLCN,Total revenue,EXACT_CANDIDATE,HIGH,IDB_LMW_RULE_CANDIDATE,fiscal revenue,TRANSFORMED_NONLEVEL,UNSPECIFIED,-300,95,-201,False
Private Consumption,% of GDP,,Annual,01_Economic Activity and Employment,01_National Accounts,504,18,1990,2025,"Private consumption is the value of final goods and services purchased by households and non-profit institutions serving households, measured within a country’s borders during a given period.",INDEC - Argentina,2026-07-16,8ecf48a0896fd291,GGREVVATTCN,VAT,AUTO_CANDIDATE,HIGH,IDB_LMW_RULE_CANDIDATE,vat,PCT_GDP,UNSPECIFIED,60,75,153,False
Private External Debt,"% of GDP, end of period",,Annual,04_External Accounts,03_External Debt,302,14,1996,2025,"Private external debt is the stock of outstanding debt owed by the private sector of a country to nonresidents. It covers the obligations of private corporations, financial institutions and households, including loans, bonds and other financial liabilities denominated in foreign or domestic currency when the creditors are abroad. This indicator reflects the external borrowing of the private sector and its exposure to foreign financial risks. The definition may vary by country.",INDEC - Argentina,2026-07-16,8c1b59397350162c,GGREVVATTCN,VAT,AUTO_CANDIDATE,HIGH,IDB_LMW_RULE_CANDIDATE,vat,PCT_GDP,UNSPECIFIED,60,75,149,False
Private External Debt,"% of GDP, avg. of period",,Annual,04_External Accounts,03_External Debt,299,14,1996,2025,"Private external debt is the stock of outstanding debt owed by the private sector of a country to nonresidents. It covers the obligations of private corporations, financial institutions and households, including loans, bonds and other financial liabilities denominated in foreign or domestic currency when the creditors are abroad. This indicator reflects the external borrowing of the private sector and its exposure to foreign financial risks. The definition may vary by country.",INDEC - Argentina,2026-07-16,1cb65659ee584093,GGREVVATTCN,VAT,AUTO_CANDIDATE,HIGH,IDB_LMW_RULE_CANDIDATE,vat,PCT_GDP,UNSPECIFIED,60,75,149,False
"Financial Derivatives, Net",% of GDP,,Annual,04_External Accounts,01_Balance of Payments,236,11,1994,2025,"Financial derivatives (net) is the net value of transactions in derivative financial instruments (forwards, futures, options, swaps) between residents and nonresidents, computed as the net acquisition of financial assets (positions with positive market value for residents) minus the net incurrence of liabilities (positions with negative market value), in the financial account.",INDEC - Argentina,2026-07-16,d1cf2574372bf774,GGREVVATTCN,VAT,AUTO_CANDIDATE,HIGH,IDB_LMW_RULE_CANDIDATE,vat,PCT_GDP,UNSPECIFIED,60,75,146,False
"Financial Derivatives, Net Acquisition of Financial Assets",% of GDP,,Annual,04_External Accounts,01_Balance of Payments,199,9,1994,2025,"Financial derivatives (NAFA) are the net transactions in derivative contracts with nonresidents with positive market value for residents (asset positions), recorded as assets.",INDEC - Argentina,2026-07-16,3557ee3ec77d88c8,GGREVVATTCN,VAT,AUTO_CANDIDATE,HIGH,IDB_LMW_RULE_CANDIDATE,vat,PCT_GDP,UNSPECIFIED,60,75,144,False
Financial Derivatives Assets,"% of GDP, end of period",,Annual,04_External Accounts,05_International Investment Position,175,9,1999,2025,"Financial derivatives assets are the external positions of residents in derivative contracts with nonresidents that have a positive market value. They represent financial claims arising from instruments such as forwards, futures, options and swaps. The definition may vary by country.",INDEC - Argentina,2026-07-16,b9d31e65227e95b9,GGREVVATTCN,VAT,AUTO_CANDIDATE,HIGH,IDB_LMW_RULE_CANDIDATE,vat,PCT_GDP,UNSPECIFIED,60,75,144,False
Financial Derivatives Assets,"% of GDP, avg. of period",,Annual,04_External Accounts,05_International Investment Position,172,9,2000,2025,"Financial derivatives assets are the external positions of residents in derivative contracts with nonresidents that have a positive market value. They represent financial claims arising from instruments such as forwards, futures, options and swaps. The definition may vary by country.",INDEC - Argentina,2026-07-16,db1e7247c3779dfd,GGREVVATTCN,VAT,AUTO_CANDIDATE,HIGH,IDB_LMW_RULE_CANDIDATE,vat,PCT_GDP,UNSPECIFIED,60,75,144,False
Financial Derivatives Liabilities,"% of GDP, end of period",,Annual,04_External Accounts,05_International Investment Position,169,9,1999,2025,"Financial derivatives liabilities are the external positions of residents in derivative contracts with nonresidents that have a negative market value. They represent financial obligations arising from instruments such as forwards, futures, options and swaps. The definition may vary by country.",INDEC - Argentina,2026-07-16,07ef15a1731441b4,GGREVVATTCN,VAT,AUTO_CANDIDATE,HIGH,IDB_LMW_RULE_CANDIDATE,vat,PCT_GDP,UNSPECIFIED,60,75,144,False
Financial Derivatives Liabilities,"% of GDP, avg. of period",,Annual,04_External Accounts,05_International Investment Position,166,9,2000,2025,"Financial derivatives liabilities are the external positions of residents in derivative contracts with nonresidents that have a negative market value. They represent financial obligations arising from instruments such as forwards, futures, options and swaps. The definition may vary by country.",INDEC - Argentina,2026-07-16,674e3f47db472115,GGREVVATTCN,VAT,AUTO_CANDIDATE,HIGH,IDB_LMW_RULE_CANDIDATE,vat,PCT_GDP,UNSPECIFIED,60,75,144,False
"Financial Derivatives, Net Incurrence of Liabilities",% of GDP,,Annual,04_External Accounts,01_Balance of Payments,162,7,1994,2025,"Financial derivatives (NIL) are the net transactions in derivative contracts with nonresidents with negative market value for residents (liability positions), recorded as liabilities.",INDEC - Argentina,2026-07-16,63effe869a501990,GGREVVATTCN,VAT,AUTO_CANDIDATE,HIGH,IDB_LMW_RULE_CANDIDATE,vat,PCT_GDP,UNSPECIFIED,60,75,142,False
Private Consumption,millions of USD,,Annual,01_Economic Activity and Employment,01_National Accounts,499,18,1990,2025,"Private consumption is the value of final goods and services purchased by households and non-profit institutions serving households, measured within a country’s borders during a given period.",INDEC - Argentina,2026-07-16,9ebc61a5c32b97b3,GGREVVATTCN,VAT,AUTO_CANDIDATE,HIGH,IDB_LMW_RULE_CANDIDATE,vat,CURRENT_USD,UNSPECIFIED,20,75,113,False
Private External Debt,"millions of USD, end of period",,Annual,04_External Accounts,03_External Debt,310,14,1990,2025,"Private external debt is the stock of outstanding debt owed by the private sector of a country to nonresidents. It covers the obligations of private corporations, financial institutions and households, including loans, bonds and other financial liabilities denominated in foreign or domestic currency when the creditors are abroad. This indicator reflects the external borrowing of the private sector and its exposure to foreign financial risks. The definition may vary by country.",INDEC - Argentina,2026-07-16,65b62cdd74d73abd,GGREVVATTCN,VAT,AUTO_CANDIDATE,HIGH,IDB_LMW_RULE_CANDIDATE,vat,CURRENT_USD,UNSPECIFIED,20,75,109,False
Private External Debt,"millions of USD, avg. of period",,Annual,04_External Accounts,03_External Debt,307,14,1990,2025,"Private external debt is the stock of outstanding debt owed by the private sector of a country to nonresidents. It covers the obligations of private corporations, financial institutions and households, including loans, bonds and other financial liabilities denominated in foreign or domestic currency when the creditors are abroad. This indicator reflects the external borrowing of the private sector and its exposure to foreign financial risks. The definition may vary by country.",INDEC - Argentina,2026-07-16,814368e723df54cd,GGREVVATTCN,VAT,AUTO_CANDIDATE,HIGH,IDB_LMW_RULE_CANDIDATE,vat,CURRENT_USD,UNSPECIFIED,20,75,109,False
"Financial Derivatives, Net",millions of USD,,Annual,04_External Accounts,01_Balance of Payments,241,11,1994,2025,"Financial derivatives (net) is the net value of transactions in derivative financial instruments (forwards, futures, options, swaps) between residents and nonresidents, computed as the net acquisition of financial assets (positions with positive market value for residents) minus the net incurrence of liabilities (positions with negative market value), in the financial account.",INDEC - Argentina,2026-07-16,63b17c98922733e9,GGREVVATTCN,VAT,AUTO_CANDIDATE,HIGH,IDB_LMW_RULE_CANDIDATE,vat,CURRENT_USD,UNSPECIFIED,20,75,106,False
"Financial Derivatives, Net Acquisition of Financial Assets",millions of USD,,Annual,04_External Accounts,01_Balance of Payments,204,9,1994,2025,"Financial derivatives (NAFA) are the net transactions in derivative contracts with nonresidents with positive market value for residents (asset positions), recorded as assets.",INDEC - Argentina,2026-07-16,927412ca3bd70061,GGREVVATTCN,VAT,AUTO_CANDIDATE,HIGH,IDB_LMW_RULE_CANDIDATE,vat,CURRENT_USD,UNSPECIFIED,20,75,104,False
Financial Derivatives Assets,"millions of USD, end of period",,Annual,04_External Accounts,05_International Investment Position,178,9,1999,2025,"Financial derivatives assets are the external positions of residents in derivative contracts with nonresidents that have a positive market value. They represent financial claims arising from instruments such as forwards, futures, options and swaps. The definition may vary by country.",INDEC - Argentina,2026-07-16,e08906eb90b04e00,GGREVVATTCN,VAT,AUTO_CANDIDATE,HIGH,IDB_LMW_RULE_CANDIDATE,vat,CURRENT_USD,UNSPECIFIED,20,75,104,False
Financial Derivatives Assets,"millions of USD, avg. of period",,Annual,04_External Accounts,05_International Investment Position,175,9,2000,2025,"Financial derivatives assets are the external positions of residents in derivative contracts with nonresidents that have a positive market value. They represent financial claims arising from instruments such as forwards, futures, options and swaps. The definition may vary by country.",INDEC - Argentina,2026-07-16,684a093adc53650d,GGREVVATTCN,VAT,AUTO_CANDIDATE,HIGH,IDB_LMW_RULE_CANDIDATE,vat,CURRENT_USD,UNSPECIFIED,20,75,104,False
Financial Derivatives Liabilities,"millions of USD, end of period",,Annual,04_External Accounts,05_International Investment Position,172,9,1999,2025,"Financial derivatives liabilities are the external positions of residents in derivative contracts with nonresidents that have a negative market value. They represent financial obligations arising from instruments such as forwards, futures, options and swaps. The definition may vary by country.",INDEC - Argentina,2026-07-16,4ff7e0fa086688f9,GGREVVATTCN,VAT,AUTO_CANDIDATE,HIGH,IDB_LMW_RULE_CANDIDATE,vat,CURRENT_USD,UNSPECIFIED,20,75,104,False
Financial Derivatives Liabilities,"millions of USD, avg. of period",,Annual,04_External Accounts,05_International Investment Position,169,9,2000,2025,"Financial derivatives liabilities are the external positions of residents in derivative contracts with nonresidents that have a negative market value. They represent financial obligations arising from instruments such as forwards, futures, options and swaps. The definition may vary by country.",INDEC - Argentina,2026-07-16,abd3c0dc281954a5,GGREVVATTCN,VAT,AUTO_CANDIDATE,HIGH,IDB_LMW_RULE_CANDIDATE,vat,CURRENT_USD,UNSPECIFIED,20,75,104,False
"Financial Derivatives, Net Incurrence of Liabilities",millions of USD,,Annual,04_External Accounts,01_Balance of Payments,166,7,1994,2025,"Financial derivatives (NIL) are the net transactions in derivative contracts with nonresidents with negative market value for residents (liability positions), recorded as liabilities.",INDEC - Argentina,2026-07-16,75f4b750c11fde75,GGREVVATTCN,VAT,AUTO_CANDIDATE,HIGH,IDB_LMW_RULE_CANDIDATE,vat,CURRENT_USD,UNSPECIFIED,20,75,102,False
Private Consumption,millions of domestic currency,,Annual,01_Economic Activity and Employment,01_National Accounts,504,18,1990,2025,"Private consumption is the value of final goods and services purchased by households and non-profit institutions serving households, measured within a country’s borders during a given period.",INDEC - Argentina,2026-07-16,8dc5eb670647bb68,GGREVVATTCN,VAT,AUTO_CANDIDATE,HIGH,IDB_LMW_RULE_CANDIDATE,vat,OTHER,UNSPECIFIED,0,75,93,False
Private Consumption,PPP adjusted,,Annual,01_Economic Activity and Employment,01_National Accounts,492,18,1990,2024,"Private consumption is the value of final goods and services purchased by households and non-profit institutions serving households, measured within a country’s borders during a given period.",INDEC - Argentina,2026-07-16,ef9dea5d09a19e08,GGREVVATTCN,VAT,AUTO_CANDIDATE,HIGH,IDB_LMW_RULE_CANDIDATE,vat,OTHER,UNSPECIFIED,0,75,93,False
Private External Debt,"% of total external debt, end of period",,Annual,04_External Accounts,03_External Debt,309,14,1990,2025,"Private external debt is the stock of outstanding debt owed by the private sector of a country to nonresidents. It covers the obligations of private corporations, financial institutions and households, including loans, bonds and other financial liabilities denominated in foreign or domestic currency when the creditors are abroad. This indicator reflects the external borrowing of the private sector and its exposure to foreign financial risks. The definition may vary by country.",INDEC - Argentina,2026-07-16,778bbde36c118423,GGREVVATTCN,VAT,AUTO_CANDIDATE,HIGH,IDB_LMW_RULE_CANDIDATE,vat,OTHER,UNSPECIFIED,0,75,89,False
Private External Debt,"% of total external debt, avg. of period",,Annual,04_External Accounts,03_External Debt,307,14,1990,2025,"Private external debt is the stock of outstanding debt owed by the private sector of a country to nonresidents. It covers the obligations of private corporations, financial institutions and households, including loans, bonds and other financial liabilities denominated in foreign or domestic currency when the creditors are abroad. This indicator reflects the external borrowing of the private sector and its exposure to foreign financial risks. The definition may vary by country.",INDEC - Argentina,2026-07-16,a2d71b0b6795c34c,GGREVVATTCN,VAT,AUTO_CANDIDATE,HIGH,IDB_LMW_RULE_CANDIDATE,vat,OTHER,UNSPECIFIED,0,75,89,False
Private External Debt,"% of total exports, end of period",,Annual,04_External Accounts,03_External Debt,277,14,1995,2025,"Private external debt is the stock of outstanding debt owed by the private sector of a country to nonresidents. It covers the obligations of private corporations, financial institutions and households, including loans, bonds and other financial liabilities denominated in foreign or domestic currency when the creditors are abroad. This indicator reflects the external borrowing of the private sector and its exposure to foreign financial risks. The definition may vary by country.",INDEC - Argentina,2026-07-16,3c403317dd7b6b96,GGREVVATTCN,VAT,AUTO_CANDIDATE,HIGH,IDB_LMW_RULE_CANDIDATE,vat,OTHER,UNSPECIFIED,0,75,89,False
Private External Debt,"% of total imports, end of period",,Annual,04_External Accounts,03_External Debt,277,14,1995,2025,"Private external debt is the stock of outstanding debt owed by the private sector of a country to nonresidents. It covers the obligations of private corporations, financial institutions and households, including loans, bonds and other financial liabilities denominated in foreign or domestic currency when the creditors are abroad. This indicator reflects the external borrowing of the private sector and its exposure to foreign financial risks. The definition may vary by country.",INDEC - Argentina,2026-07-16,aee721af4a9cbaf1,GGREVVATTCN,VAT,AUTO_CANDIDATE,HIGH,IDB_LMW_RULE_CANDIDATE,vat,OTHER,UNSPECIFIED,0,75,89,False
Private External Debt,"% of total exports, avg. of period",,Annual,04_External Accounts,03_External Debt,275,14,1995,2025,"Private external debt is the stock of outstanding debt owed by the private sector of a country to nonresidents. It covers the obligations of private corporations, financial institutions and households, including loans, bonds and other financial liabilities denominated in foreign or domestic currency when the creditors are abroad. This indicator reflects the external borrowing of the private sector and its exposure to foreign financial risks. The definition may vary by country.",INDEC - Argentina,2026-07-16,6f32557214c3acc9,GGREVVATTCN,VAT,AUTO_CANDIDATE,HIGH,IDB_LMW_RULE_CANDIDATE,vat,OTHER,UNSPECIFIED,0,75,89,False
Private External Debt,"% of total imports, avg. of period",,Annual,04_External Accounts,03_External Debt,275,14,1995,2025,"Private external debt is the stock of outstanding debt owed by the private sector of a country to nonresidents. It covers the obligations of private corporations, financial institutions and households, including loans, bonds and other financial liabilities denominated in foreign or domestic currency when the creditors are abroad. This indicator reflects the external borrowing of the private sector and its exposure to foreign financial risks. The definition may vary by country.",INDEC - Argentina,2026-07-16,35b3a5e9452a1259,GGREVVATTCN,VAT,AUTO_CANDIDATE,HIGH,IDB_LMW_RULE_CANDIDATE,vat,OTHER,UNSPECIFIED,0,75,89,False
Private External Debt,fiscal year (Q4–Q3 aggregation),,Annual,04_External Accounts,03_External Debt,201,10,1991,2025,"Private external debt is the stock of outstanding debt owed by the private sector of a country to nonresidents. It covers the obligations of private corporations, financial institutions and households, including loans, bonds and other financial liabilities denominated in foreign or domestic currency when the creditors are abroad. This indicator reflects the external borrowing of the private sector and its exposure to foreign financial risks. The definition may vary by country.",The Central Bank of Belize,2026-07-16,31a6ddb197071aa4,GGREVVATTCN,VAT,AUTO_CANDIDATE,HIGH,IDB_LMW_RULE_CANDIDATE,vat,OTHER,UNSPECIFIED,0,75,85,False
Private External Debt,"fiscal year (Q4–Q3 aggregation), end of period",,Annual,04_External Accounts,03_External Debt,88,4,2002,2025,"Private external debt is the stock of outstanding debt owed by the private sector of a country to nonresidents. It covers the obligations of private corporations, financial institutions and households, including loans, bonds and other financial liabilities denominated in foreign or domestic currency when the creditors are abroad. This indicator reflects the external borrowing of the private sector and its exposure to foreign financial risks. The definition may vary by country.",INDEC - Argentina,2026-07-16,ba460dfa809f72c8,GGREVVATTCN,VAT,AUTO_CANDIDATE,HIGH,IDB_LMW_RULE_CANDIDATE,vat,OTHER,UNSPECIFIED,0,75,79,False
Private External Debt,"fiscal year (Q4–Q3 aggregation), avg. of period",,Annual,04_External Accounts,03_External Debt,69,3,2002,2025,"Private external debt is the stock of outstanding debt owed by the private sector of a country to nonresidents. It covers the obligations of private corporations, financial institutions and households, including loans, bonds and other financial liabilities denominated in foreign or domestic currency when the creditors are abroad. This indicator reflects the external borrowing of the private sector and its exposure to foreign financial risks. The definition may vary by country.",Banco Central de Chile,2026-07-16,78d237f4c5ae35c7,GGREVVATTCN,VAT,AUTO_CANDIDATE,HIGH,IDB_LMW_RULE_CANDIDATE,vat,OTHER,UNSPECIFIED,0,75,78,False
Private Consumption,constant prices – national accounts deflator,,Annual,01_Economic Activity and Employment,01_National Accounts,462,17,1990,2025,"Private consumption is the value of final goods and services purchased by households and non-profit institutions serving households, measured within a country’s borders during a given period.",INDEC - Argentina,2026-07-16,9450391fa913144d,GGREVVATTCN,VAT,AUTO_CANDIDATE,HIGH,IDB_LMW_RULE_CANDIDATE,vat,CONSTANT_OTHER,UNSPECIFIED,-250,75,-158,False
Private Consumption,millions of USD,YoY %,Annual,01_Economic Activity and Employment,01_National Accounts,470,18,1991,2025,"Private consumption is the value of final goods and services purchased by households and non-profit institutions serving households, measured within a country’s borders during a given period.",INDEC - Argentina,2026-07-16,87dcdd54ec21e86a,GGREVVATTCN,VAT,AUTO_CANDIDATE,HIGH,IDB_LMW_RULE_CANDIDATE,vat,TRANSFORMED_NONLEVEL,UNSPECIFIED,-280,75,-187,False
Private External Debt,"millions of USD, end of period",YoY %,Annual,04_External Accounts,03_External Debt,296,14,1991,2025,"Private external debt is the stock of outstanding debt owed by the private sector of a country to nonresidents. It covers the obligations of private corporations, financial institutions and households, including loans, bonds and other financial liabilities denominated in foreign or domestic currency when the creditors are abroad. This indicator reflects the external borrowing of the private sector and its exposure to foreign financial risks. The definition may vary by country.",INDEC - Argentina,2026-07-16,674a7e7ece217402,GGREVVATTCN,VAT,AUTO_CANDIDATE,HIGH,IDB_LMW_RULE_CANDIDATE,vat,TRANSFORMED_NONLEVEL,UNSPECIFIED,-280,75,-191,False
Private External Debt,"millions of USD, avg. of period",YoY %,Annual,04_External Accounts,03_External Debt,293,14,1991,2025,"Private external debt is the stock of outstanding debt owed by the private sector of a country to nonresidents. It covers the obligations of private corporations, financial institutions and households, including loans, bonds and other financial liabilities denominated in foreign or domestic currency when the creditors are abroad. This indicator reflects the external borrowing of the private sector and its exposure to foreign financial risks. The definition may vary by country.",INDEC - Argentina,2026-07-16,0f465691ad0286c5,GGREVVATTCN,VAT,AUTO_CANDIDATE,HIGH,IDB_LMW_RULE_CANDIDATE,vat,TRANSFORMED_NONLEVEL,UNSPECIFIED,-280,75,-191,False
Financial Derivatives Liabilities,"millions of USD, avg. of period",YoY %,Annual,04_External Accounts,05_International Investment Position,110,9,2001,2025,"Financial derivatives liabilities are the external positions of residents in derivative contracts with nonresidents that have a negative market value. They represent financial obligations arising from instruments such as forwards, futures, options and swaps. The definition may vary by country.",INDEC - Argentina,2026-07-16,f5edc9d3ac44fa49,GGREVVATTCN,VAT,AUTO_CANDIDATE,HIGH,IDB_LMW_RULE_CANDIDATE,vat,TRANSFORMED_NONLEVEL,UNSPECIFIED,-280,75,-196,False
Financial Derivatives Liabilities,"millions of USD, end of period",YoY %,Annual,04_External Accounts,05_International Investment Position,106,9,2001,2025,"Financial derivatives liabilities are the external positions of residents in derivative contracts with nonresidents that have a negative market value. They represent financial obligations arising from instruments such as forwards, futures, options and swaps. The definition may vary by country.",INDEC - Argentina,2026-07-16,41642dad3f973ee9,GGREVVATTCN,VAT,AUTO_CANDIDATE,HIGH,IDB_LMW_RULE_CANDIDATE,vat,TRANSFORMED_NONLEVEL,UNSPECIFIED,-280,75,-196,False
Financial Derivatives Assets,"millions of USD, avg. of period",YoY %,Annual,04_External Accounts,05_International Investment Position,103,9,2009,2025,"Financial derivatives assets are the external positions of residents in derivative contracts with nonresidents that have a positive market value. They represent financial claims arising from instruments such as forwards, futures, options and swaps. The definition may vary by country.",INDEC - Argentina,2026-07-16,ba6d0f73bd9f73a5,GGREVVATTCN,VAT,AUTO_CANDIDATE,HIGH,IDB_LMW_RULE_CANDIDATE,vat,TRANSFORMED_NONLEVEL,UNSPECIFIED,-280,75,-196,False
Financial Derivatives Assets,"millions of USD, end of period",YoY %,Annual,04_External Accounts,05_International Investment Position,99,9,2010,2025,"Financial derivatives assets are the external positions of residents in derivative contracts with nonresidents that have a positive market value. They represent financial claims arising from instruments such as forwards, futures, options and swaps. The definition may vary by country.",INDEC - Argentina,2026-07-16,7d532689cb0af0a6,GGREVVATTCN,VAT,AUTO_CANDIDATE,HIGH,IDB_LMW_RULE_CANDIDATE,vat,TRANSFORMED_NONLEVEL,UNSPECIFIED,-280,75,-196,False
Private Consumption,millions of domestic currency,YoY %,Annual,01_Economic Activity and Employment,01_National Accounts,475,18,1991,2025,"Private consumption is the value of final goods and services purchased by households and non-profit institutions serving households, measured within a country’s borders during a given period.",INDEC - Argentina,2026-07-16,7c60102f4b5b1feb,GGREVVATTCN,VAT,AUTO_CANDIDATE,HIGH,IDB_LMW_RULE_CANDIDATE,vat,TRANSFORMED_NONLEVEL,UNSPECIFIED,-300,75,-207,False
Private Consumption,PPP adjusted,YoY %,Annual,01_Economic Activity and Employment,01_National Accounts,463,18,1991,2024,"Private consumption is the value of final goods and services purchased by households and non-profit institutions serving households, measured within a country’s borders during a given period.",INDEC - Argentina,2026-07-16,857d0a90d6510da5,GGREVVATTCN,VAT,AUTO_CANDIDATE,HIGH,IDB_LMW_RULE_CANDIDATE,vat,TRANSFORMED_NONLEVEL,UNSPECIFIED,-300,75,-207,False
Private Consumption,constant prices – national accounts deflator,YoY %,Annual,01_Economic Activity and Employment,01_National Accounts,434,17,1991,2025,"Private consumption is the value of final goods and services purchased by households and non-profit institutions serving households, measured within a country’s borders during a given period.",INDEC - Argentina,2026-07-16,1151e297a9b138dc,GGREVVATTCN,VAT,AUTO_CANDIDATE,HIGH,IDB_LMW_RULE_CANDIDATE,vat,TRANSFORMED_NONLEVEL,UNSPECIFIED,-550,75,-458,False
